--2026-09-16 09:07:46--  https://www.tunnelpoemer.com/2017/04/ef64-1001.html
www.tunnelpoemer.com (www.tunnelpoemer.com) をDNSに問いあわせています... 2404:6800:400b:c005::79, 142.250.21.121
www.tunnelpoemer.com (www.tunnelpoemer.com)|2404:6800:400b:c005::79|:443 に接続しています... 接続しました。
HTTP による接続要求を送信しました、応答を待っています... 200 OK
長さ: 特定できません [text/html]
‘www.tunnelpoemer.com/2017/04/ef64-1001.html’ に保存中

     0K .......... .......... .......... .......... .......... 1.43M
    50K ...                                                    13.4M=0.03s

2026-09-16 09:07:57 (1.51 MB/s) - ‘www.tunnelpoemer.com/2017/04/ef64-1001.html’ へ保存終了 [54527]

--2026-09-16 09:07:58--  https://www.tunnelpoemer.com/favicon.ico
[www.tunnelpoemer.com]:443 への接続を再利用します。
HTTP による接続要求を送信しました、応答を待っています... 200 OK
長さ: 特定できません [image/x-icon]
‘www.tunnelpoemer.com/favicon.ico’ に保存中

     0K ...                                                    17.3M=0s

2026-09-16 09:07:59 (17.3 MB/s) - ‘www.tunnelpoemer.com/favicon.ico’ へ保存終了 [3638]

--2026-09-16 09:08:00--  https://resources.blogblog.com/blogblog/data/1kt/transparent/black50.png
resources.blogblog.com (resources.blogblog.com) をDNSに問いあわせています... 2404:6800:400b:c006::bf, 142.250.23.191
resources.blogblog.com (resources.blogblog.com)|2404:6800:400b:c006::bf|:443 に接続しています... 接続しました。
HTTP による接続要求を送信しました、応答を待っています... 200 OK
長さ: 96 [image/png]
‘resources.blogblog.com/blogblog/data/1kt/transparent/black50.png’ に保存中

     0K                                                       100% 94.1M=0s

2026-09-16 09:08:00 (94.1 MB/s) - ‘resources.blogblog.com/blogblog/data/1kt/transparent/black50.png’ へ保存完了 [96/96]

--2026-09-16 09:08:01--  https://resources.blogblog.com/blogblog/data/1kt/transparent/white80.png
[resources.blogblog.com]:443 への接続を再利用します。
HTTP による接続要求を送信しました、応答を待っています... 200 OK
長さ: 96 [image/png]
‘resources.blogblog.com/blogblog/data/1kt/transparent/white80.png’ に保存中

     0K                                                       100%  153M=0s

2026-09-16 09:08:01 (153 MB/s) - ‘resources.blogblog.com/blogblog/data/1kt/transparent/white80.png’ へ保存完了 [96/96]

--2026-09-16 09:08:02--  https://blogger.googleusercontent.com/img/b/R29vZ2xl/AVvXsEjCDsgnf1LE3oYEq2FtZTfJTAcF9I7xmDi6uQpuVU6oX9fAF4L9Q4FK39u4fWKsZBfilKY4AHIUyB8rO7HYfMVfnsck6r5VRRHl374ATOAR0XbtnL1w9ndOIfWH7eSoqzau5Jips3cIYNw/s320/46B6DAB5-DEDA-4219-B667-CE309F2A3FAB.jpeg
blogger.googleusercontent.com (blogger.googleusercontent.com) をDNSに問いあわせています... 2404:6800:400b:c005::84, 142.251.23.132
blogger.googleusercontent.com (blogger.googleusercontent.com)|2404:6800:400b:c005::84|:443 に接続しています... 接続しました。
HTTP による接続要求を送信しました、応答を待っています... 200 OK
長さ: 36110 (35K) [image/jpeg]
‘blogger.googleusercontent.com/img/b/R29vZ2xl/AVvXsEjCDsgnf1LE3oYEq2FtZTfJTAcF9I7xmDi6uQpuVU6oX9fAF4L9Q4FK39u4fWKsZBfilKY4AHIUyB8rO7HYfMVfnsck6r5VRRHl374ATOAR0XbtnL1w9ndOIfWH7eSoqzau5Jips3cIYNw/s320/46B6DAB5-DEDA-4219-B667-CE309F2A3FAB.jpeg’ に保存中

     0K .......... .......... .......... .....                100% 3.62M=0.01s

2026-09-16 09:08:03 (3.62 MB/s) - ‘blogger.googleusercontent.com/img/b/R29vZ2xl/AVvXsEjCDsgnf1LE3oYEq2FtZTfJTAcF9I7xmDi6uQpuVU6oX9fAF4L9Q4FK39u4fWKsZBfilKY4AHIUyB8rO7HYfMVfnsck6r5VRRHl374ATOAR0XbtnL1w9ndOIfWH7eSoqzau5Jips3cIYNw/s320/46B6DAB5-DEDA-4219-B667-CE309F2A3FAB.jpeg’ へ保存完了 [36110/36110]

--2026-09-16 09:08:04--  https://resources.blogblog.com/img/icon18_edit_allbkg.gif
resources.blogblog.com (resources.blogblog.com)|2404:6800:400b:c006::bf|:443 に接続しています... 接続しました。
HTTP による接続要求を送信しました、応答を待っています... 200 OK
長さ: 162 [image/gif]
‘resources.blogblog.com/img/icon18_edit_allbkg.gif’ に保存中

     0K                                                       100%  162M=0s

2026-09-16 09:08:04 (162 MB/s) - ‘resources.blogblog.com/img/icon18_edit_allbkg.gif’ へ保存完了 [162/162]

--2026-09-16 09:08:05--  https://blogger.googleusercontent.com/img/b/R29vZ2xl/AVvXsEiNIbcl5mQgA5U7O1HKITthe6Jf44Fv8o_N6FXYF4TTdySrVuN44tnqBcAb3DlHYh8mWc_Ljvu8ke_j_qGl2E27EFffREZErn20I3anSo6J-iVL0FYM-UZ4VYHlH4Nnc5gN25jvqDvFjT8/w72-h72-p-k-no-nu/92860E29-8065-4921-89F4-03E0D5F7BDD3.jpeg
blogger.googleusercontent.com (blogger.googleusercontent.com)|2404:6800:400b:c005::84|:443 に接続しています... 接続しました。
HTTP による接続要求を送信しました、応答を待っています... 200 OK
長さ: 2886 (2.8K) [image/jpeg]
‘blogger.googleusercontent.com/img/b/R29vZ2xl/AVvXsEiNIbcl5mQgA5U7O1HKITthe6Jf44Fv8o_N6FXYF4TTdySrVuN44tnqBcAb3DlHYh8mWc_Ljvu8ke_j_qGl2E27EFffREZErn20I3anSo6J-iVL0FYM-UZ4VYHlH4Nnc5gN25jvqDvFjT8/w72-h72-p-k-no-nu/92860E29-8065-4921-89F4-03E0D5F7BDD3.jpeg’ に保存中

     0K ..                                                    100% 17.8M=0s

2026-09-16 09:08:07 (17.8 MB/s) - ‘blogger.googleusercontent.com/img/b/R29vZ2xl/AVvXsEiNIbcl5mQgA5U7O1HKITthe6Jf44Fv8o_N6FXYF4TTdySrVuN44tnqBcAb3DlHYh8mWc_Ljvu8ke_j_qGl2E27EFffREZErn20I3anSo6J-iVL0FYM-UZ4VYHlH4Nnc5gN25jvqDvFjT8/w72-h72-p-k-no-nu/92860E29-8065-4921-89F4-03E0D5F7BDD3.jpeg’ へ保存完了 [2886/2886]

--2026-09-16 09:08:08--  https://blogger.googleusercontent.com/img/b/R29vZ2xl/AVvXsEjka3qv4OiL6vgS25M6Tw36_vLH6gP47m4r1r244aDo75PQhU7YwshV4WY7WV2YrTWXDcnemMnP4DhenLIi2RUVE5vuQPEdaF5UriIMqQbRpp_6IYvXTOyk7ZioAwdT2WV6M-qLB_Hs8-GOHz_7fdlvYVALJa3AaS2fmMaRRNSIuVUKHy8yxj71mwya/w72-h72-p-k-no-nu/9B1A8DDC-3BB1-4B51-B670-AE0C7FC9F647.jpeg
[blogger.googleusercontent.com]:443 への接続を再利用します。
HTTP による接続要求を送信しました、応答を待っています... 200 OK
長さ: 4212 (4.1K) [image/jpeg]
‘blogger.googleusercontent.com/img/b/R29vZ2xl/AVvXsEjka3qv4OiL6vgS25M6Tw36_vLH6gP47m4r1r244aDo75PQhU7YwshV4WY7WV2YrTWXDcnemMnP4DhenLIi2RUVE5vuQPEdaF5UriIMqQbRpp_6IYvXTOyk7ZioAwdT2WV6M-qLB_Hs8-GOHz_7fdlvYVALJa3AaS2fmMaRRNSIuVUKHy8yxj71mwya/w72-h72-p-k-no-nu/9B1A8DDC-3BB1-4B51-B670-AE0C7FC9F647.jpeg’ に保存中

     0K ....                                                  100% 3.96M=0.001s

2026-09-16 09:08:09 (3.96 MB/s) - ‘blogger.googleusercontent.com/img/b/R29vZ2xl/AVvXsEjka3qv4OiL6vgS25M6Tw36_vLH6gP47m4r1r244aDo75PQhU7YwshV4WY7WV2YrTWXDcnemMnP4DhenLIi2RUVE5vuQPEdaF5UriIMqQbRpp_6IYvXTOyk7ZioAwdT2WV6M-qLB_Hs8-GOHz_7fdlvYVALJa3AaS2fmMaRRNSIuVUKHy8yxj71mwya/w72-h72-p-k-no-nu/9B1A8DDC-3BB1-4B51-B670-AE0C7FC9F647.jpeg’ へ保存完了 [4212/4212]

--2026-09-16 09:08:10--  https://blogger.googleusercontent.com/img/b/R29vZ2xl/AVvXsEjEqjGWqXwXw764vyiW6tydXaPfrdJu2RA0IBQXmNGO0Gi84S4_K_XZR0KQRVikaxhrzIpQU3DNDhITX6iAFnl70U9UntED20YOmY2IkZEMaOPsLqW4N31vm0PDSLIWpz_T9jhHFe0je_1PoqOc4upvlBJv4Kkzh6RURWwB7P8d66TtVyUkTRZOvEQy/w72-h72-p-k-no-nu/BBE67E37-46C6-4032-8C77-E29A762E7D3E.jpeg
[blogger.googleusercontent.com]:443 への接続を再利用します。
HTTP による接続要求を送信しました、応答を待っています... 200 OK
長さ: 3912 (3.8K) [image/jpeg]
‘blogger.googleusercontent.com/img/b/R29vZ2xl/AVvXsEjEqjGWqXwXw764vyiW6tydXaPfrdJu2RA0IBQXmNGO0Gi84S4_K_XZR0KQRVikaxhrzIpQU3DNDhITX6iAFnl70U9UntED20YOmY2IkZEMaOPsLqW4N31vm0PDSLIWpz_T9jhHFe0je_1PoqOc4upvlBJv4Kkzh6RURWwB7P8d66TtVyUkTRZOvEQy/w72-h72-p-k-no-nu/BBE67E37-46C6-4032-8C77-E29A762E7D3E.jpeg’ に保存中

     0K ...                                                   100% 16.3M=0s

2026-09-16 09:08:12 (16.3 MB/s) - ‘blogger.googleusercontent.com/img/b/R29vZ2xl/AVvXsEjEqjGWqXwXw764vyiW6tydXaPfrdJu2RA0IBQXmNGO0Gi84S4_K_XZR0KQRVikaxhrzIpQU3DNDhITX6iAFnl70U9UntED20YOmY2IkZEMaOPsLqW4N31vm0PDSLIWpz_T9jhHFe0je_1PoqOc4upvlBJv4Kkzh6RURWwB7P8d66TtVyUkTRZOvEQy/w72-h72-p-k-no-nu/BBE67E37-46C6-4032-8C77-E29A762E7D3E.jpeg’ へ保存完了 [3912/3912]

--2026-09-16 09:08:13--  https://www.tunnelpoemer.com/2017/04/ii.html
www.tunnelpoemer.com (www.tunnelpoemer.com)|2404:6800:400b:c005::79|:443 に接続しています... 接続しました。
HTTP による接続要求を送信しました、応答を待っています... 200 OK
長さ: 特定できません [text/html]
‘www.tunnelpoemer.com/2017/04/ii.html’ に保存中

     0K .......... .......... .......... .......... .......... 2.97M
    50K ...                                                    1.58M=0.02s

2026-09-16 09:08:13 (2.82 MB/s) - ‘www.tunnelpoemer.com/2017/04/ii.html’ へ保存終了 [54676]

--2026-09-16 09:08:14--  https://blogger.googleusercontent.com/img/b/R29vZ2xl/AVvXsEjffjcpU0kOU5SYLKZ6poYky5cjOA3B6_pQHiLZSNKwF5pCkoXd5RKRJ556OSpeK94fasB62i3h-uRQwwccRmiXE_ylRTP-7TCnFOSlB0Z617GKJKT4IQkfMMaQbSpk1RbUkEzDh0yHEg8/s320/C9D15B81-3FEE-4658-A3B7-152A0AA7BDE3.jpeg
blogger.googleusercontent.com (blogger.googleusercontent.com)|2404:6800:400b:c005::84|:443 に接続しています... 接続しました。
HTTP による接続要求を送信しました、応答を待っています... 200 OK
長さ: 21337 (21K) [image/jpeg]
‘blogger.googleusercontent.com/img/b/R29vZ2xl/AVvXsEjffjcpU0kOU5SYLKZ6poYky5cjOA3B6_pQHiLZSNKwF5pCkoXd5RKRJ556OSpeK94fasB62i3h-uRQwwccRmiXE_ylRTP-7TCnFOSlB0Z617GKJKT4IQkfMMaQbSpk1RbUkEzDh0yHEg8/s320/C9D15B81-3FEE-4658-A3B7-152A0AA7BDE3.jpeg’ に保存中

     0K .......... ..........                                 100% 2.51M=0.008s

2026-09-16 09:08:16 (2.51 MB/s) - ‘blogger.googleusercontent.com/img/b/R29vZ2xl/AVvXsEjffjcpU0kOU5SYLKZ6poYky5cjOA3B6_pQHiLZSNKwF5pCkoXd5RKRJ556OSpeK94fasB62i3h-uRQwwccRmiXE_ylRTP-7TCnFOSlB0Z617GKJKT4IQkfMMaQbSpk1RbUkEzDh0yHEg8/s320/C9D15B81-3FEE-4658-A3B7-152A0AA7BDE3.jpeg’ へ保存完了 [21337/21337]

--2026-09-16 09:08:17--  https://www.tunnelpoemer.com/2017/05/blog-post_14.html
www.tunnelpoemer.com (www.tunnelpoemer.com)|2404:6800:400b:c005::79|:443 に接続しています... 接続しました。
HTTP による接続要求を送信しました、応答を待っています... 200 OK
長さ: 特定できません [text/html]
‘www.tunnelpoemer.com/2017/05/blog-post_14.html’ に保存中

     0K .......... .......... .......... .......... ..........  119K
    50K ...                                                    18.8M=0.4s

2026-09-16 09:08:18 (126 KB/s) - ‘www.tunnelpoemer.com/2017/05/blog-post_14.html’ へ保存終了 [54329]

--2026-09-16 09:08:19--  https://blogger.googleusercontent.com/img/b/R29vZ2xl/AVvXsEgufQHsJ0zsM8NANu1VO7uAoazVXRruOd4vE9AySCx9jpOxCbQMzywHzHB7d_UO6yEfHcGiHfK7NOKfS20k3iWogBh-NGhP78Wkc5eEOmtvm2GwLJkpvlCYIbFcQKqvo-gJ7YSxRx63S7w/s320/97EB53B9-C285-4B49-95F7-2074F32337A1.jpeg
blogger.googleusercontent.com (blogger.googleusercontent.com)|2404:6800:400b:c005::84|:443 に接続しています... 接続しました。
HTTP による接続要求を送信しました、応答を待っています... 200 OK
長さ: 28739 (28K) [image/jpeg]
‘blogger.googleusercontent.com/img/b/R29vZ2xl/AVvXsEgufQHsJ0zsM8NANu1VO7uAoazVXRruOd4vE9AySCx9jpOxCbQMzywHzHB7d_UO6yEfHcGiHfK7NOKfS20k3iWogBh-NGhP78Wkc5eEOmtvm2GwLJkpvlCYIbFcQKqvo-gJ7YSxRx63S7w/s320/97EB53B9-C285-4B49-95F7-2074F32337A1.jpeg’ に保存中

     0K .......... .......... ........                        100% 2.19M=0.01s

2026-09-16 09:08:21 (2.19 MB/s) - ‘blogger.googleusercontent.com/img/b/R29vZ2xl/AVvXsEgufQHsJ0zsM8NANu1VO7uAoazVXRruOd4vE9AySCx9jpOxCbQMzywHzHB7d_UO6yEfHcGiHfK7NOKfS20k3iWogBh-NGhP78Wkc5eEOmtvm2GwLJkpvlCYIbFcQKqvo-gJ7YSxRx63S7w/s320/97EB53B9-C285-4B49-95F7-2074F32337A1.jpeg’ へ保存完了 [28739/28739]

--2026-09-16 09:08:22--  https://www.tunnelpoemer.com/2017/06/blog-post_11.html
www.tunnelpoemer.com (www.tunnelpoemer.com)|2404:6800:400b:c005::79|:443 に接続しています... 接続しました。
HTTP による接続要求を送信しました、応答を待っています... 200 OK
長さ: 特定できません [text/html]
‘www.tunnelpoemer.com/2017/06/blog-post_11.html’ に保存中

     0K .......... .......... .......... .......... .......... 2.07M
    50K ...                                                    6.86M=0.02s

2026-09-16 09:08:23 (2.17 MB/s) - ‘www.tunnelpoemer.com/2017/06/blog-post_11.html’ へ保存終了 [54930]

--2026-09-16 09:08:25--  https://blogger.googleusercontent.com/img/b/R29vZ2xl/AVvXsEgcYClvxIizGwJXkDDClklK86UyKzrwihb1fS52hoSsoaO2i5GK0qkk_g8w_ob2inzhfeFljgPpSTO5YYBuohww0H-G4NrdytVSEDYZqUZbhaNbEtI5i72Uw55l8aMKdsRKcMelxSVJ-WQ/s320/IMG_2803.JPG
blogger.googleusercontent.com (blogger.googleusercontent.com)|2404:6800:400b:c005::84|:443 に接続しています... 接続しました。
HTTP による接続要求を送信しました、応答を待っています... 200 OK
長さ: 33855 (33K) [image/jpeg]
‘blogger.googleusercontent.com/img/b/R29vZ2xl/AVvXsEgcYClvxIizGwJXkDDClklK86UyKzrwihb1fS52hoSsoaO2i5GK0qkk_g8w_ob2inzhfeFljgPpSTO5YYBuohww0H-G4NrdytVSEDYZqUZbhaNbEtI5i72Uw55l8aMKdsRKcMelxSVJ-WQ/s320/IMG_2803.JPG’ に保存中

     0K .......... .......... .......... ...                  100% 3.31M=0.01s

2026-09-16 09:08:26 (3.31 MB/s) - ‘blogger.googleusercontent.com/img/b/R29vZ2xl/AVvXsEgcYClvxIizGwJXkDDClklK86UyKzrwihb1fS52hoSsoaO2i5GK0qkk_g8w_ob2inzhfeFljgPpSTO5YYBuohww0H-G4NrdytVSEDYZqUZbhaNbEtI5i72Uw55l8aMKdsRKcMelxSVJ-WQ/s320/IMG_2803.JPG’ へ保存完了 [33855/33855]

--2026-09-16 09:08:27--  https://www.tunnelpoemer.com/2017/06/blog-post_17.html
www.tunnelpoemer.com (www.tunnelpoemer.com)|2404:6800:400b:c005::79|:443 に接続しています... 接続しました。
HTTP による接続要求を送信しました、応答を待っています... 200 OK
長さ: 特定できません [text/html]
‘www.tunnelpoemer.com/2017/06/blog-post_17.html’ に保存中

     0K .......... .......... .......... .......... ..........  897K
    50K ....                                                   20.0M=0.06s

2026-09-16 09:08:28 (968 KB/s) - ‘www.tunnelpoemer.com/2017/06/blog-post_17.html’ へ保存終了 [55449]

--2026-09-16 09:08:29--  https://blogger.googleusercontent.com/img/b/R29vZ2xl/AVvXsEgoUYIJy8v0yZh66nnCn70Wha1AG3LNK6YIpxt3m2ZISdZ54tboE7hYvV03PCGoh_h2b36L_eRbfDXrqdFUZkSOw5kksd2f5o7lLAqvURYwaxWYWeTBOo3Gg48LYH8Y7pK72lChwjaq0L8/s320/IMG_2888.JPG
blogger.googleusercontent.com (blogger.googleusercontent.com)|2404:6800:400b:c005::84|:443 に接続しています... 接続しました。
HTTP による接続要求を送信しました、応答を待っています... 200 OK
長さ: 21553 (21K) [image/jpeg]
‘blogger.googleusercontent.com/img/b/R29vZ2xl/AVvXsEgoUYIJy8v0yZh66nnCn70Wha1AG3LNK6YIpxt3m2ZISdZ54tboE7hYvV03PCGoh_h2b36L_eRbfDXrqdFUZkSOw5kksd2f5o7lLAqvURYwaxWYWeTBOo3Gg48LYH8Y7pK72lChwjaq0L8/s320/IMG_2888.JPG’ に保存中

     0K .......... .......... .                               100% 14.9M=0.001s

2026-09-16 09:08:31 (14.9 MB/s) - ‘blogger.googleusercontent.com/img/b/R29vZ2xl/AVvXsEgoUYIJy8v0yZh66nnCn70Wha1AG3LNK6YIpxt3m2ZISdZ54tboE7hYvV03PCGoh_h2b36L_eRbfDXrqdFUZkSOw5kksd2f5o7lLAqvURYwaxWYWeTBOo3Gg48LYH8Y7pK72lChwjaq0L8/s320/IMG_2888.JPG’ へ保存完了 [21553/21553]

--2026-09-16 09:08:32--  https://www.tunnelpoemer.com/2017/06/blog-post_18.html
www.tunnelpoemer.com (www.tunnelpoemer.com)|2404:6800:400b:c005::79|:443 に接続しています... 接続しました。
HTTP による接続要求を送信しました、応答を待っています... 200 OK
長さ: 特定できません [text/html]
‘www.tunnelpoemer.com/2017/06/blog-post_18.html’ に保存中

     0K .......... .......... .......... .......... .......... 1.46M
    50K ...                                                    14.9M=0.03s

2026-09-16 09:08:32 (1.56 MB/s) - ‘www.tunnelpoemer.com/2017/06/blog-post_18.html’ へ保存終了 [55037]

--2026-09-16 09:08:33--  https://blogger.googleusercontent.com/img/b/R29vZ2xl/AVvXsEjhU02ZxENk_oQ0-NTy1YIN1dMQHXHIHxxMO0ZB2PouUBo-sFFjLgEY5aVsVa0ZLjHwP2GWJWNPGBxQSsQdJp3wbT6EvkRn0VqafodT-MdKfABkGejcHyUqCHSF0olIdcT8freRnQyVr0M/s320/IMG_2629.JPG
blogger.googleusercontent.com (blogger.googleusercontent.com)|2404:6800:400b:c005::84|:443 に接続しています... 接続しました。
HTTP による接続要求を送信しました、応答を待っています... 200 OK
長さ: 14347 (14K) [image/jpeg]
‘blogger.googleusercontent.com/img/b/R29vZ2xl/AVvXsEjhU02ZxENk_oQ0-NTy1YIN1dMQHXHIHxxMO0ZB2PouUBo-sFFjLgEY5aVsVa0ZLjHwP2GWJWNPGBxQSsQdJp3wbT6EvkRn0VqafodT-MdKfABkGejcHyUqCHSF0olIdcT8freRnQyVr0M/s320/IMG_2629.JPG’ に保存中

     0K .......... ....                                       100% 4.61M=0.003s

2026-09-16 09:08:37 (4.61 MB/s) - ‘blogger.googleusercontent.com/img/b/R29vZ2xl/AVvXsEjhU02ZxENk_oQ0-NTy1YIN1dMQHXHIHxxMO0ZB2PouUBo-sFFjLgEY5aVsVa0ZLjHwP2GWJWNPGBxQSsQdJp3wbT6EvkRn0VqafodT-MdKfABkGejcHyUqCHSF0olIdcT8freRnQyVr0M/s320/IMG_2629.JPG’ へ保存完了 [14347/14347]

--2026-09-16 09:08:38--  https://www.tunnelpoemer.com/2017/06/blog-post_9.html
www.tunnelpoemer.com (www.tunnelpoemer.com)|2404:6800:400b:c005::79|:443 に接続しています... 接続しました。
HTTP による接続要求を送信しました、応答を待っています... 200 OK
長さ: 特定できません [text/html]
‘www.tunnelpoemer.com/2017/06/blog-post_9.html’ に保存中

     0K .......... .......... .......... .......... .......... 1.92M
    50K ...                                                    6.60M=0.03s

2026-09-16 09:08:38 (2.02 MB/s) - ‘www.tunnelpoemer.com/2017/06/blog-post_9.html’ へ保存終了 [54985]

--2026-09-16 09:08:39--  https://blogger.googleusercontent.com/img/b/R29vZ2xl/AVvXsEgevVOOb0k3JdK7IlhiZnx5KQxXWs9Y-MuVILGjN8PFkzCm3dWAOLw6RbMumdy_DBEZcSnLI6iGB-QD9tNukJdhBXM9v6r2FWpshadYKbfPs2PwvtzWuh_A9EjM4zCSneJihyK9-R69Q7U/s320/IMG_2726.JPG
blogger.googleusercontent.com (blogger.googleusercontent.com)|2404:6800:400b:c005::84|:443 に接続しています... 接続しました。
HTTP による接続要求を送信しました、応答を待っています... 200 OK
長さ: 19058 (19K) [image/jpeg]
‘blogger.googleusercontent.com/img/b/R29vZ2xl/AVvXsEgevVOOb0k3JdK7IlhiZnx5KQxXWs9Y-MuVILGjN8PFkzCm3dWAOLw6RbMumdy_DBEZcSnLI6iGB-QD9tNukJdhBXM9v6r2FWpshadYKbfPs2PwvtzWuh_A9EjM4zCSneJihyK9-R69Q7U/s320/IMG_2726.JPG’ に保存中

     0K .......... ........                                   100% 2.10M=0.009s

2026-09-16 09:08:42 (2.10 MB/s) - ‘blogger.googleusercontent.com/img/b/R29vZ2xl/AVvXsEgevVOOb0k3JdK7IlhiZnx5KQxXWs9Y-MuVILGjN8PFkzCm3dWAOLw6RbMumdy_DBEZcSnLI6iGB-QD9tNukJdhBXM9v6r2FWpshadYKbfPs2PwvtzWuh_A9EjM4zCSneJihyK9-R69Q7U/s320/IMG_2726.JPG’ へ保存完了 [19058/19058]

--2026-09-16 09:08:43--  https://www.tunnelpoemer.com/2017/06/blog-post.html
www.tunnelpoemer.com (www.tunnelpoemer.com)|2404:6800:400b:c005::79|:443 に接続しています... 接続しました。
HTTP による接続要求を送信しました、応答を待っています... 200 OK
長さ: 特定できません [text/html]
‘www.tunnelpoemer.com/2017/06/blog-post.html’ に保存中

     0K .......... .......... .......... .......... .......... 3.01M
    50K ...                                                    15.6M=0.02s

2026-09-16 09:08:45 (3.19 MB/s) - ‘www.tunnelpoemer.com/2017/06/blog-post.html’ へ保存終了 [55065]

--2026-09-16 09:08:46--  https://blogger.googleusercontent.com/img/b/R29vZ2xl/AVvXsEgngo6P57DsN9Vls3OMFt43mt2bVeranK9IvuM09MZJLJiBQmfGD9AJ8krdt_6j1nbHodqjcDpQadJc7GvFcpuXeRy0S42StJ4sl3h4RTnaxR2LGKFt_jDwnlFlIA31HbE1RwwLFRGEvOo/s320/IMG_2401.JPG
blogger.googleusercontent.com (blogger.googleusercontent.com)|2404:6800:400b:c005::84|:443 に接続しています... 接続しました。
HTTP による接続要求を送信しました、応答を待っています... 200 OK
長さ: 31644 (31K) [image/jpeg]
‘blogger.googleusercontent.com/img/b/R29vZ2xl/AVvXsEgngo6P57DsN9Vls3OMFt43mt2bVeranK9IvuM09MZJLJiBQmfGD9AJ8krdt_6j1nbHodqjcDpQadJc7GvFcpuXeRy0S42StJ4sl3h4RTnaxR2LGKFt_jDwnlFlIA31HbE1RwwLFRGEvOo/s320/IMG_2401.JPG’ に保存中

     0K .......... .......... ..........                      100% 1.64M=0.02s

2026-09-16 09:08:47 (1.64 MB/s) - ‘blogger.googleusercontent.com/img/b/R29vZ2xl/AVvXsEgngo6P57DsN9Vls3OMFt43mt2bVeranK9IvuM09MZJLJiBQmfGD9AJ8krdt_6j1nbHodqjcDpQadJc7GvFcpuXeRy0S42StJ4sl3h4RTnaxR2LGKFt_jDwnlFlIA31HbE1RwwLFRGEvOo/s320/IMG_2401.JPG’ へ保存完了 [31644/31644]

--2026-09-16 09:08:48--  https://www.tunnelpoemer.com/2017/06/n15.html
www.tunnelpoemer.com (www.tunnelpoemer.com)|2404:6800:400b:c005::79|:443 に接続しています... 接続しました。
HTTP による接続要求を送信しました、応答を待っています... 200 OK
長さ: 特定できません [text/html]
‘www.tunnelpoemer.com/2017/06/n15.html’ に保存中

     0K .......... .......... .......... .......... .......... 2.62M
    50K ...                                                    1.86M=0.02s

2026-09-16 09:08:50 (2.55 MB/s) - ‘www.tunnelpoemer.com/2017/06/n15.html’ へ保存終了 [54973]

--2026-09-16 09:08:51--  https://blogger.googleusercontent.com/img/b/R29vZ2xl/AVvXsEjrtvzW_l0-h4z183xbOF-SksIu0hqTf9JnAEy6fFvxLXyNvqKZOZ3isdvaJzjEFRyYloM2BIaFRYR2yjatoGvnyfDxvtMSw-pHTNzOtM6vMOQTkYwBnGZvW_qF6ksR9eF0EAdzpO3-GS4/s320/IMG_3152.JPG
blogger.googleusercontent.com (blogger.googleusercontent.com)|2404:6800:400b:c005::84|:443 に接続しています... 接続しました。
HTTP による接続要求を送信しました、応答を待っています... 200 OK
長さ: 18556 (18K) [image/jpeg]
‘blogger.googleusercontent.com/img/b/R29vZ2xl/AVvXsEjrtvzW_l0-h4z183xbOF-SksIu0hqTf9JnAEy6fFvxLXyNvqKZOZ3isdvaJzjEFRyYloM2BIaFRYR2yjatoGvnyfDxvtMSw-pHTNzOtM6vMOQTkYwBnGZvW_qF6ksR9eF0EAdzpO3-GS4/s320/IMG_3152.JPG’ に保存中

     0K .......... ........                                   100% 10.1M=0.002s

2026-09-16 09:08:52 (10.1 MB/s) - ‘blogger.googleusercontent.com/img/b/R29vZ2xl/AVvXsEjrtvzW_l0-h4z183xbOF-SksIu0hqTf9JnAEy6fFvxLXyNvqKZOZ3isdvaJzjEFRyYloM2BIaFRYR2yjatoGvnyfDxvtMSw-pHTNzOtM6vMOQTkYwBnGZvW_qF6ksR9eF0EAdzpO3-GS4/s320/IMG_3152.JPG’ へ保存完了 [18556/18556]

--2026-09-16 09:08:53--  https://www.tunnelpoemer.com/2017/07/209.html
www.tunnelpoemer.com (www.tunnelpoemer.com)|2404:6800:400b:c005::79|:443 に接続しています... 接続しました。
HTTP による接続要求を送信しました、応答を待っています... 200 OK
長さ: 特定できません [text/html]
‘www.tunnelpoemer.com/2017/07/209.html’ に保存中

     0K .......... .......... .......... .......... .......... 2.78M
    50K ...                                                    3.26M=0.02s

2026-09-16 09:08:54 (2.81 MB/s) - ‘www.tunnelpoemer.com/2017/07/209.html’ へ保存終了 [54401]

--2026-09-16 09:08:55--  https://blogger.googleusercontent.com/img/b/R29vZ2xl/AVvXsEgV6iyGQ2cBmBhTGZjPPLeVBCm0V1RqdRq640QNiyvT1WYtYplJt3nND0u4CZaSay0PaWd5ipm1DN0BSIf5mMxRsr9AExwnI5q2b5gg55u1In_dGhBZO3HgJNIAEM8LDZ1-kj17Q9rAgrg/s320/IMG_2952.JPG
blogger.googleusercontent.com (blogger.googleusercontent.com)|2404:6800:400b:c005::84|:443 に接続しています... 接続しました。
HTTP による接続要求を送信しました、応答を待っています... 200 OK
長さ: 18122 (18K) [image/jpeg]
‘blogger.googleusercontent.com/img/b/R29vZ2xl/AVvXsEgV6iyGQ2cBmBhTGZjPPLeVBCm0V1RqdRq640QNiyvT1WYtYplJt3nND0u4CZaSay0PaWd5ipm1DN0BSIf5mMxRsr9AExwnI5q2b5gg55u1In_dGhBZO3HgJNIAEM8LDZ1-kj17Q9rAgrg/s320/IMG_2952.JPG’ に保存中

     0K .......... .......                                    100% 13.6M=0.001s

2026-09-16 09:08:56 (13.6 MB/s) - ‘blogger.googleusercontent.com/img/b/R29vZ2xl/AVvXsEgV6iyGQ2cBmBhTGZjPPLeVBCm0V1RqdRq640QNiyvT1WYtYplJt3nND0u4CZaSay0PaWd5ipm1DN0BSIf5mMxRsr9AExwnI5q2b5gg55u1In_dGhBZO3HgJNIAEM8LDZ1-kj17Q9rAgrg/s320/IMG_2952.JPG’ へ保存完了 [18122/18122]

--2026-09-16 09:08:57--  https://www.tunnelpoemer.com/2017/07/blog-post_15.html
www.tunnelpoemer.com (www.tunnelpoemer.com)|2404:6800:400b:c005::79|:443 に接続しています... 接続しました。
HTTP による接続要求を送信しました、応答を待っています... 200 OK
長さ: 特定できません [text/html]
‘www.tunnelpoemer.com/2017/07/blog-post_15.html’ に保存中

     0K .......... .......... .......... .......... ..........  989K
    50K ...                                                    1.92M=0.05s

2026-09-16 09:08:58 (1.00 MB/s) - ‘www.tunnelpoemer.com/2017/07/blog-post_15.html’ へ保存終了 [55067]

--2026-09-16 09:08:59--  https://blogger.googleusercontent.com/img/b/R29vZ2xl/AVvXsEi0rCzAnjImz_hZ3m4h20ysTXum9V8qyX-fjtouozldAAJ47I7o6RPR1Y_7UTE3jTdQb5uNToFU5OVIBBuLLWbGMskTqr6SdscxM2TUnGtaivofQvLEM7EuQtlq3xkcO2Dy5oD_R2kcx9Y/s320/AEBF0717-DF9D-4074-8904-85389E0F498D.jpeg
blogger.googleusercontent.com (blogger.googleusercontent.com)|2404:6800:400b:c005::84|:443 に接続しています... 接続しました。
HTTP による接続要求を送信しました、応答を待っています... 200 OK
長さ: 21666 (21K) [image/jpeg]
‘blogger.googleusercontent.com/img/b/R29vZ2xl/AVvXsEi0rCzAnjImz_hZ3m4h20ysTXum9V8qyX-fjtouozldAAJ47I7o6RPR1Y_7UTE3jTdQb5uNToFU5OVIBBuLLWbGMskTqr6SdscxM2TUnGtaivofQvLEM7EuQtlq3xkcO2Dy5oD_R2kcx9Y/s320/AEBF0717-DF9D-4074-8904-85389E0F498D.jpeg’ に保存中

     0K .......... .......... .                               100% 6.04M=0.003s

2026-09-16 09:09:01 (6.04 MB/s) - ‘blogger.googleusercontent.com/img/b/R29vZ2xl/AVvXsEi0rCzAnjImz_hZ3m4h20ysTXum9V8qyX-fjtouozldAAJ47I7o6RPR1Y_7UTE3jTdQb5uNToFU5OVIBBuLLWbGMskTqr6SdscxM2TUnGtaivofQvLEM7EuQtlq3xkcO2Dy5oD_R2kcx9Y/s320/AEBF0717-DF9D-4074-8904-85389E0F498D.jpeg’ へ保存完了 [21666/21666]

--2026-09-16 09:09:02--  https://www.tunnelpoemer.com/2017/08/115.html
www.tunnelpoemer.com (www.tunnelpoemer.com)|2404:6800:400b:c005::79|:443 に接続しています... 接続しました。
HTTP による接続要求を送信しました、応答を待っています... 200 OK
長さ: 特定できません [text/html]
‘www.tunnelpoemer.com/2017/08/115.html’ に保存中

     0K .......... .......... .......... .......... .......... 2.64M
    50K ...                                                    3.37M=0.02s

2026-09-16 09:09:03 (2.68 MB/s) - ‘www.tunnelpoemer.com/2017/08/115.html’ へ保存終了 [54725]

--2026-09-16 09:09:04--  https://blogger.googleusercontent.com/img/b/R29vZ2xl/AVvXsEj44fh-tEpLnoUBzupRPfstWSj2JuT2zwfucF0gLaaPd4qoqLNJcMzl1J8fBK1aZ1l8AVmER9-bIqGOCXgL8DJhRY8GSXtnahXUaNEAOOWeMXmEVSnjpS05j86DWjANirEMw5Kqj8X9jxQ/s320/IMG_5330.JPG
blogger.googleusercontent.com (blogger.googleusercontent.com)|2404:6800:400b:c005::84|:443 に接続しています... 接続しました。
HTTP による接続要求を送信しました、応答を待っています... 200 OK
長さ: 36696 (36K) [image/jpeg]
‘blogger.googleusercontent.com/img/b/R29vZ2xl/AVvXsEj44fh-tEpLnoUBzupRPfstWSj2JuT2zwfucF0gLaaPd4qoqLNJcMzl1J8fBK1aZ1l8AVmER9-bIqGOCXgL8DJhRY8GSXtnahXUaNEAOOWeMXmEVSnjpS05j86DWjANirEMw5Kqj8X9jxQ/s320/IMG_5330.JPG’ に保存中

     0K .......... .......... .......... .....                100% 2.43M=0.01s

2026-09-16 09:09:05 (2.43 MB/s) - ‘blogger.googleusercontent.com/img/b/R29vZ2xl/AVvXsEj44fh-tEpLnoUBzupRPfstWSj2JuT2zwfucF0gLaaPd4qoqLNJcMzl1J8fBK1aZ1l8AVmER9-bIqGOCXgL8DJhRY8GSXtnahXUaNEAOOWeMXmEVSnjpS05j86DWjANirEMw5Kqj8X9jxQ/s320/IMG_5330.JPG’ へ保存完了 [36696/36696]

--2026-09-16 09:09:06--  https://www.tunnelpoemer.com/2017/08/blog-post_16.html
www.tunnelpoemer.com (www.tunnelpoemer.com)|2404:6800:400b:c005::79|:443 に接続しています... 接続しました。
HTTP による接続要求を送信しました、応答を待っています... 200 OK
長さ: 特定できません [text/html]
‘www.tunnelpoemer.com/2017/08/blog-post_16.html’ に保存中

     0K .......... .......... .......... .......... .......... 2.26M
    50K ...                                                    25.2M=0.02s

2026-09-16 09:09:06 (2.39 MB/s) - ‘www.tunnelpoemer.com/2017/08/blog-post_16.html’ へ保存終了 [54539]

--2026-09-16 09:09:08--  https://blogger.googleusercontent.com/img/b/R29vZ2xl/AVvXsEi_qByr8Rs5pkr7UKI_SKKIBzOgyYuJcIFoa8xlcfa6RefjG-bMpcFcTHWbxUpLYc45F14FokJtTSgiUa0IT6ncPBj3oueG09XTqYuA-SjK5dIux6Vp_l8aIWrcQvdV2Jf47H5Jsss8arg/s320/IMG_2089.JPG
blogger.googleusercontent.com (blogger.googleusercontent.com)|2404:6800:400b:c005::84|:443 に接続しています... 接続しました。
HTTP による接続要求を送信しました、応答を待っています... 200 OK
長さ: 25395 (25K) [image/jpeg]
‘blogger.googleusercontent.com/img/b/R29vZ2xl/AVvXsEi_qByr8Rs5pkr7UKI_SKKIBzOgyYuJcIFoa8xlcfa6RefjG-bMpcFcTHWbxUpLYc45F14FokJtTSgiUa0IT6ncPBj3oueG09XTqYuA-SjK5dIux6Vp_l8aIWrcQvdV2Jf47H5Jsss8arg/s320/IMG_2089.JPG’ に保存中

     0K .......... .......... ....                            100% 2.38M=0.01s

2026-09-16 09:09:09 (2.38 MB/s) - ‘blogger.googleusercontent.com/img/b/R29vZ2xl/AVvXsEi_qByr8Rs5pkr7UKI_SKKIBzOgyYuJcIFoa8xlcfa6RefjG-bMpcFcTHWbxUpLYc45F14FokJtTSgiUa0IT6ncPBj3oueG09XTqYuA-SjK5dIux6Vp_l8aIWrcQvdV2Jf47H5Jsss8arg/s320/IMG_2089.JPG’ へ保存完了 [25395/25395]

--2026-09-16 09:09:10--  https://www.tunnelpoemer.com/2017/08/blog-post_23.html
www.tunnelpoemer.com (www.tunnelpoemer.com)|2404:6800:400b:c005::79|:443 に接続しています... 接続しました。
HTTP による接続要求を送信しました、応答を待っています... 200 OK
長さ: 特定できません [text/html]
‘www.tunnelpoemer.com/2017/08/blog-post_23.html’ に保存中

     0K .......... .......... .......... .......... ..........  859K
    50K ...                                                    3.17M=0.06s

2026-09-16 09:09:12 (899 KB/s) - ‘www.tunnelpoemer.com/2017/08/blog-post_23.html’ へ保存終了 [54466]

--2026-09-16 09:09:13--  https://blogger.googleusercontent.com/img/b/R29vZ2xl/AVvXsEgq3TOcX9xDb82GU_WskSLgXi7WNgGtDLmy1yzkNf-LZwtG-KUYFHW_y1BUthQxdraNd-HAZuFsMTxe-7FmL4yPq6fTYgRfSjmrL5eVaS7MfdjtIiC-4__dSncCdSQ6uLrCcnnRHWd26E4/s320/IMG_1996.JPG
blogger.googleusercontent.com (blogger.googleusercontent.com)|2404:6800:400b:c005::84|:443 に接続しています... 接続しました。
HTTP による接続要求を送信しました、応答を待っています... 200 OK
長さ: 35454 (35K) [image/jpeg]
‘blogger.googleusercontent.com/img/b/R29vZ2xl/AVvXsEgq3TOcX9xDb82GU_WskSLgXi7WNgGtDLmy1yzkNf-LZwtG-KUYFHW_y1BUthQxdraNd-HAZuFsMTxe-7FmL4yPq6fTYgRfSjmrL5eVaS7MfdjtIiC-4__dSncCdSQ6uLrCcnnRHWd26E4/s320/IMG_1996.JPG’ に保存中

     0K .......... .......... .......... ....                 100% 2.76M=0.01s

2026-09-16 09:09:14 (2.76 MB/s) - ‘blogger.googleusercontent.com/img/b/R29vZ2xl/AVvXsEgq3TOcX9xDb82GU_WskSLgXi7WNgGtDLmy1yzkNf-LZwtG-KUYFHW_y1BUthQxdraNd-HAZuFsMTxe-7FmL4yPq6fTYgRfSjmrL5eVaS7MfdjtIiC-4__dSncCdSQ6uLrCcnnRHWd26E4/s320/IMG_1996.JPG’ へ保存完了 [35454/35454]

--2026-09-16 09:09:15--  https://www.tunnelpoemer.com/2017/08/blog-post_27.html
www.tunnelpoemer.com (www.tunnelpoemer.com)|2404:6800:400b:c005::79|:443 に接続しています... 接続しました。
HTTP による接続要求を送信しました、応答を待っています... 200 OK
長さ: 特定できません [text/html]
‘www.tunnelpoemer.com/2017/08/blog-post_27.html’ に保存中

     0K .......... .......... .......... .......... ..........  623K
    50K ...                                                    1.66M=0.08s

2026-09-16 09:09:17 (652 KB/s) - ‘www.tunnelpoemer.com/2017/08/blog-post_27.html’ へ保存終了 [55066]

--2026-09-16 09:09:18--  https://blogger.googleusercontent.com/img/b/R29vZ2xl/AVvXsEgj6FnezM4HQmvV4gLceX4AElXc9vXFkaojzZr3VdOuc8cZRXrXiqxB7MzMTGyVwFIpfyYXZFeBQVC9-_HbsWbykOG4kb8Spxqvku6SUAr9tXqgPREmJZjIDxwvWwkOkj_DIi1wvvz8De0/s320/IMG_2407.JPG
blogger.googleusercontent.com (blogger.googleusercontent.com)|2404:6800:400b:c005::84|:443 に接続しています... 接続しました。
HTTP による接続要求を送信しました、応答を待っています... 200 OK
長さ: 37076 (36K) [image/jpeg]
‘blogger.googleusercontent.com/img/b/R29vZ2xl/AVvXsEgj6FnezM4HQmvV4gLceX4AElXc9vXFkaojzZr3VdOuc8cZRXrXiqxB7MzMTGyVwFIpfyYXZFeBQVC9-_HbsWbykOG4kb8Spxqvku6SUAr9tXqgPREmJZjIDxwvWwkOkj_DIi1wvvz8De0/s320/IMG_2407.JPG’ に保存中

     0K .......... .......... .......... ......               100% 1.73M=0.02s

2026-09-16 09:09:20 (1.73 MB/s) - ‘blogger.googleusercontent.com/img/b/R29vZ2xl/AVvXsEgj6FnezM4HQmvV4gLceX4AElXc9vXFkaojzZr3VdOuc8cZRXrXiqxB7MzMTGyVwFIpfyYXZFeBQVC9-_HbsWbykOG4kb8Spxqvku6SUAr9tXqgPREmJZjIDxwvWwkOkj_DIi1wvvz8De0/s320/IMG_2407.JPG’ へ保存完了 [37076/37076]

--2026-09-16 09:09:21--  https://www.tunnelpoemer.com/2017/08/shinjuku.html
www.tunnelpoemer.com (www.tunnelpoemer.com)|2404:6800:400b:c005::79|:443 に接続しています... 接続しました。
HTTP による接続要求を送信しました、応答を待っています... 200 OK
長さ: 特定できません [text/html]
‘www.tunnelpoemer.com/2017/08/shinjuku.html’ に保存中

     0K .......... .......... .......... .......... .......... 2.58M
    50K ...                                                    15.5M=0.02s

2026-09-16 09:09:22 (2.73 MB/s) - ‘www.tunnelpoemer.com/2017/08/shinjuku.html’ へ保存終了 [54871]

--2026-09-16 09:09:23--  https://blogger.googleusercontent.com/img/b/R29vZ2xl/AVvXsEh5yXc7XBN8ReiQISR7FKZLq-pcrNhKTzKM64se-d4W-wP1GS8UEm-kyY28anfziAq8ookm2LL1tv6X_seeB4ZVQo5AP38gqWCwrxFGw0_zORqSokbTBNrqAK5ia6ZF9uW4zMU89kN8NPw/s320/IMG_0995.JPG
blogger.googleusercontent.com (blogger.googleusercontent.com)|2404:6800:400b:c005::84|:443 に接続しています... 接続しました。
HTTP による接続要求を送信しました、応答を待っています... 200 OK
長さ: 18342 (18K) [image/jpeg]
‘blogger.googleusercontent.com/img/b/R29vZ2xl/AVvXsEh5yXc7XBN8ReiQISR7FKZLq-pcrNhKTzKM64se-d4W-wP1GS8UEm-kyY28anfziAq8ookm2LL1tv6X_seeB4ZVQo5AP38gqWCwrxFGw0_zORqSokbTBNrqAK5ia6ZF9uW4zMU89kN8NPw/s320/IMG_0995.JPG’ に保存中

     0K .......... .......                                    100% 14.3M=0.001s

2026-09-16 09:09:25 (14.3 MB/s) - ‘blogger.googleusercontent.com/img/b/R29vZ2xl/AVvXsEh5yXc7XBN8ReiQISR7FKZLq-pcrNhKTzKM64se-d4W-wP1GS8UEm-kyY28anfziAq8ookm2LL1tv6X_seeB4ZVQo5AP38gqWCwrxFGw0_zORqSokbTBNrqAK5ia6ZF9uW4zMU89kN8NPw/s320/IMG_0995.JPG’ へ保存完了 [18342/18342]

--2026-09-16 09:09:26--  https://www.tunnelpoemer.com/2017/09/8637f.html
www.tunnelpoemer.com (www.tunnelpoemer.com)|2404:6800:400b:c005::79|:443 に接続しています... 接続しました。
HTTP による接続要求を送信しました、応答を待っています... 200 OK
長さ: 特定できません [text/html]
‘www.tunnelpoemer.com/2017/09/8637f.html’ に保存中

     0K .......... .......... .......... .......... .......... 2.13M
    50K ...                                                    2.03M=0.02s

2026-09-16 09:09:27 (2.13 MB/s) - ‘www.tunnelpoemer.com/2017/09/8637f.html’ へ保存終了 [54843]

--2026-09-16 09:09:28--  https://blogger.googleusercontent.com/img/b/R29vZ2xl/AVvXsEg2bQAIbz0NxYkmqIgKPZjP80PJ9RlOZA3odpYYhHglW_yJDWuc3IaprMi1mvuwywF4VGtuhHOH-0EHUozPC_TxIK6ShaT1mnKwqeTKGAG3ec1hyphenhypheneY_Tj7O4C9hWR_K4PYWOauMcCcd6O8/s320/IMG_2943.JPG
blogger.googleusercontent.com (blogger.googleusercontent.com)|2404:6800:400b:c005::84|:443 に接続しています... 接続しました。
HTTP による接続要求を送信しました、応答を待っています... 200 OK
長さ: 8488 (8.3K) [image/jpeg]
‘blogger.googleusercontent.com/img/b/R29vZ2xl/AVvXsEg2bQAIbz0NxYkmqIgKPZjP80PJ9RlOZA3odpYYhHglW_yJDWuc3IaprMi1mvuwywF4VGtuhHOH-0EHUozPC_TxIK6ShaT1mnKwqeTKGAG3ec1hyphenhypheneY_Tj7O4C9hWR_K4PYWOauMcCcd6O8/s320/IMG_2943.JPG’ に保存中

     0K ........                                              100% 2.64M=0.003s

2026-09-16 09:09:30 (2.64 MB/s) - ‘blogger.googleusercontent.com/img/b/R29vZ2xl/AVvXsEg2bQAIbz0NxYkmqIgKPZjP80PJ9RlOZA3odpYYhHglW_yJDWuc3IaprMi1mvuwywF4VGtuhHOH-0EHUozPC_TxIK6ShaT1mnKwqeTKGAG3ec1hyphenhypheneY_Tj7O4C9hWR_K4PYWOauMcCcd6O8/s320/IMG_2943.JPG’ へ保存完了 [8488/8488]

--2026-09-16 09:09:31--  https://www.tunnelpoemer.com/2017/09/blog-post_13.html
www.tunnelpoemer.com (www.tunnelpoemer.com)|2404:6800:400b:c005::79|:443 に接続しています... 接続しました。
HTTP による接続要求を送信しました、応答を待っています... 200 OK
長さ: 特定できません [text/html]
‘www.tunnelpoemer.com/2017/09/blog-post_13.html’ に保存中

     0K .......... .......... .......... .......... .......... 1.84M
    50K ....                                                   4.49M=0.03s

2026-09-16 09:09:32 (1.92 MB/s) - ‘www.tunnelpoemer.com/2017/09/blog-post_13.html’ へ保存終了 [55301]

--2026-09-16 09:09:33--  https://blogger.googleusercontent.com/img/b/R29vZ2xl/AVvXsEjun6csf9JtKo3Hr-ontr6DSw5VHm83dsFyor-8WL-i_k3JdrWs1KxBir4C_QdwNRANuWJw90o315W5IYVmRFrITSMGmuJPnlTPSVqflFOmXLfwofcCUrMcrD53lWR9eipmKqjnue7YPmc/s320/IMG_4767.JPG
blogger.googleusercontent.com (blogger.googleusercontent.com)|2404:6800:400b:c005::84|:443 に接続しています... 接続しました。
HTTP による接続要求を送信しました、応答を待っています... 200 OK
長さ: 26231 (26K) [image/jpeg]
‘blogger.googleusercontent.com/img/b/R29vZ2xl/AVvXsEjun6csf9JtKo3Hr-ontr6DSw5VHm83dsFyor-8WL-i_k3JdrWs1KxBir4C_QdwNRANuWJw90o315W5IYVmRFrITSMGmuJPnlTPSVqflFOmXLfwofcCUrMcrD53lWR9eipmKqjnue7YPmc/s320/IMG_4767.JPG’ に保存中

     0K .......... .......... .....                           100% 2.69M=0.009s

2026-09-16 09:09:35 (2.69 MB/s) - ‘blogger.googleusercontent.com/img/b/R29vZ2xl/AVvXsEjun6csf9JtKo3Hr-ontr6DSw5VHm83dsFyor-8WL-i_k3JdrWs1KxBir4C_QdwNRANuWJw90o315W5IYVmRFrITSMGmuJPnlTPSVqflFOmXLfwofcCUrMcrD53lWR9eipmKqjnue7YPmc/s320/IMG_4767.JPG’ へ保存完了 [26231/26231]

--2026-09-16 09:09:36--  https://www.tunnelpoemer.com/2017/09/blog-post_17.html
www.tunnelpoemer.com (www.tunnelpoemer.com)|2404:6800:400b:c005::79|:443 に接続しています... 接続しました。
HTTP による接続要求を送信しました、応答を待っています... 200 OK
長さ: 特定できません [text/html]
‘www.tunnelpoemer.com/2017/09/blog-post_17.html’ に保存中

     0K .......... .......... .......... .......... .......... 1008K
    50K ...                                                    26.6M=0.05s

2026-09-16 09:09:37 (1.05 MB/s) - ‘www.tunnelpoemer.com/2017/09/blog-post_17.html’ へ保存終了 [54544]

--2026-09-16 09:09:38--  https://blogger.googleusercontent.com/img/b/R29vZ2xl/AVvXsEjdBfrZUh6n_XNr78I5C1-eoENbKl8FMQ0CiltlkJhhO5toniI2abs5zSf-bzpFaClmhCItDfpBu1pz3a-Hany9epPXTgZYzsEz524BjR8-1jUg6UhLJEfEVWfW1mojBDO95GcgcaxuYJY/s320/IMG_6405.JPG
blogger.googleusercontent.com (blogger.googleusercontent.com)|2404:6800:400b:c005::84|:443 に接続しています... 接続しました。
HTTP による接続要求を送信しました、応答を待っています... 200 OK
長さ: 26422 (26K) [image/jpeg]
‘blogger.googleusercontent.com/img/b/R29vZ2xl/AVvXsEjdBfrZUh6n_XNr78I5C1-eoENbKl8FMQ0CiltlkJhhO5toniI2abs5zSf-bzpFaClmhCItDfpBu1pz3a-Hany9epPXTgZYzsEz524BjR8-1jUg6UhLJEfEVWfW1mojBDO95GcgcaxuYJY/s320/IMG_6405.JPG’ に保存中

     0K .......... .......... .....                           100% 1.68M=0.02s

2026-09-16 09:09:39 (1.68 MB/s) - ‘blogger.googleusercontent.com/img/b/R29vZ2xl/AVvXsEjdBfrZUh6n_XNr78I5C1-eoENbKl8FMQ0CiltlkJhhO5toniI2abs5zSf-bzpFaClmhCItDfpBu1pz3a-Hany9epPXTgZYzsEz524BjR8-1jUg6UhLJEfEVWfW1mojBDO95GcgcaxuYJY/s320/IMG_6405.JPG’ へ保存完了 [26422/26422]

--2026-09-16 09:09:40--  https://www.tunnelpoemer.com/2017/09/blog-post_6.html
www.tunnelpoemer.com (www.tunnelpoemer.com)|2404:6800:400b:c005::79|:443 に接続しています... 接続しました。
HTTP による接続要求を送信しました、応答を待っています... 200 OK
長さ: 特定できません [text/html]
‘www.tunnelpoemer.com/2017/09/blog-post_6.html’ に保存中

     0K .......... .......... .......... .......... .......... 2.34M
    50K ...                                                    46.0M=0.02s

2026-09-16 09:09:41 (2.51 MB/s) - ‘www.tunnelpoemer.com/2017/09/blog-post_6.html’ へ保存終了 [54963]

--2026-09-16 09:09:42--  https://blogger.googleusercontent.com/img/b/R29vZ2xl/AVvXsEgldsA1uvKELjJAhqU19NieumUUS1T4BqlGqtT1ummBfUhs8n8qLfmiJzZOu9E4v-fgJXy-wZi4QZGAnPNGOGlqP9rnQOLO_vHM7vlmd_5acQC5hUPK_AD9s4lgS-8S6-4yXf_3sz2MpdM/s320/IMG_4992.JPG
blogger.googleusercontent.com (blogger.googleusercontent.com)|2404:6800:400b:c005::84|:443 に接続しています... 接続しました。
HTTP による接続要求を送信しました、応答を待っています... 200 OK
長さ: 36043 (35K) [image/jpeg]
‘blogger.googleusercontent.com/img/b/R29vZ2xl/AVvXsEgldsA1uvKELjJAhqU19NieumUUS1T4BqlGqtT1ummBfUhs8n8qLfmiJzZOu9E4v-fgJXy-wZi4QZGAnPNGOGlqP9rnQOLO_vHM7vlmd_5acQC5hUPK_AD9s4lgS-8S6-4yXf_3sz2MpdM/s320/IMG_4992.JPG’ に保存中

     0K .......... .......... .......... .....                100% 2.18M=0.02s

2026-09-16 09:09:43 (2.18 MB/s) - ‘blogger.googleusercontent.com/img/b/R29vZ2xl/AVvXsEgldsA1uvKELjJAhqU19NieumUUS1T4BqlGqtT1ummBfUhs8n8qLfmiJzZOu9E4v-fgJXy-wZi4QZGAnPNGOGlqP9rnQOLO_vHM7vlmd_5acQC5hUPK_AD9s4lgS-8S6-4yXf_3sz2MpdM/s320/IMG_4992.JPG’ へ保存完了 [36043/36043]

--2026-09-16 09:09:44--  https://www.tunnelpoemer.com/2017/09/blog-post_90.html
www.tunnelpoemer.com (www.tunnelpoemer.com)|2404:6800:400b:c005::79|:443 に接続しています... 接続しました。
HTTP による接続要求を送信しました、応答を待っています... 200 OK
長さ: 特定できません [text/html]
‘www.tunnelpoemer.com/2017/09/blog-post_90.html’ に保存中

     0K .......... .......... .......... .......... .......... 2.52M
    50K ...                                                    2.30M=0.02s

2026-09-16 09:09:45 (2.51 MB/s) - ‘www.tunnelpoemer.com/2017/09/blog-post_90.html’ へ保存終了 [54983]

--2026-09-16 09:09:46--  https://blogger.googleusercontent.com/img/b/R29vZ2xl/AVvXsEhRZLVjsrtcOYKN4qeIbXPujJghnUOghdQ-Gi6HwbkpSVqfjQHTCN0MlJ5gkdMFyQeNEinzRLTwQiOPd7BXGtAIBAnsvjsF7vhjsG-7BlyxHXXDUP_yG3AMHXZegzZRdApgqfqxsAraD8M/s320/A630617C-6663-49A7-979D-1A278D1A5E0C.jpeg
blogger.googleusercontent.com (blogger.googleusercontent.com)|2404:6800:400b:c005::84|:443 に接続しています... 接続しました。
HTTP による接続要求を送信しました、応答を待っています... 200 OK
長さ: 16324 (16K) [image/jpeg]
‘blogger.googleusercontent.com/img/b/R29vZ2xl/AVvXsEhRZLVjsrtcOYKN4qeIbXPujJghnUOghdQ-Gi6HwbkpSVqfjQHTCN0MlJ5gkdMFyQeNEinzRLTwQiOPd7BXGtAIBAnsvjsF7vhjsG-7BlyxHXXDUP_yG3AMHXZegzZRdApgqfqxsAraD8M/s320/A630617C-6663-49A7-979D-1A278D1A5E0C.jpeg’ に保存中

     0K .......... .....                                      100% 2.08M=0.007s

2026-09-16 09:09:47 (2.08 MB/s) - ‘blogger.googleusercontent.com/img/b/R29vZ2xl/AVvXsEhRZLVjsrtcOYKN4qeIbXPujJghnUOghdQ-Gi6HwbkpSVqfjQHTCN0MlJ5gkdMFyQeNEinzRLTwQiOPd7BXGtAIBAnsvjsF7vhjsG-7BlyxHXXDUP_yG3AMHXZegzZRdApgqfqxsAraD8M/s320/A630617C-6663-49A7-979D-1A278D1A5E0C.jpeg’ へ保存完了 [16324/16324]

--2026-09-16 09:09:48--  https://www.tunnelpoemer.com/2017/09/blog-post_94.html
www.tunnelpoemer.com (www.tunnelpoemer.com)|2404:6800:400b:c005::79|:443 に接続しています... 接続しました。
HTTP による接続要求を送信しました、応答を待っています... 200 OK
長さ: 特定できません [text/html]
‘www.tunnelpoemer.com/2017/09/blog-post_94.html’ に保存中

     0K .......... .......... .......... .......... .......... 1.36M
    50K ...                                                    18.1M=0.04s

2026-09-16 09:09:51 (1.45 MB/s) - ‘www.tunnelpoemer.com/2017/09/blog-post_94.html’ へ保存終了 [54939]

--2026-09-16 09:09:52--  https://blogger.googleusercontent.com/img/b/R29vZ2xl/AVvXsEi8Q2bOt6FmqudUf4AnC23uGzOLtogGA3zopKjeHGTQjjSpFX9RnpuAQLKflbDn-jvclaNTbRSK2dTeBy5Toor4GHpXbApPxPjODX5Mgz6S5LNuC-FQ2ro7TcxKBKByXF86aVfS6o1S-Dg/s320/IMG_4005.JPG
blogger.googleusercontent.com (blogger.googleusercontent.com)|2404:6800:400b:c005::84|:443 に接続しています... 接続しました。
HTTP による接続要求を送信しました、応答を待っています... 200 OK
長さ: 14369 (14K) [image/jpeg]
‘blogger.googleusercontent.com/img/b/R29vZ2xl/AVvXsEi8Q2bOt6FmqudUf4AnC23uGzOLtogGA3zopKjeHGTQjjSpFX9RnpuAQLKflbDn-jvclaNTbRSK2dTeBy5Toor4GHpXbApPxPjODX5Mgz6S5LNuC-FQ2ro7TcxKBKByXF86aVfS6o1S-Dg/s320/IMG_4005.JPG’ に保存中

     0K .......... ....                                       100% 14.4M=0.001s

2026-09-16 09:09:53 (14.4 MB/s) - ‘blogger.googleusercontent.com/img/b/R29vZ2xl/AVvXsEi8Q2bOt6FmqudUf4AnC23uGzOLtogGA3zopKjeHGTQjjSpFX9RnpuAQLKflbDn-jvclaNTbRSK2dTeBy5Toor4GHpXbApPxPjODX5Mgz6S5LNuC-FQ2ro7TcxKBKByXF86aVfS6o1S-Dg/s320/IMG_4005.JPG’ へ保存完了 [14369/14369]

--2026-09-16 09:09:54--  https://www.tunnelpoemer.com/2017/10/2000.html
www.tunnelpoemer.com (www.tunnelpoemer.com)|2404:6800:400b:c005::79|:443 に接続しています... 接続しました。
HTTP による接続要求を送信しました、応答を待っています... 200 OK
長さ: 特定できません [text/html]
‘www.tunnelpoemer.com/2017/10/2000.html’ に保存中

     0K .......... .......... .......... .......... .......... 2.92M
    50K ....                                                   3.99M=0.02s

2026-09-16 09:09:55 (2.98 MB/s) - ‘www.tunnelpoemer.com/2017/10/2000.html’ へ保存終了 [55768]

--2026-09-16 09:09:56--  https://blogger.googleusercontent.com/img/b/R29vZ2xl/AVvXsEjW2OOXM1ZSe-co_L08dK0JDO8Hq5amSTqTrAWfYZ11ia4SLx954LXv1ZW97TauCodsra1bU_8lwh9i2xHO6alnMXrQLft3icG92xrIHmF814ME8Z2fVr2B4kibsPoKTslfo5E1tEtBzcU/s320/657C372B-0CB4-4FD2-B8D6-3973BCF0ED62.jpeg
blogger.googleusercontent.com (blogger.googleusercontent.com)|2404:6800:400b:c005::84|:443 に接続しています... 接続しました。
HTTP による接続要求を送信しました、応答を待っています... 200 OK
長さ: 36285 (35K) [image/jpeg]
‘blogger.googleusercontent.com/img/b/R29vZ2xl/AVvXsEjW2OOXM1ZSe-co_L08dK0JDO8Hq5amSTqTrAWfYZ11ia4SLx954LXv1ZW97TauCodsra1bU_8lwh9i2xHO6alnMXrQLft3icG92xrIHmF814ME8Z2fVr2B4kibsPoKTslfo5E1tEtBzcU/s320/657C372B-0CB4-4FD2-B8D6-3973BCF0ED62.jpeg’ に保存中

     0K .......... .......... .......... .....                100% 3.07M=0.01s

2026-09-16 09:09:58 (3.07 MB/s) - ‘blogger.googleusercontent.com/img/b/R29vZ2xl/AVvXsEjW2OOXM1ZSe-co_L08dK0JDO8Hq5amSTqTrAWfYZ11ia4SLx954LXv1ZW97TauCodsra1bU_8lwh9i2xHO6alnMXrQLft3icG92xrIHmF814ME8Z2fVr2B4kibsPoKTslfo5E1tEtBzcU/s320/657C372B-0CB4-4FD2-B8D6-3973BCF0ED62.jpeg’ へ保存完了 [36285/36285]

--2026-09-16 09:09:59--  https://www.tunnelpoemer.com/2017/10/blog-post_11.html
www.tunnelpoemer.com (www.tunnelpoemer.com)|2404:6800:400b:c005::79|:443 に接続しています... 接続しました。
HTTP による接続要求を送信しました、応答を待っています... 200 OK
長さ: 特定できません [text/html]
‘www.tunnelpoemer.com/2017/10/blog-post_11.html’ に保存中

     0K .......... .......... .......... .......... .......... 2.53M
    50K ....                                                   4.46M=0.02s

2026-09-16 09:09:59 (2.62 MB/s) - ‘www.tunnelpoemer.com/2017/10/blog-post_11.html’ へ保存終了 [55540]

--2026-09-16 09:10:00--  https://blogger.googleusercontent.com/img/b/R29vZ2xl/AVvXsEj3cKM38uR4Z3tDggyRqxVYIMU9OOf77Gm6NJulQdhTC5WQcxImT4mFEraXnokuS_Y2fFOA414TeyUAdqC6O-suyvLnUcTOFGNHHOshnhYK88ssMueb6BrS0NGFq_4dQ7-6pt2g7gBPmMQ/s320/IMG_4924.JPG
blogger.googleusercontent.com (blogger.googleusercontent.com)|2404:6800:400b:c005::84|:443 に接続しています... 接続しました。
HTTP による接続要求を送信しました、応答を待っています... 200 OK
長さ: 29632 (29K) [image/jpeg]
‘blogger.googleusercontent.com/img/b/R29vZ2xl/AVvXsEj3cKM38uR4Z3tDggyRqxVYIMU9OOf77Gm6NJulQdhTC5WQcxImT4mFEraXnokuS_Y2fFOA414TeyUAdqC6O-suyvLnUcTOFGNHHOshnhYK88ssMueb6BrS0NGFq_4dQ7-6pt2g7gBPmMQ/s320/IMG_4924.JPG’ に保存中

     0K .......... .......... ........                        100% 1.02M=0.03s

2026-09-16 09:10:03 (1.02 MB/s) - ‘blogger.googleusercontent.com/img/b/R29vZ2xl/AVvXsEj3cKM38uR4Z3tDggyRqxVYIMU9OOf77Gm6NJulQdhTC5WQcxImT4mFEraXnokuS_Y2fFOA414TeyUAdqC6O-suyvLnUcTOFGNHHOshnhYK88ssMueb6BrS0NGFq_4dQ7-6pt2g7gBPmMQ/s320/IMG_4924.JPG’ へ保存完了 [29632/29632]

--2026-09-16 09:10:04--  https://www.tunnelpoemer.com/2017/10/blog-post_12.html
www.tunnelpoemer.com (www.tunnelpoemer.com)|2404:6800:400b:c005::79|:443 に接続しています... 接続しました。
HTTP による接続要求を送信しました、応答を待っています... 200 OK
長さ: 特定できません [text/html]
‘www.tunnelpoemer.com/2017/10/blog-post_12.html’ に保存中

     0K .......... .......... .......... .......... .......... 1.98M
    50K ....                                                   1.75M=0.03s

2026-09-16 09:10:05 (1.96 MB/s) - ‘www.tunnelpoemer.com/2017/10/blog-post_12.html’ へ保存終了 [56160]

--2026-09-16 09:10:06--  https://blogger.googleusercontent.com/img/b/R29vZ2xl/AVvXsEiwB-bWK2T3S9as3kvJF3ovFleLn_Cc9J6NY9Z0IdH0V99BGNGhettdbXALC62ZcfG8g8y4ErOIune56qEaCymK_hvpMBDU1_jSfGoCWBdzs3FIL7ytpvc9IEPucSAsFXIRZq9ZYz9FJ4Y/s320/IMG_4944.JPG
blogger.googleusercontent.com (blogger.googleusercontent.com)|2404:6800:400b:c005::84|:443 に接続しています... 接続しました。
HTTP による接続要求を送信しました、応答を待っています... 200 OK
長さ: 34998 (34K) [image/jpeg]
‘blogger.googleusercontent.com/img/b/R29vZ2xl/AVvXsEiwB-bWK2T3S9as3kvJF3ovFleLn_Cc9J6NY9Z0IdH0V99BGNGhettdbXALC62ZcfG8g8y4ErOIune56qEaCymK_hvpMBDU1_jSfGoCWBdzs3FIL7ytpvc9IEPucSAsFXIRZq9ZYz9FJ4Y/s320/IMG_4944.JPG’ に保存中

     0K .......... .......... .......... ....                 100%  882K=0.04s

2026-09-16 09:10:07 (882 KB/s) - ‘blogger.googleusercontent.com/img/b/R29vZ2xl/AVvXsEiwB-bWK2T3S9as3kvJF3ovFleLn_Cc9J6NY9Z0IdH0V99BGNGhettdbXALC62ZcfG8g8y4ErOIune56qEaCymK_hvpMBDU1_jSfGoCWBdzs3FIL7ytpvc9IEPucSAsFXIRZq9ZYz9FJ4Y/s320/IMG_4944.JPG’ へ保存完了 [34998/34998]

--2026-09-16 09:10:08--  https://www.tunnelpoemer.com/2017/10/blog-post_13.html
www.tunnelpoemer.com (www.tunnelpoemer.com)|2404:6800:400b:c005::79|:443 に接続しています... 接続しました。
HTTP による接続要求を送信しました、応答を待っています... 200 OK
長さ: 特定できません [text/html]
‘www.tunnelpoemer.com/2017/10/blog-post_13.html’ に保存中

     0K .......... .......... .......... .......... .......... 2.46M
    50K ....                                                   3.82M=0.02s

2026-09-16 09:10:09 (2.53 MB/s) - ‘www.tunnelpoemer.com/2017/10/blog-post_13.html’ へ保存終了 [55463]

--2026-09-16 09:10:10--  https://blogger.googleusercontent.com/img/b/R29vZ2xl/AVvXsEjYcQgfsMaFM2aM_ldOfpaMoLg7xZWdIAVzxOFznrK146eBzd4LuK9hWMi1u57GKLxhbmYL3mmMoJ8Ajea5c3pALeOQzzB8mNBrrdjeEvyFQvmySC3w3c9PNO6oRnGIbaU_GS7WLwE9pS8/s320/IMG_5550.JPG
blogger.googleusercontent.com (blogger.googleusercontent.com)|2404:6800:400b:c005::84|:443 に接続しています... 接続しました。
HTTP による接続要求を送信しました、応答を待っています... 200 OK
長さ: 16467 (16K) [image/jpeg]
‘blogger.googleusercontent.com/img/b/R29vZ2xl/AVvXsEjYcQgfsMaFM2aM_ldOfpaMoLg7xZWdIAVzxOFznrK146eBzd4LuK9hWMi1u57GKLxhbmYL3mmMoJ8Ajea5c3pALeOQzzB8mNBrrdjeEvyFQvmySC3w3c9PNO6oRnGIbaU_GS7WLwE9pS8/s320/IMG_5550.JPG’ に保存中

     0K .......... ......                                     100% 9.64M=0.002s

2026-09-16 09:10:12 (9.64 MB/s) - ‘blogger.googleusercontent.com/img/b/R29vZ2xl/AVvXsEjYcQgfsMaFM2aM_ldOfpaMoLg7xZWdIAVzxOFznrK146eBzd4LuK9hWMi1u57GKLxhbmYL3mmMoJ8Ajea5c3pALeOQzzB8mNBrrdjeEvyFQvmySC3w3c9PNO6oRnGIbaU_GS7WLwE9pS8/s320/IMG_5550.JPG’ へ保存完了 [16467/16467]

--2026-09-16 09:10:13--  https://www.tunnelpoemer.com/2017/10/blog-post_14.html
www.tunnelpoemer.com (www.tunnelpoemer.com)|2404:6800:400b:c005::79|:443 に接続しています... 接続しました。
HTTP による接続要求を送信しました、応答を待っています... 200 OK
長さ: 特定できません [text/html]
‘www.tunnelpoemer.com/2017/10/blog-post_14.html’ に保存中

     0K .......... .......... .......... .......... .......... 2.96M
    50K ....                                                   1.17M=0.02s

2026-09-16 09:10:13 (2.65 MB/s) - ‘www.tunnelpoemer.com/2017/10/blog-post_14.html’ へ保存終了 [55424]

--2026-09-16 09:10:14--  https://blogger.googleusercontent.com/img/b/R29vZ2xl/AVvXsEgaDiikAPrpwVjAgLvQhf-wZcn3mUuwhbcix_ZAR4fV2DUVfhxHyyjtk704oeZTWppD6LM1EB-jjhrnaSIxmXPKt4C8ZZE_999LXcdCR5nE8hu6mMwdM1jdtfRyMb_4W6UJId4ZPaSwtLo/s320/IMG_0120.JPG
blogger.googleusercontent.com (blogger.googleusercontent.com)|2404:6800:400b:c005::84|:443 に接続しています... 接続しました。
HTTP による接続要求を送信しました、応答を待っています... 200 OK
長さ: 24049 (23K) [image/jpeg]
‘blogger.googleusercontent.com/img/b/R29vZ2xl/AVvXsEgaDiikAPrpwVjAgLvQhf-wZcn3mUuwhbcix_ZAR4fV2DUVfhxHyyjtk704oeZTWppD6LM1EB-jjhrnaSIxmXPKt4C8ZZE_999LXcdCR5nE8hu6mMwdM1jdtfRyMb_4W6UJId4ZPaSwtLo/s320/IMG_0120.JPG’ に保存中

     0K .......... .......... ...                             100% 2.36M=0.01s

2026-09-16 09:10:16 (2.36 MB/s) - ‘blogger.googleusercontent.com/img/b/R29vZ2xl/AVvXsEgaDiikAPrpwVjAgLvQhf-wZcn3mUuwhbcix_ZAR4fV2DUVfhxHyyjtk704oeZTWppD6LM1EB-jjhrnaSIxmXPKt4C8ZZE_999LXcdCR5nE8hu6mMwdM1jdtfRyMb_4W6UJId4ZPaSwtLo/s320/IMG_0120.JPG’ へ保存完了 [24049/24049]

--2026-09-16 09:10:17--  https://www.tunnelpoemer.com/2017/10/blog-post_19.html
www.tunnelpoemer.com (www.tunnelpoemer.com)|2404:6800:400b:c005::79|:443 に接続しています... 接続しました。
HTTP による接続要求を送信しました、応答を待っています... 200 OK
長さ: 特定できません [text/html]
‘www.tunnelpoemer.com/2017/10/blog-post_19.html’ に保存中

     0K .......... .......... .......... .......... .......... 1.65M
    50K ....                                                   20.7M=0.03s

2026-09-16 09:10:18 (1.78 MB/s) - ‘www.tunnelpoemer.com/2017/10/blog-post_19.html’ へ保存終了 [55667]

--2026-09-16 09:10:19--  https://blogger.googleusercontent.com/img/b/R29vZ2xl/AVvXsEjew0lFU5bYSVC6aCu5xb3g2ydjscvW1Iq4tRRu0ZacEdfCUMor0tH2LeoOQpsFIcrzRZ19Y51QRXAtM9S2Jttk_L3w80YKy6LLSWlK4XP0KlrcoIbV4V-02ZtmkVGCpOdBac7lgZXSotE/s320/IMG_4948.JPG
blogger.googleusercontent.com (blogger.googleusercontent.com)|2404:6800:400b:c005::84|:443 に接続しています... 接続しました。
HTTP による接続要求を送信しました、応答を待っています... 200 OK
長さ: 24239 (24K) [image/jpeg]
‘blogger.googleusercontent.com/img/b/R29vZ2xl/AVvXsEjew0lFU5bYSVC6aCu5xb3g2ydjscvW1Iq4tRRu0ZacEdfCUMor0tH2LeoOQpsFIcrzRZ19Y51QRXAtM9S2Jttk_L3w80YKy6LLSWlK4XP0KlrcoIbV4V-02ZtmkVGCpOdBac7lgZXSotE/s320/IMG_4948.JPG’ に保存中

     0K .......... .......... ...                             100% 2.62M=0.009s

2026-09-16 09:10:21 (2.62 MB/s) - ‘blogger.googleusercontent.com/img/b/R29vZ2xl/AVvXsEjew0lFU5bYSVC6aCu5xb3g2ydjscvW1Iq4tRRu0ZacEdfCUMor0tH2LeoOQpsFIcrzRZ19Y51QRXAtM9S2Jttk_L3w80YKy6LLSWlK4XP0KlrcoIbV4V-02ZtmkVGCpOdBac7lgZXSotE/s320/IMG_4948.JPG’ へ保存完了 [24239/24239]

--2026-09-16 09:10:22--  https://www.tunnelpoemer.com/2017/10/blog-post_20.html
www.tunnelpoemer.com (www.tunnelpoemer.com)|2404:6800:400b:c005::79|:443 に接続しています... 接続しました。
HTTP による接続要求を送信しました、応答を待っています... 200 OK
長さ: 特定できません [text/html]
‘www.tunnelpoemer.com/2017/10/blog-post_20.html’ に保存中

     0K .......... .......... .......... .......... .......... 2.35M
    50K ....                                                   1.45M=0.02s

2026-09-16 09:10:24 (2.23 MB/s) - ‘www.tunnelpoemer.com/2017/10/blog-post_20.html’ へ保存終了 [55989]

--2026-09-16 09:10:25--  https://blogger.googleusercontent.com/img/b/R29vZ2xl/AVvXsEi9M7ah0NJw2hdzLTnagbMZMlyIsoRsJ9RmB-SmIYnx1K683RzuIvqcawjzAYZv-HNEWFU_KhlE5vhiINlRLRYyGUgEgRuyluphMXoNMoMHge5jrgg7QZZDFpofHR8yWJCXWHQnfAD5MKk/s320/IMG_5632.JPG
blogger.googleusercontent.com (blogger.googleusercontent.com)|2404:6800:400b:c005::84|:443 に接続しています... 接続しました。
HTTP による接続要求を送信しました、応答を待っています... 200 OK
長さ: 20173 (20K) [image/jpeg]
‘blogger.googleusercontent.com/img/b/R29vZ2xl/AVvXsEi9M7ah0NJw2hdzLTnagbMZMlyIsoRsJ9RmB-SmIYnx1K683RzuIvqcawjzAYZv-HNEWFU_KhlE5vhiINlRLRYyGUgEgRuyluphMXoNMoMHge5jrgg7QZZDFpofHR8yWJCXWHQnfAD5MKk/s320/IMG_5632.JPG’ に保存中

     0K .......... .........                                  100% 15.0M=0.001s

2026-09-16 09:10:27 (15.0 MB/s) - ‘blogger.googleusercontent.com/img/b/R29vZ2xl/AVvXsEi9M7ah0NJw2hdzLTnagbMZMlyIsoRsJ9RmB-SmIYnx1K683RzuIvqcawjzAYZv-HNEWFU_KhlE5vhiINlRLRYyGUgEgRuyluphMXoNMoMHge5jrgg7QZZDFpofHR8yWJCXWHQnfAD5MKk/s320/IMG_5632.JPG’ へ保存完了 [20173/20173]

--2026-09-16 09:10:28--  https://www.tunnelpoemer.com/2017/10/blog-post_22.html
www.tunnelpoemer.com (www.tunnelpoemer.com)|2404:6800:400b:c005::79|:443 に接続しています... 接続しました。
HTTP による接続要求を送信しました、応答を待っています... 200 OK
長さ: 特定できません [text/html]
‘www.tunnelpoemer.com/2017/10/blog-post_22.html’ に保存中

     0K .......... .......... .......... .......... .......... 1.70M
    50K ....                                                   1.58M=0.03s

2026-09-16 09:10:28 (1.69 MB/s) - ‘www.tunnelpoemer.com/2017/10/blog-post_22.html’ へ保存終了 [55427]

--2026-09-16 09:10:29--  https://blogger.googleusercontent.com/img/b/R29vZ2xl/AVvXsEiIv_2ky6JNI0kuf6yQfJZvK-a-xVjnWk5MQCPXlq1AVrnsVcbJHyzke2JOm0lgLKxBKc-kUoI6s_4m0C2gx5Hr4pScqnA-mkSY5MlEH5u0i740JKAqc2UcRbL140NZH35vLHjsKO0t0QQ/s320/IMG_4975.JPG
blogger.googleusercontent.com (blogger.googleusercontent.com)|2404:6800:400b:c005::84|:443 に接続しています... 接続しました。
HTTP による接続要求を送信しました、応答を待っています... 200 OK
長さ: 16712 (16K) [image/jpeg]
‘blogger.googleusercontent.com/img/b/R29vZ2xl/AVvXsEiIv_2ky6JNI0kuf6yQfJZvK-a-xVjnWk5MQCPXlq1AVrnsVcbJHyzke2JOm0lgLKxBKc-kUoI6s_4m0C2gx5Hr4pScqnA-mkSY5MlEH5u0i740JKAqc2UcRbL140NZH35vLHjsKO0t0QQ/s320/IMG_4975.JPG’ に保存中

     0K .......... ......                                     100% 2.01M=0.008s

2026-09-16 09:10:32 (2.01 MB/s) - ‘blogger.googleusercontent.com/img/b/R29vZ2xl/AVvXsEiIv_2ky6JNI0kuf6yQfJZvK-a-xVjnWk5MQCPXlq1AVrnsVcbJHyzke2JOm0lgLKxBKc-kUoI6s_4m0C2gx5Hr4pScqnA-mkSY5MlEH5u0i740JKAqc2UcRbL140NZH35vLHjsKO0t0QQ/s320/IMG_4975.JPG’ へ保存完了 [16712/16712]

--2026-09-16 09:10:33--  https://www.tunnelpoemer.com/2017/10/blog-post_29.html
www.tunnelpoemer.com (www.tunnelpoemer.com)|2404:6800:400b:c005::79|:443 に接続しています... 接続しました。
HTTP による接続要求を送信しました、応答を待っています... 200 OK
長さ: 特定できません [text/html]
‘www.tunnelpoemer.com/2017/10/blog-post_29.html’ に保存中

     0K .......... .......... .......... .......... .......... 2.15M
    50K ....                                                   20.7M=0.02s

2026-09-16 09:10:35 (2.32 MB/s) - ‘www.tunnelpoemer.com/2017/10/blog-post_29.html’ へ保存終了 [55666]

--2026-09-16 09:10:36--  https://blogger.googleusercontent.com/img/b/R29vZ2xl/AVvXsEgvF7GnReFK5hKlV4BG_YYco1lqWmCBb4KZd2zcBoBUTN4zCLfmB1SBDdoNP7zz3EIPRNyW96FNuzquq-buEXvyWydNqe3lQPMr3yRmJMHxA8zmnReUcUaj3vbGsmp-ltb7vn2bPICNn-4/s320/IMG_0633.JPG
blogger.googleusercontent.com (blogger.googleusercontent.com)|2404:6800:400b:c005::84|:443 に接続しています... 接続しました。
HTTP による接続要求を送信しました、応答を待っています... 200 OK
長さ: 25658 (25K) [image/jpeg]
‘blogger.googleusercontent.com/img/b/R29vZ2xl/AVvXsEgvF7GnReFK5hKlV4BG_YYco1lqWmCBb4KZd2zcBoBUTN4zCLfmB1SBDdoNP7zz3EIPRNyW96FNuzquq-buEXvyWydNqe3lQPMr3yRmJMHxA8zmnReUcUaj3vbGsmp-ltb7vn2bPICNn-4/s320/IMG_0633.JPG’ に保存中

     0K .......... .......... .....                           100% 2.35M=0.01s

2026-09-16 09:10:38 (2.35 MB/s) - ‘blogger.googleusercontent.com/img/b/R29vZ2xl/AVvXsEgvF7GnReFK5hKlV4BG_YYco1lqWmCBb4KZd2zcBoBUTN4zCLfmB1SBDdoNP7zz3EIPRNyW96FNuzquq-buEXvyWydNqe3lQPMr3yRmJMHxA8zmnReUcUaj3vbGsmp-ltb7vn2bPICNn-4/s320/IMG_0633.JPG’ へ保存完了 [25658/25658]

--2026-09-16 09:10:39--  https://www.tunnelpoemer.com/2017/10/blog-post_36.html
www.tunnelpoemer.com (www.tunnelpoemer.com)|2404:6800:400b:c005::79|:443 に接続しています... 接続しました。
HTTP による接続要求を送信しました、応答を待っています... 200 OK
長さ: 特定できません [text/html]
‘www.tunnelpoemer.com/2017/10/blog-post_36.html’ に保存中

     0K .......... .......... .......... .......... ..........  687K
    50K ....                                                   18.6M=0.07s

2026-09-16 09:10:40 (746 KB/s) - ‘www.tunnelpoemer.com/2017/10/blog-post_36.html’ へ保存終了 [55744]

--2026-09-16 09:10:41--  https://blogger.googleusercontent.com/img/b/R29vZ2xl/AVvXsEiJY-NWz0fHPCzqz7YNnvQDlOYKswLQo3lNr7oaxxfmQj_YZUgj6BZfONsKHFCaF12dH9N0Znh5NBeUCPX8lB4xaHpSbA3udDuyKnDt_VzSwaaW52v64g1i2dCZFAXdN0eWSz7XVCXRz9c/s320/IMG_9926.JPG
blogger.googleusercontent.com (blogger.googleusercontent.com)|2404:6800:400b:c005::84|:443 に接続しています... 接続しました。
HTTP による接続要求を送信しました、応答を待っています... 200 OK
長さ: 28309 (28K) [image/jpeg]
‘blogger.googleusercontent.com/img/b/R29vZ2xl/AVvXsEiJY-NWz0fHPCzqz7YNnvQDlOYKswLQo3lNr7oaxxfmQj_YZUgj6BZfONsKHFCaF12dH9N0Znh5NBeUCPX8lB4xaHpSbA3udDuyKnDt_VzSwaaW52v64g1i2dCZFAXdN0eWSz7XVCXRz9c/s320/IMG_9926.JPG’ に保存中

     0K .......... .......... .......                         100% 1.84M=0.01s

2026-09-16 09:10:43 (1.84 MB/s) - ‘blogger.googleusercontent.com/img/b/R29vZ2xl/AVvXsEiJY-NWz0fHPCzqz7YNnvQDlOYKswLQo3lNr7oaxxfmQj_YZUgj6BZfONsKHFCaF12dH9N0Znh5NBeUCPX8lB4xaHpSbA3udDuyKnDt_VzSwaaW52v64g1i2dCZFAXdN0eWSz7XVCXRz9c/s320/IMG_9926.JPG’ へ保存完了 [28309/28309]

--2026-09-16 09:10:44--  https://www.tunnelpoemer.com/2017/10/blog-post_4.html
www.tunnelpoemer.com (www.tunnelpoemer.com)|2404:6800:400b:c005::79|:443 に接続しています... 接続しました。
HTTP による接続要求を送信しました、応答を待っています... 200 OK
長さ: 特定できません [text/html]
‘www.tunnelpoemer.com/2017/10/blog-post_4.html’ に保存中

     0K .......... .......... .......... .......... .......... 1.30M
    50K ....                                                   17.4M=0.04s

2026-09-16 09:10:45 (1.41 MB/s) - ‘www.tunnelpoemer.com/2017/10/blog-post_4.html’ へ保存終了 [55781]

--2026-09-16 09:10:46--  https://blogger.googleusercontent.com/img/b/R29vZ2xl/AVvXsEhWawRFfzF3LtYvA1kOdAxWLRZkfWi7wfth3XY67WscK854ChIMN6SouwKx9RB2iNHw2QZK_9OWkY5NY3ewC-YUhyWgl4YTVDiy0hr6yikTJ036cr5JhG_ytp_zaHPZA-tOjKDV0WP9YDo/s320/IMG_9710.JPG
blogger.googleusercontent.com (blogger.googleusercontent.com)|2404:6800:400b:c005::84|:443 に接続しています... 接続しました。
HTTP による接続要求を送信しました、応答を待っています... 200 OK
長さ: 38565 (38K) [image/jpeg]
‘blogger.googleusercontent.com/img/b/R29vZ2xl/AVvXsEhWawRFfzF3LtYvA1kOdAxWLRZkfWi7wfth3XY67WscK854ChIMN6SouwKx9RB2iNHw2QZK_9OWkY5NY3ewC-YUhyWgl4YTVDiy0hr6yikTJ036cr5JhG_ytp_zaHPZA-tOjKDV0WP9YDo/s320/IMG_9710.JPG’ に保存中

     0K .......... .......... .......... .......              100% 1.75M=0.02s

2026-09-16 09:10:56 (1.75 MB/s) - ‘blogger.googleusercontent.com/img/b/R29vZ2xl/AVvXsEhWawRFfzF3LtYvA1kOdAxWLRZkfWi7wfth3XY67WscK854ChIMN6SouwKx9RB2iNHw2QZK_9OWkY5NY3ewC-YUhyWgl4YTVDiy0hr6yikTJ036cr5JhG_ytp_zaHPZA-tOjKDV0WP9YDo/s320/IMG_9710.JPG’ へ保存完了 [38565/38565]

--2026-09-16 09:10:57--  https://www.tunnelpoemer.com/2017/10/blog-post_6.html
www.tunnelpoemer.com (www.tunnelpoemer.com)|2404:6800:400b:c005::79|:443 に接続しています... 接続しました。
HTTP による接続要求を送信しました、応答を待っています... 200 OK
長さ: 特定できません [text/html]
‘www.tunnelpoemer.com/2017/10/blog-post_6.html’ に保存中

     0K .......... .......... .......... .......... .......... 2.00M
    50K ....                                                   2.45M=0.03s

2026-09-16 09:10:58 (2.03 MB/s) - ‘www.tunnelpoemer.com/2017/10/blog-post_6.html’ へ保存終了 [55702]

--2026-09-16 09:10:59--  https://blogger.googleusercontent.com/img/b/R29vZ2xl/AVvXsEjVAw6t7PLFhit__0hD_blUzfqXfmcD804-kYDKAramzgFcQ_XL7FAPZjxD8gPZ6haqwn6ENU_712Gaeas03oRaW2Xj-DrLyNBA6U3X8k79LKas2qPNL3mxi071a5pYxqR_I2XvcxON8jI/s320/868F75B6-8D89-49AE-82DA-46CD0D051FCD.jpeg
blogger.googleusercontent.com (blogger.googleusercontent.com)|2404:6800:400b:c005::84|:443 に接続しています... 接続しました。
HTTP による接続要求を送信しました、応答を待っています... 200 OK
長さ: 19730 (19K) [image/jpeg]
‘blogger.googleusercontent.com/img/b/R29vZ2xl/AVvXsEjVAw6t7PLFhit__0hD_blUzfqXfmcD804-kYDKAramzgFcQ_XL7FAPZjxD8gPZ6haqwn6ENU_712Gaeas03oRaW2Xj-DrLyNBA6U3X8k79LKas2qPNL3mxi071a5pYxqR_I2XvcxON8jI/s320/868F75B6-8D89-49AE-82DA-46CD0D051FCD.jpeg’ に保存中

     0K .......... .........                                  100% 15.4M=0.001s

2026-09-16 09:11:00 (15.4 MB/s) - ‘blogger.googleusercontent.com/img/b/R29vZ2xl/AVvXsEjVAw6t7PLFhit__0hD_blUzfqXfmcD804-kYDKAramzgFcQ_XL7FAPZjxD8gPZ6haqwn6ENU_712Gaeas03oRaW2Xj-DrLyNBA6U3X8k79LKas2qPNL3mxi071a5pYxqR_I2XvcxON8jI/s320/868F75B6-8D89-49AE-82DA-46CD0D051FCD.jpeg’ へ保存完了 [19730/19730]

--2026-09-16 09:11:01--  https://www.tunnelpoemer.com/2017/10/blog-post_8.html
www.tunnelpoemer.com (www.tunnelpoemer.com)|2404:6800:400b:c005::79|:443 に接続しています... 接続しました。
HTTP による接続要求を送信しました、応答を待っています... 200 OK
長さ: 特定できません [text/html]
‘www.tunnelpoemer.com/2017/10/blog-post_8.html’ に保存中

     0K .......... .......... .......... .......... ..........  856K
    50K ....                                                   1.14M=0.06s

2026-09-16 09:11:03 (875 KB/s) - ‘www.tunnelpoemer.com/2017/10/blog-post_8.html’ へ保存終了 [55782]

--2026-09-16 09:11:04--  https://blogger.googleusercontent.com/img/b/R29vZ2xl/AVvXsEgJhr8-DlhK15Tvz5T28wodfCtC-1sXG9gq1rjWflq7_vkeIRcVdBH5TMai9A7QkJmleM8AcvPnbU8-vP4r8gozDoYUQxjnNjZH1d5-H_D5ADk_Pej2EBIpPjC96WRtEbRn4_MWp3yO_T0/s320/IMG_1415.JPG
blogger.googleusercontent.com (blogger.googleusercontent.com)|2404:6800:400b:c005::84|:443 に接続しています... 接続しました。
HTTP による接続要求を送信しました、応答を待っています... 200 OK
長さ: 15445 (15K) [image/jpeg]
‘blogger.googleusercontent.com/img/b/R29vZ2xl/AVvXsEgJhr8-DlhK15Tvz5T28wodfCtC-1sXG9gq1rjWflq7_vkeIRcVdBH5TMai9A7QkJmleM8AcvPnbU8-vP4r8gozDoYUQxjnNjZH1d5-H_D5ADk_Pej2EBIpPjC96WRtEbRn4_MWp3yO_T0/s320/IMG_1415.JPG’ に保存中

     0K .......... .....                                      100% 12.7M=0.001s

2026-09-16 09:11:05 (12.7 MB/s) - ‘blogger.googleusercontent.com/img/b/R29vZ2xl/AVvXsEgJhr8-DlhK15Tvz5T28wodfCtC-1sXG9gq1rjWflq7_vkeIRcVdBH5TMai9A7QkJmleM8AcvPnbU8-vP4r8gozDoYUQxjnNjZH1d5-H_D5ADk_Pej2EBIpPjC96WRtEbRn4_MWp3yO_T0/s320/IMG_1415.JPG’ へ保存完了 [15445/15445]

--2026-09-16 09:11:06--  https://www.tunnelpoemer.com/2017/10/blog-post.html
www.tunnelpoemer.com (www.tunnelpoemer.com)|2404:6800:400b:c005::79|:443 に接続しています... 接続しました。
HTTP による接続要求を送信しました、応答を待っています... 200 OK
長さ: 特定できません [text/html]
‘www.tunnelpoemer.com/2017/10/blog-post.html’ に保存中

     0K .......... .......... .......... .......... .......... 1.24M
    50K ....                                                   7.40M=0.04s

2026-09-16 09:11:08 (1.33 MB/s) - ‘www.tunnelpoemer.com/2017/10/blog-post.html’ へ保存終了 [55603]

--2026-09-16 09:11:09--  https://blogger.googleusercontent.com/img/b/R29vZ2xl/AVvXsEiadFNbkQ5uYGkdbhlM7C2PrVGewSFywDy0cERdM6tFsYYI8wVma2QZPunu36mIQt4riGVswHNt0CIZuoMnDaarZBHcoXitguK5FxegKLkji01XexVdQfIzbNDcupwbOSdDe0QK9AJZt5M/s320/IMG_4407.JPG
blogger.googleusercontent.com (blogger.googleusercontent.com)|2404:6800:400b:c005::84|:443 に接続しています... 接続しました。
HTTP による接続要求を送信しました、応答を待っています... 200 OK
長さ: 22469 (22K) [image/jpeg]
‘blogger.googleusercontent.com/img/b/R29vZ2xl/AVvXsEiadFNbkQ5uYGkdbhlM7C2PrVGewSFywDy0cERdM6tFsYYI8wVma2QZPunu36mIQt4riGVswHNt0CIZuoMnDaarZBHcoXitguK5FxegKLkji01XexVdQfIzbNDcupwbOSdDe0QK9AJZt5M/s320/IMG_4407.JPG’ に保存中

     0K .......... .......... .                               100% 1.43M=0.01s

2026-09-16 09:11:10 (1.43 MB/s) - ‘blogger.googleusercontent.com/img/b/R29vZ2xl/AVvXsEiadFNbkQ5uYGkdbhlM7C2PrVGewSFywDy0cERdM6tFsYYI8wVma2QZPunu36mIQt4riGVswHNt0CIZuoMnDaarZBHcoXitguK5FxegKLkji01XexVdQfIzbNDcupwbOSdDe0QK9AJZt5M/s320/IMG_4407.JPG’ へ保存完了 [22469/22469]

--2026-09-16 09:11:11--  https://www.tunnelpoemer.com/2017/12/2017_31.html
www.tunnelpoemer.com (www.tunnelpoemer.com)|2404:6800:400b:c005::79|:443 に接続しています... 接続しました。
HTTP による接続要求を送信しました、応答を待っています... 200 OK
長さ: 特定できません [text/html]
‘www.tunnelpoemer.com/2017/12/2017_31.html’ に保存中

     0K .......... .......... .......... .......... .......... 2.48M
    50K ...                                                    15.8M=0.02s

2026-09-16 09:11:12 (2.61 MB/s) - ‘www.tunnelpoemer.com/2017/12/2017_31.html’ へ保存終了 [54280]

--2026-09-16 09:11:13--  https://blogger.googleusercontent.com/img/b/R29vZ2xl/AVvXsEj_RFWoSraXd5RAKMAxRPI0loQzswDlmp5L8p0Va0qkU2gvSW7cJ76xoJIL1Oo1LVJ1YCofzTe53dDEfMKKtHWCm2D04WcAuvqc-bE88gvwdCwHmBFTgu8t8PYPN0NPhj3Q_TV23YdsRVQ/s320/IMG_5434.JPG
blogger.googleusercontent.com (blogger.googleusercontent.com)|2404:6800:400b:c005::84|:443 に接続しています... 接続しました。
HTTP による接続要求を送信しました、応答を待っています... 200 OK
長さ: 36995 (36K) [image/jpeg]
‘blogger.googleusercontent.com/img/b/R29vZ2xl/AVvXsEj_RFWoSraXd5RAKMAxRPI0loQzswDlmp5L8p0Va0qkU2gvSW7cJ76xoJIL1Oo1LVJ1YCofzTe53dDEfMKKtHWCm2D04WcAuvqc-bE88gvwdCwHmBFTgu8t8PYPN0NPhj3Q_TV23YdsRVQ/s320/IMG_5434.JPG’ に保存中

     0K .......... .......... .......... ......               100%  879K=0.04s

2026-09-16 09:11:15 (879 KB/s) - ‘blogger.googleusercontent.com/img/b/R29vZ2xl/AVvXsEj_RFWoSraXd5RAKMAxRPI0loQzswDlmp5L8p0Va0qkU2gvSW7cJ76xoJIL1Oo1LVJ1YCofzTe53dDEfMKKtHWCm2D04WcAuvqc-bE88gvwdCwHmBFTgu8t8PYPN0NPhj3Q_TV23YdsRVQ/s320/IMG_5434.JPG’ へ保存完了 [36995/36995]

--2026-09-16 09:11:16--  https://www.tunnelpoemer.com/2017/12/blog-post_24.html
www.tunnelpoemer.com (www.tunnelpoemer.com)|2404:6800:400b:c005::79|:443 に接続しています... 接続しました。
HTTP による接続要求を送信しました、応答を待っています... 200 OK
長さ: 特定できません [text/html]
‘www.tunnelpoemer.com/2017/12/blog-post_24.html’ に保存中

     0K .......... .......... .......... .......... ..........  883K
    50K ...                                                    13.1M=0.06s

2026-09-16 09:11:18 (947 KB/s) - ‘www.tunnelpoemer.com/2017/12/blog-post_24.html’ へ保存終了 [55131]

--2026-09-16 09:11:19--  https://blogger.googleusercontent.com/img/b/R29vZ2xl/AVvXsEhUDrAqykRdBzUNqSUjpJdBzhMzxN9KkKEXbNJ5zRyWgpj_sdqWXErJseKIlb8al9IL8DpxaeB9Vg84qmcjmJCGqj7Rm_Vv8c8P_vEbG_NdHTU_61jOXfop9v8MN6VfvEzCIf_zq6TCHrs/s320/IMG_0388.JPG
blogger.googleusercontent.com (blogger.googleusercontent.com)|2404:6800:400b:c005::84|:443 に接続しています... 接続しました。
HTTP による接続要求を送信しました、応答を待っています... 200 OK
長さ: 22620 (22K) [image/jpeg]
‘blogger.googleusercontent.com/img/b/R29vZ2xl/AVvXsEhUDrAqykRdBzUNqSUjpJdBzhMzxN9KkKEXbNJ5zRyWgpj_sdqWXErJseKIlb8al9IL8DpxaeB9Vg84qmcjmJCGqj7Rm_Vv8c8P_vEbG_NdHTU_61jOXfop9v8MN6VfvEzCIf_zq6TCHrs/s320/IMG_0388.JPG’ に保存中

     0K .......... .......... ..                              100%  579K=0.04s

2026-09-16 09:11:21 (579 KB/s) - ‘blogger.googleusercontent.com/img/b/R29vZ2xl/AVvXsEhUDrAqykRdBzUNqSUjpJdBzhMzxN9KkKEXbNJ5zRyWgpj_sdqWXErJseKIlb8al9IL8DpxaeB9Vg84qmcjmJCGqj7Rm_Vv8c8P_vEbG_NdHTU_61jOXfop9v8MN6VfvEzCIf_zq6TCHrs/s320/IMG_0388.JPG’ へ保存完了 [22620/22620]

--2026-09-16 09:11:22--  https://www.tunnelpoemer.com/2017/12/blog-post_26.html
www.tunnelpoemer.com (www.tunnelpoemer.com)|2404:6800:400b:c005::79|:443 に接続しています... 接続しました。
HTTP による接続要求を送信しました、応答を待っています... 200 OK
長さ: 特定できません [text/html]
‘www.tunnelpoemer.com/2017/12/blog-post_26.html’ に保存中

     0K .......... .......... .......... .......... ..........  526K
    50K ...                                                    16.1M=0.1s

2026-09-16 09:11:23 (560 KB/s) - ‘www.tunnelpoemer.com/2017/12/blog-post_26.html’ へ保存終了 [54581]

--2026-09-16 09:11:24--  https://blogger.googleusercontent.com/img/b/R29vZ2xl/AVvXsEijexL0tuYnqYs44GOzksIKSGpcvgYYtyxgIqmXqL65aRCMgVSkEhksubs7LGr-3DCY5pK4hjdPkLgv-U1IE2UZr-xjPD39gE6GG2P6xjq-uXVm-2suo-SK1w7HzBs41wwWoL8MxmQRoOE/s320/IMG_0022.JPG
blogger.googleusercontent.com (blogger.googleusercontent.com)|2404:6800:400b:c005::84|:443 に接続しています... 接続しました。
HTTP による接続要求を送信しました、応答を待っています... 200 OK
長さ: 28935 (28K) [image/jpeg]
‘blogger.googleusercontent.com/img/b/R29vZ2xl/AVvXsEijexL0tuYnqYs44GOzksIKSGpcvgYYtyxgIqmXqL65aRCMgVSkEhksubs7LGr-3DCY5pK4hjdPkLgv-U1IE2UZr-xjPD39gE6GG2P6xjq-uXVm-2suo-SK1w7HzBs41wwWoL8MxmQRoOE/s320/IMG_0022.JPG’ に保存中

     0K .......... .......... ........                        100% 2.44M=0.01s

2026-09-16 09:11:27 (2.44 MB/s) - ‘blogger.googleusercontent.com/img/b/R29vZ2xl/AVvXsEijexL0tuYnqYs44GOzksIKSGpcvgYYtyxgIqmXqL65aRCMgVSkEhksubs7LGr-3DCY5pK4hjdPkLgv-U1IE2UZr-xjPD39gE6GG2P6xjq-uXVm-2suo-SK1w7HzBs41wwWoL8MxmQRoOE/s320/IMG_0022.JPG’ へ保存完了 [28935/28935]

--2026-09-16 09:11:28--  https://www.tunnelpoemer.com/2018/01/blog-post_24.html
www.tunnelpoemer.com (www.tunnelpoemer.com)|2404:6800:400b:c005::79|:443 に接続しています... 接続しました。
HTTP による接続要求を送信しました、応答を待っています... 200 OK
長さ: 特定できません [text/html]
‘www.tunnelpoemer.com/2018/01/blog-post_24.html’ に保存中

     0K .......... .......... .......... .......... ..........  158K
    50K ...                                                    18.0M=0.3s

2026-09-16 09:11:29 (168 KB/s) - ‘www.tunnelpoemer.com/2018/01/blog-post_24.html’ へ保存終了 [54338]

--2026-09-16 09:11:30--  https://blogger.googleusercontent.com/img/b/R29vZ2xl/AVvXsEh6cTE0icMz0415TyTdPL6pq0JlJ6KxaC0i0GGU7U_fYbCbSI16bX2w5sT3JQQOiXZyDKKjh_IK2YR6ilWIgjwhU09VZGU-gwQ5sBESkgQx1SXmGpCwM6gCoQAjGu6s9mVZRLDpS8ee0v4/s320/IMG_0425.JPG
blogger.googleusercontent.com (blogger.googleusercontent.com)|2404:6800:400b:c005::84|:443 に接続しています... 接続しました。
HTTP による接続要求を送信しました、応答を待っています... 200 OK
長さ: 33285 (33K) [image/jpeg]
‘blogger.googleusercontent.com/img/b/R29vZ2xl/AVvXsEh6cTE0icMz0415TyTdPL6pq0JlJ6KxaC0i0GGU7U_fYbCbSI16bX2w5sT3JQQOiXZyDKKjh_IK2YR6ilWIgjwhU09VZGU-gwQ5sBESkgQx1SXmGpCwM6gCoQAjGu6s9mVZRLDpS8ee0v4/s320/IMG_0425.JPG’ に保存中

     0K .......... .......... .......... ..                   100% 2.45M=0.01s

2026-09-16 09:11:31 (2.45 MB/s) - ‘blogger.googleusercontent.com/img/b/R29vZ2xl/AVvXsEh6cTE0icMz0415TyTdPL6pq0JlJ6KxaC0i0GGU7U_fYbCbSI16bX2w5sT3JQQOiXZyDKKjh_IK2YR6ilWIgjwhU09VZGU-gwQ5sBESkgQx1SXmGpCwM6gCoQAjGu6s9mVZRLDpS8ee0v4/s320/IMG_0425.JPG’ へ保存完了 [33285/33285]

--2026-09-16 09:11:32--  https://www.tunnelpoemer.com/2018/01/blog-post.html
www.tunnelpoemer.com (www.tunnelpoemer.com)|2404:6800:400b:c005::79|:443 に接続しています... 接続しました。
HTTP による接続要求を送信しました、応答を待っています... 200 OK
長さ: 特定できません [text/html]
‘www.tunnelpoemer.com/2018/01/blog-post.html’ に保存中

     0K .......... .......... .......... .......... .......... 1.61M
    50K ..                                                     2.43M=0.03s

2026-09-16 09:11:38 (1.64 MB/s) - ‘www.tunnelpoemer.com/2018/01/blog-post.html’ へ保存終了 [54187]

--2026-09-16 09:11:39--  https://blogger.googleusercontent.com/img/b/R29vZ2xl/AVvXsEglflu29297eSTFlvvzN_8r1TDeFMddSch_fYJ8rjtnvRr_J__jq_xbMv4SlvCCsFD46lexc2UASLwW5m1edmzXSPjsyBdmKYKiMX_hbO0Fbub6UXpZkFbzzpm5f2GUkbYdsNvCQrtJdBU/s320/IMG_5573.JPG
blogger.googleusercontent.com (blogger.googleusercontent.com)|2404:6800:400b:c005::84|:443 に接続しています... 接続しました。
HTTP による接続要求を送信しました、応答を待っています... 200 OK
長さ: 34326 (34K) [image/jpeg]
‘blogger.googleusercontent.com/img/b/R29vZ2xl/AVvXsEglflu29297eSTFlvvzN_8r1TDeFMddSch_fYJ8rjtnvRr_J__jq_xbMv4SlvCCsFD46lexc2UASLwW5m1edmzXSPjsyBdmKYKiMX_hbO0Fbub6UXpZkFbzzpm5f2GUkbYdsNvCQrtJdBU/s320/IMG_5573.JPG’ に保存中

     0K .......... .......... .......... ...                  100% 1.10M=0.03s

2026-09-16 09:11:41 (1.10 MB/s) - ‘blogger.googleusercontent.com/img/b/R29vZ2xl/AVvXsEglflu29297eSTFlvvzN_8r1TDeFMddSch_fYJ8rjtnvRr_J__jq_xbMv4SlvCCsFD46lexc2UASLwW5m1edmzXSPjsyBdmKYKiMX_hbO0Fbub6UXpZkFbzzpm5f2GUkbYdsNvCQrtJdBU/s320/IMG_5573.JPG’ へ保存完了 [34326/34326]

--2026-09-16 09:11:42--  https://www.tunnelpoemer.com/2018/01/lse.html
www.tunnelpoemer.com (www.tunnelpoemer.com)|2404:6800:400b:c005::79|:443 に接続しています... 接続しました。
HTTP による接続要求を送信しました、応答を待っています... 200 OK
長さ: 特定できません [text/html]
‘www.tunnelpoemer.com/2018/01/lse.html’ に保存中

     0K .......... .......... .......... .......... .......... 2.20M
    50K ...                                                    9.38M=0.02s

2026-09-16 09:11:43 (2.31 MB/s) - ‘www.tunnelpoemer.com/2018/01/lse.html’ へ保存終了 [54492]

--2026-09-16 09:11:44--  https://blogger.googleusercontent.com/img/b/R29vZ2xl/AVvXsEggTIWQuJipx4l6aJGnqp1-M3vsKVuYiSn1UbZygPRuqgCXJfKniZsa6UUs9zg-HR7H4lSrbditANXDSVA2toZUKMrXHbuEs2Dt15Z56FGc0d1Nk6djDQAkCCPJfJVinxdm3MjWsWACUkM/s320/IMG_0303.JPG
blogger.googleusercontent.com (blogger.googleusercontent.com)|2404:6800:400b:c005::84|:443 に接続しています... 接続しました。
HTTP による接続要求を送信しました、応答を待っています... 200 OK
長さ: 33717 (33K) [image/jpeg]
‘blogger.googleusercontent.com/img/b/R29vZ2xl/AVvXsEggTIWQuJipx4l6aJGnqp1-M3vsKVuYiSn1UbZygPRuqgCXJfKniZsa6UUs9zg-HR7H4lSrbditANXDSVA2toZUKMrXHbuEs2Dt15Z56FGc0d1Nk6djDQAkCCPJfJVinxdm3MjWsWACUkM/s320/IMG_0303.JPG’ に保存中

     0K .......... .......... .......... ..                   100% 3.09M=0.01s

2026-09-16 09:11:45 (3.09 MB/s) - ‘blogger.googleusercontent.com/img/b/R29vZ2xl/AVvXsEggTIWQuJipx4l6aJGnqp1-M3vsKVuYiSn1UbZygPRuqgCXJfKniZsa6UUs9zg-HR7H4lSrbditANXDSVA2toZUKMrXHbuEs2Dt15Z56FGc0d1Nk6djDQAkCCPJfJVinxdm3MjWsWACUkM/s320/IMG_0303.JPG’ へ保存完了 [33717/33717]

--2026-09-16 09:11:46--  https://www.tunnelpoemer.com/2018/02/1.html
www.tunnelpoemer.com (www.tunnelpoemer.com)|2404:6800:400b:c005::79|:443 に接続しています... 接続しました。
HTTP による接続要求を送信しました、応答を待っています... 200 OK
長さ: 特定できません [text/html]
‘www.tunnelpoemer.com/2018/02/1.html’ に保存中

     0K .......... .......... .......... .......... ..........  969K
    50K ....                                                   11.9M=0.05s

2026-09-16 09:11:47 (1.02 MB/s) - ‘www.tunnelpoemer.com/2018/02/1.html’ へ保存終了 [55479]

--2026-09-16 09:11:48--  https://blogger.googleusercontent.com/img/b/R29vZ2xl/AVvXsEhxamKRw4GE65yPKhkVD8nlTS4qArCs-IBWcR6-pCb8ANDP63iBEpb3YkOrYx8-AwFrW4G78zTv-iFe08s11JNY7gfrztYiqijnrS1_3zVaNSLvD_cDB3l2HKWHU6B5tLZGOjDNTdqN008/s320/IMG_6193.JPG
blogger.googleusercontent.com (blogger.googleusercontent.com)|2404:6800:400b:c005::84|:443 に接続しています... 接続しました。
HTTP による接続要求を送信しました、応答を待っています... 200 OK
長さ: 30020 (29K) [image/jpeg]
‘blogger.googleusercontent.com/img/b/R29vZ2xl/AVvXsEhxamKRw4GE65yPKhkVD8nlTS4qArCs-IBWcR6-pCb8ANDP63iBEpb3YkOrYx8-AwFrW4G78zTv-iFe08s11JNY7gfrztYiqijnrS1_3zVaNSLvD_cDB3l2HKWHU6B5tLZGOjDNTdqN008/s320/IMG_6193.JPG’ に保存中

     0K .......... .......... .........                       100% 2.13M=0.01s

2026-09-16 09:11:50 (2.13 MB/s) - ‘blogger.googleusercontent.com/img/b/R29vZ2xl/AVvXsEhxamKRw4GE65yPKhkVD8nlTS4qArCs-IBWcR6-pCb8ANDP63iBEpb3YkOrYx8-AwFrW4G78zTv-iFe08s11JNY7gfrztYiqijnrS1_3zVaNSLvD_cDB3l2HKWHU6B5tLZGOjDNTdqN008/s320/IMG_6193.JPG’ へ保存完了 [30020/30020]

--2026-09-16 09:11:51--  https://www.tunnelpoemer.com/2018/02/205.html
www.tunnelpoemer.com (www.tunnelpoemer.com)|2404:6800:400b:c005::79|:443 に接続しています... 接続しました。
HTTP による接続要求を送信しました、応答を待っています... 200 OK
長さ: 特定できません [text/html]
‘www.tunnelpoemer.com/2018/02/205.html’ に保存中

     0K .......... .......... .......... .......... .......... 1.08M
    50K ...                                                    13.2M=0.05s

2026-09-16 09:11:52 (1.15 MB/s) - ‘www.tunnelpoemer.com/2018/02/205.html’ へ保存終了 [54744]

--2026-09-16 09:11:53--  https://blogger.googleusercontent.com/img/b/R29vZ2xl/AVvXsEi8Dl0hMI6qTUfV3sewg_GNhwVLa_Fd7I1kfzG4fQ28tU7eTXECXyJPwP8sYNOhYbyNRsSyhhHF0PiaS8yGc2_44eAdxw1HfEu5lhYGfNbLVtJWfNBpXQStkbaEV5ckQSUNyDMJpi5jJ98/s320/IMG_9451.JPG
blogger.googleusercontent.com (blogger.googleusercontent.com)|2404:6800:400b:c005::84|:443 に接続しています... 接続しました。
HTTP による接続要求を送信しました、応答を待っています... 200 OK
長さ: 34901 (34K) [image/jpeg]
‘blogger.googleusercontent.com/img/b/R29vZ2xl/AVvXsEi8Dl0hMI6qTUfV3sewg_GNhwVLa_Fd7I1kfzG4fQ28tU7eTXECXyJPwP8sYNOhYbyNRsSyhhHF0PiaS8yGc2_44eAdxw1HfEu5lhYGfNbLVtJWfNBpXQStkbaEV5ckQSUNyDMJpi5jJ98/s320/IMG_9451.JPG’ に保存中

     0K .......... .......... .......... ....                 100%  728K=0.05s

2026-09-16 09:11:55 (728 KB/s) - ‘blogger.googleusercontent.com/img/b/R29vZ2xl/AVvXsEi8Dl0hMI6qTUfV3sewg_GNhwVLa_Fd7I1kfzG4fQ28tU7eTXECXyJPwP8sYNOhYbyNRsSyhhHF0PiaS8yGc2_44eAdxw1HfEu5lhYGfNbLVtJWfNBpXQStkbaEV5ckQSUNyDMJpi5jJ98/s320/IMG_9451.JPG’ へ保存完了 [34901/34901]

--2026-09-16 09:11:56--  https://www.tunnelpoemer.com/2018/02/blog-post_28.html
www.tunnelpoemer.com (www.tunnelpoemer.com)|2404:6800:400b:c005::79|:443 に接続しています... 接続しました。
HTTP による接続要求を送信しました、応答を待っています... 200 OK
長さ: 特定できません [text/html]
‘www.tunnelpoemer.com/2018/02/blog-post_28.html’ に保存中

     0K .......... .......... .......... .......... .......... 3.45M
    50K ...                                                    14.8M=0.01s

2026-09-16 09:11:57 (3.64 MB/s) - ‘www.tunnelpoemer.com/2018/02/blog-post_28.html’ へ保存終了 [54931]

--2026-09-16 09:11:58--  https://blogger.googleusercontent.com/img/b/R29vZ2xl/AVvXsEgetFPfmMFvxQegPYSmy58qf7fcdwvKFO-7S-vnK8e0b4VxSu7U9IOlkjgRegT4YSFz6RfaoDSpckyqLKrTA8cQOIo9C1xgTvW8-v_OdUAAaxxjNlEMike8gGama3ae2JAA3nS7vGVN0_I/s320/IMG_6382.JPG
blogger.googleusercontent.com (blogger.googleusercontent.com)|2404:6800:400b:c005::84|:443 に接続しています... 接続しました。
HTTP による接続要求を送信しました、応答を待っています... 200 OK
長さ: 21412 (21K) [image/jpeg]
‘blogger.googleusercontent.com/img/b/R29vZ2xl/AVvXsEgetFPfmMFvxQegPYSmy58qf7fcdwvKFO-7S-vnK8e0b4VxSu7U9IOlkjgRegT4YSFz6RfaoDSpckyqLKrTA8cQOIo9C1xgTvW8-v_OdUAAaxxjNlEMike8gGama3ae2JAA3nS7vGVN0_I/s320/IMG_6382.JPG’ に保存中

     0K .......... ..........                                 100% 14.2M=0.001s

2026-09-16 09:11:59 (14.2 MB/s) - ‘blogger.googleusercontent.com/img/b/R29vZ2xl/AVvXsEgetFPfmMFvxQegPYSmy58qf7fcdwvKFO-7S-vnK8e0b4VxSu7U9IOlkjgRegT4YSFz6RfaoDSpckyqLKrTA8cQOIo9C1xgTvW8-v_OdUAAaxxjNlEMike8gGama3ae2JAA3nS7vGVN0_I/s320/IMG_6382.JPG’ へ保存完了 [21412/21412]

--2026-09-16 09:12:00--  https://www.tunnelpoemer.com/2018/02/blog-post_79.html
www.tunnelpoemer.com (www.tunnelpoemer.com)|2404:6800:400b:c005::79|:443 に接続しています... 接続しました。
HTTP による接続要求を送信しました、応答を待っています... 200 OK
長さ: 特定できません [text/html]
‘www.tunnelpoemer.com/2018/02/blog-post_79.html’ に保存中

     0K .......... .......... .......... .......... ..........  289K
    50K ...                                                    3.87M=0.2s

2026-09-16 09:12:01 (308 KB/s) - ‘www.tunnelpoemer.com/2018/02/blog-post_79.html’ へ保存終了 [54905]

--2026-09-16 09:12:02--  https://blogger.googleusercontent.com/img/b/R29vZ2xl/AVvXsEjcfD1P46N-deufXnx3hNnkFoWexwOATHaXdfgbrXlYMzDQnysbKNOj00G75PiYVGMEuqfkWpqBeWpqAosbth1A4GhByc3NTPQs6Ms6EPtU_ssk-z8sNczI5-Eu2dVlHtpzvXt6_6UaZno/s320/IMG_1041.JPG
blogger.googleusercontent.com (blogger.googleusercontent.com)|2404:6800:400b:c005::84|:443 に接続しています... 接続しました。
HTTP による接続要求を送信しました、応答を待っています... 200 OK
長さ: 34447 (34K) [image/jpeg]
‘blogger.googleusercontent.com/img/b/R29vZ2xl/AVvXsEjcfD1P46N-deufXnx3hNnkFoWexwOATHaXdfgbrXlYMzDQnysbKNOj00G75PiYVGMEuqfkWpqBeWpqAosbth1A4GhByc3NTPQs6Ms6EPtU_ssk-z8sNczI5-Eu2dVlHtpzvXt6_6UaZno/s320/IMG_1041.JPG’ に保存中

     0K .......... .......... .......... ...                  100% 3.16M=0.01s

2026-09-16 09:12:04 (3.16 MB/s) - ‘blogger.googleusercontent.com/img/b/R29vZ2xl/AVvXsEjcfD1P46N-deufXnx3hNnkFoWexwOATHaXdfgbrXlYMzDQnysbKNOj00G75PiYVGMEuqfkWpqBeWpqAosbth1A4GhByc3NTPQs6Ms6EPtU_ssk-z8sNczI5-Eu2dVlHtpzvXt6_6UaZno/s320/IMG_1041.JPG’ へ保存完了 [34447/34447]

--2026-09-16 09:12:05--  https://www.tunnelpoemer.com/2018/02/blog-post.html
www.tunnelpoemer.com (www.tunnelpoemer.com)|2404:6800:400b:c005::79|:443 に接続しています... 接続しました。
HTTP による接続要求を送信しました、応答を待っています... 200 OK
長さ: 特定できません [text/html]
‘www.tunnelpoemer.com/2018/02/blog-post.html’ に保存中

     0K .......... .......... .......... .......... ..........  719K
    50K ...                                                    8.76M=0.07s

2026-09-16 09:12:06 (770 KB/s) - ‘www.tunnelpoemer.com/2018/02/blog-post.html’ へ保存終了 [55148]

--2026-09-16 09:12:07--  https://blogger.googleusercontent.com/img/b/R29vZ2xl/AVvXsEhvosPz4DEkIujf0eULRZgvJBF7JBSgRZE9PzNS82i8NhnReuQSWRQ-4Ldyf9q0idz3JNg87QkKElKi5Q1tXwDNvA6vlUBpLPajJN6nb6P8gm0SzkQiqD_h3WUIYhZau6YPY2h9SuH8fuM/s320/IMG_6038.JPG
blogger.googleusercontent.com (blogger.googleusercontent.com)|2404:6800:400b:c005::84|:443 に接続しています... 接続しました。
HTTP による接続要求を送信しました、応答を待っています... 200 OK
長さ: 28177 (28K) [image/jpeg]
‘blogger.googleusercontent.com/img/b/R29vZ2xl/AVvXsEhvosPz4DEkIujf0eULRZgvJBF7JBSgRZE9PzNS82i8NhnReuQSWRQ-4Ldyf9q0idz3JNg87QkKElKi5Q1tXwDNvA6vlUBpLPajJN6nb6P8gm0SzkQiqD_h3WUIYhZau6YPY2h9SuH8fuM/s320/IMG_6038.JPG’ に保存中

     0K .......... .......... .......                         100% 2.44M=0.01s

2026-09-16 09:12:09 (2.44 MB/s) - ‘blogger.googleusercontent.com/img/b/R29vZ2xl/AVvXsEhvosPz4DEkIujf0eULRZgvJBF7JBSgRZE9PzNS82i8NhnReuQSWRQ-4Ldyf9q0idz3JNg87QkKElKi5Q1tXwDNvA6vlUBpLPajJN6nb6P8gm0SzkQiqD_h3WUIYhZau6YPY2h9SuH8fuM/s320/IMG_6038.JPG’ へ保存完了 [28177/28177]

--2026-09-16 09:12:10--  https://www.tunnelpoemer.com/2018/02/e2336000.html
www.tunnelpoemer.com (www.tunnelpoemer.com)|2404:6800:400b:c005::79|:443 に接続しています... 接続しました。
HTTP による接続要求を送信しました、応答を待っています... 200 OK
長さ: 特定できません [text/html]
‘www.tunnelpoemer.com/2018/02/e2336000.html’ に保存中

     0K .......... .......... .......... .......... .......... 1.02M
    50K ...                                                     949K=0.05s

2026-09-16 09:12:11 (1.01 MB/s) - ‘www.tunnelpoemer.com/2018/02/e2336000.html’ へ保存終了 [54881]

--2026-09-16 09:12:12--  https://blogger.googleusercontent.com/img/b/R29vZ2xl/AVvXsEjorSJIBK2uRq_Wv7fNDSNn5o2cagy5EfrSkwuwPtccAZKaHOEjXFVjduadxV7BQJSoiT6schgljPa34D6IKN_1osbxBJNs5fdpoqj-Ld_E9A0N3NXrfGHf1cfRXNVcI2LiIx9LImnAUnU/s320/IMG_6140.JPG
blogger.googleusercontent.com (blogger.googleusercontent.com)|2404:6800:400b:c005::84|:443 に接続しています... 接続しました。
HTTP による接続要求を送信しました、応答を待っています... 200 OK
長さ: 29717 (29K) [image/jpeg]
‘blogger.googleusercontent.com/img/b/R29vZ2xl/AVvXsEjorSJIBK2uRq_Wv7fNDSNn5o2cagy5EfrSkwuwPtccAZKaHOEjXFVjduadxV7BQJSoiT6schgljPa34D6IKN_1osbxBJNs5fdpoqj-Ld_E9A0N3NXrfGHf1cfRXNVcI2LiIx9LImnAUnU/s320/IMG_6140.JPG’ に保存中

     0K .......... .......... .........                       100% 4.21M=0.007s

2026-09-16 09:12:13 (4.21 MB/s) - ‘blogger.googleusercontent.com/img/b/R29vZ2xl/AVvXsEjorSJIBK2uRq_Wv7fNDSNn5o2cagy5EfrSkwuwPtccAZKaHOEjXFVjduadxV7BQJSoiT6schgljPa34D6IKN_1osbxBJNs5fdpoqj-Ld_E9A0N3NXrfGHf1cfRXNVcI2LiIx9LImnAUnU/s320/IMG_6140.JPG’ へ保存完了 [29717/29717]

--2026-09-16 09:12:14--  https://www.tunnelpoemer.com/2018/02/x2.html
www.tunnelpoemer.com (www.tunnelpoemer.com)|2404:6800:400b:c005::79|:443 に接続しています... 接続しました。
HTTP による接続要求を送信しました、応答を待っています... 200 OK
長さ: 特定できません [text/html]
‘www.tunnelpoemer.com/2018/02/x2.html’ に保存中

     0K .......... .......... .......... .......... ..........  614K
    50K ...                                                    2.20M=0.08s

2026-09-16 09:12:16 (646 KB/s) - ‘www.tunnelpoemer.com/2018/02/x2.html’ へ保存終了 [54891]

--2026-09-16 09:12:17--  https://blogger.googleusercontent.com/img/b/R29vZ2xl/AVvXsEjaqkKufkqlyPi7JGRDPJoSRBVNk7vPWnDIc1nW4QlDu5EUnZnnGKdnOvhWa0_yHvePa6HmCIimEc90HfNgLwiOq-mTGDFuRluWPdcihFmonK6ty2VqGa9nZl7Vsbg_xcjkORRage5D4Vg/s320/IMG_5835.JPG
blogger.googleusercontent.com (blogger.googleusercontent.com)|2404:6800:400b:c005::84|:443 に接続しています... 接続しました。
HTTP による接続要求を送信しました、応答を待っています... 200 OK
長さ: 33749 (33K) [image/jpeg]
‘blogger.googleusercontent.com/img/b/R29vZ2xl/AVvXsEjaqkKufkqlyPi7JGRDPJoSRBVNk7vPWnDIc1nW4QlDu5EUnZnnGKdnOvhWa0_yHvePa6HmCIimEc90HfNgLwiOq-mTGDFuRluWPdcihFmonK6ty2VqGa9nZl7Vsbg_xcjkORRage5D4Vg/s320/IMG_5835.JPG’ に保存中

     0K .......... .......... .......... ..                   100% 2.54M=0.01s

2026-09-16 09:12:18 (2.54 MB/s) - ‘blogger.googleusercontent.com/img/b/R29vZ2xl/AVvXsEjaqkKufkqlyPi7JGRDPJoSRBVNk7vPWnDIc1nW4QlDu5EUnZnnGKdnOvhWa0_yHvePa6HmCIimEc90HfNgLwiOq-mTGDFuRluWPdcihFmonK6ty2VqGa9nZl7Vsbg_xcjkORRage5D4Vg/s320/IMG_5835.JPG’ へ保存完了 [33749/33749]

--2026-09-16 09:12:19--  https://www.tunnelpoemer.com/2018/03/209.html
www.tunnelpoemer.com (www.tunnelpoemer.com)|2404:6800:400b:c005::79|:443 に接続しています... 接続しました。
HTTP による接続要求を送信しました、応答を待っています... 200 OK
長さ: 特定できません [text/html]
‘www.tunnelpoemer.com/2018/03/209.html’ に保存中

     0K .......... .......... .......... .......... .......... 3.59M
    50K ...                                                    1.32M=0.02s

2026-09-16 09:12:21 (3.22 MB/s) - ‘www.tunnelpoemer.com/2018/03/209.html’ へ保存終了 [54902]

--2026-09-16 09:12:22--  https://blogger.googleusercontent.com/img/b/R29vZ2xl/AVvXsEgvTip6mMjaEY6vyBGEV8rR4CHL-f5hJ98TZFBJ7dIxvWcusQT6ZXCJDxGGvqkuH8nQthB-DaNXRly2vHDaj6uKQVG4sSit8NWO1WzGwHbCm14iHpTlE23nuk4eq32VwVKPpa4-S7BF-o0/s320/IMG_5296.JPG
blogger.googleusercontent.com (blogger.googleusercontent.com)|2404:6800:400b:c005::84|:443 に接続しています... 接続しました。
HTTP による接続要求を送信しました、応答を待っています... 200 OK
長さ: 35014 (34K) [image/jpeg]
‘blogger.googleusercontent.com/img/b/R29vZ2xl/AVvXsEgvTip6mMjaEY6vyBGEV8rR4CHL-f5hJ98TZFBJ7dIxvWcusQT6ZXCJDxGGvqkuH8nQthB-DaNXRly2vHDaj6uKQVG4sSit8NWO1WzGwHbCm14iHpTlE23nuk4eq32VwVKPpa4-S7BF-o0/s320/IMG_5296.JPG’ に保存中

     0K .......... .......... .......... ....                 100% 7.51M=0.004s

2026-09-16 09:12:24 (7.51 MB/s) - ‘blogger.googleusercontent.com/img/b/R29vZ2xl/AVvXsEgvTip6mMjaEY6vyBGEV8rR4CHL-f5hJ98TZFBJ7dIxvWcusQT6ZXCJDxGGvqkuH8nQthB-DaNXRly2vHDaj6uKQVG4sSit8NWO1WzGwHbCm14iHpTlE23nuk4eq32VwVKPpa4-S7BF-o0/s320/IMG_5296.JPG’ へ保存完了 [35014/35014]

--2026-09-16 09:12:25--  https://www.tunnelpoemer.com/2018/03/blog-post_16.html
www.tunnelpoemer.com (www.tunnelpoemer.com)|2404:6800:400b:c005::79|:443 に接続しています... 接続しました。
HTTP による接続要求を送信しました、応答を待っています... 200 OK
長さ: 特定できません [text/html]
‘www.tunnelpoemer.com/2018/03/blog-post_16.html’ に保存中

     0K .......... .......... .......... .......... .......... 1.17M
    50K ...                                                    23.5M=0.04s

2026-09-16 09:12:27 (1.25 MB/s) - ‘www.tunnelpoemer.com/2018/03/blog-post_16.html’ へ保存終了 [54790]

--2026-09-16 09:12:28--  https://blogger.googleusercontent.com/img/b/R29vZ2xl/AVvXsEiO0nixOOnitA6iyGAlRe_e9Y0cJdk_9x0T-d8wE7mSBTOt218LQlDp00MgrWbqebMFXIcNUTo4aVEC6JVksAa53_e7QmSlvbkr9GxK9rFIFWrgNrjskHpy2JHUOVUOAMZqh6ytIPnsEyk/s320/IMG_4810.JPG
blogger.googleusercontent.com (blogger.googleusercontent.com)|2404:6800:400b:c005::84|:443 に接続しています... 接続しました。
HTTP による接続要求を送信しました、応答を待っています... 200 OK
長さ: 37517 (37K) [image/jpeg]
‘blogger.googleusercontent.com/img/b/R29vZ2xl/AVvXsEiO0nixOOnitA6iyGAlRe_e9Y0cJdk_9x0T-d8wE7mSBTOt218LQlDp00MgrWbqebMFXIcNUTo4aVEC6JVksAa53_e7QmSlvbkr9GxK9rFIFWrgNrjskHpy2JHUOVUOAMZqh6ytIPnsEyk/s320/IMG_4810.JPG’ に保存中

     0K .......... .......... .......... ......               100% 2.94M=0.01s

2026-09-16 09:12:31 (2.94 MB/s) - ‘blogger.googleusercontent.com/img/b/R29vZ2xl/AVvXsEiO0nixOOnitA6iyGAlRe_e9Y0cJdk_9x0T-d8wE7mSBTOt218LQlDp00MgrWbqebMFXIcNUTo4aVEC6JVksAa53_e7QmSlvbkr9GxK9rFIFWrgNrjskHpy2JHUOVUOAMZqh6ytIPnsEyk/s320/IMG_4810.JPG’ へ保存完了 [37517/37517]

--2026-09-16 09:12:32--  https://www.tunnelpoemer.com/2018/03/blog-post_21.html
www.tunnelpoemer.com (www.tunnelpoemer.com)|2404:6800:400b:c005::79|:443 に接続しています... 接続しました。
HTTP による接続要求を送信しました、応答を待っています... 200 OK
長さ: 特定できません [text/html]
‘www.tunnelpoemer.com/2018/03/blog-post_21.html’ に保存中

     0K .......... .......... .......... .......... .......... 2.60M
    50K ...                                                    7.37M=0.02s

2026-09-16 09:12:34 (2.71 MB/s) - ‘www.tunnelpoemer.com/2018/03/blog-post_21.html’ へ保存終了 [54544]

--2026-09-16 09:12:35--  https://blogger.googleusercontent.com/img/b/R29vZ2xl/AVvXsEjJtKHqFCHkAq12VJnUbFKz27KNZk6Mlf2IzBqNQNq9FdazENqzMcmrbMzS64QN_cUbn0r7-4zAaAUNH-ZpeJWVqSZKgNQfi8SIF5lKOKK_nQHyAApSSr_NeWs9f1gFUxwdPPmN1i04NZo/s320/IMG_6604.JPG
blogger.googleusercontent.com (blogger.googleusercontent.com)|2404:6800:400b:c005::84|:443 に接続しています... 接続しました。
HTTP による接続要求を送信しました、応答を待っています... 200 OK
長さ: 27870 (27K) [image/jpeg]
‘blogger.googleusercontent.com/img/b/R29vZ2xl/AVvXsEjJtKHqFCHkAq12VJnUbFKz27KNZk6Mlf2IzBqNQNq9FdazENqzMcmrbMzS64QN_cUbn0r7-4zAaAUNH-ZpeJWVqSZKgNQfi8SIF5lKOKK_nQHyAApSSr_NeWs9f1gFUxwdPPmN1i04NZo/s320/IMG_6604.JPG’ に保存中

     0K .......... .......... .......                         100% 2.79M=0.01s

2026-09-16 09:12:37 (2.79 MB/s) - ‘blogger.googleusercontent.com/img/b/R29vZ2xl/AVvXsEjJtKHqFCHkAq12VJnUbFKz27KNZk6Mlf2IzBqNQNq9FdazENqzMcmrbMzS64QN_cUbn0r7-4zAaAUNH-ZpeJWVqSZKgNQfi8SIF5lKOKK_nQHyAApSSr_NeWs9f1gFUxwdPPmN1i04NZo/s320/IMG_6604.JPG’ へ保存完了 [27870/27870]

--2026-09-16 09:12:38--  https://www.tunnelpoemer.com/2018/03/blog-post_30.html
www.tunnelpoemer.com (www.tunnelpoemer.com)|2404:6800:400b:c005::79|:443 に接続しています... 接続しました。
HTTP による接続要求を送信しました、応答を待っています... 200 OK
長さ: 特定できません [text/html]
‘www.tunnelpoemer.com/2018/03/blog-post_30.html’ に保存中

     0K .......... .......... .......... .......... .......... 1.33M
    50K ...                                                    19.5M=0.04s

2026-09-16 09:12:39 (1.42 MB/s) - ‘www.tunnelpoemer.com/2018/03/blog-post_30.html’ へ保存終了 [54958]

--2026-09-16 09:12:40--  https://blogger.googleusercontent.com/img/b/R29vZ2xl/AVvXsEi-8wK4Q6t0Xry2DeWdYhzZL1cDADAGgQXm1umyXIwMdgL-TlhhSOSqsmwIDVyQiEECKZDov6jYqX68zAcoI3ZZoxHW6UaN4FcszjjJiiuypvRlSHyXfIQg-51Civ4pIMz8D0MzodP-rik/s320/081B124E-4C60-4B6C-AE24-B5D6FD9A84A2.jpeg
blogger.googleusercontent.com (blogger.googleusercontent.com)|2404:6800:400b:c005::84|:443 に接続しています... 接続しました。
HTTP による接続要求を送信しました、応答を待っています... 200 OK
長さ: 26033 (25K) [image/jpeg]
‘blogger.googleusercontent.com/img/b/R29vZ2xl/AVvXsEi-8wK4Q6t0Xry2DeWdYhzZL1cDADAGgQXm1umyXIwMdgL-TlhhSOSqsmwIDVyQiEECKZDov6jYqX68zAcoI3ZZoxHW6UaN4FcszjjJiiuypvRlSHyXfIQg-51Civ4pIMz8D0MzodP-rik/s320/081B124E-4C60-4B6C-AE24-B5D6FD9A84A2.jpeg’ に保存中

     0K .......... .......... .....                           100% 3.76M=0.007s

2026-09-16 09:12:41 (3.76 MB/s) - ‘blogger.googleusercontent.com/img/b/R29vZ2xl/AVvXsEi-8wK4Q6t0Xry2DeWdYhzZL1cDADAGgQXm1umyXIwMdgL-TlhhSOSqsmwIDVyQiEECKZDov6jYqX68zAcoI3ZZoxHW6UaN4FcszjjJiiuypvRlSHyXfIQg-51Civ4pIMz8D0MzodP-rik/s320/081B124E-4C60-4B6C-AE24-B5D6FD9A84A2.jpeg’ へ保存完了 [26033/26033]

--2026-09-16 09:12:42--  https://www.tunnelpoemer.com/2018/03/n9.html
www.tunnelpoemer.com (www.tunnelpoemer.com)|2404:6800:400b:c005::79|:443 に接続しています... 接続しました。
HTTP による接続要求を送信しました、応答を待っています... 200 OK
長さ: 特定できません [text/html]
‘www.tunnelpoemer.com/2018/03/n9.html’ に保存中

     0K .......... .......... .......... .......... .......... 1.02M
    50K ...                                                    21.4M=0.05s

2026-09-16 09:12:43 (1.08 MB/s) - ‘www.tunnelpoemer.com/2018/03/n9.html’ へ保存終了 [54453]

--2026-09-16 09:12:44--  https://blogger.googleusercontent.com/img/b/R29vZ2xl/AVvXsEhTghqs3KKHkv00yWXCxVUZvu90KayugV3UpJaFrqataD3_gJSGZO1fsSL_nVw1KdilywtAo4c_AVmt1xg3xph2Y8CoNoYqmOk0RQQGdEVFTtQ8WR8D3z6wYLbyzC221OzO0YKkaHWrSaQ/s320/IMG_6565.JPG
blogger.googleusercontent.com (blogger.googleusercontent.com)|2404:6800:400b:c005::84|:443 に接続しています... 接続しました。
HTTP による接続要求を送信しました、応答を待っています... 200 OK
長さ: 33174 (32K) [image/jpeg]
‘blogger.googleusercontent.com/img/b/R29vZ2xl/AVvXsEhTghqs3KKHkv00yWXCxVUZvu90KayugV3UpJaFrqataD3_gJSGZO1fsSL_nVw1KdilywtAo4c_AVmt1xg3xph2Y8CoNoYqmOk0RQQGdEVFTtQ8WR8D3z6wYLbyzC221OzO0YKkaHWrSaQ/s320/IMG_6565.JPG’ に保存中

     0K .......... .......... .......... ..                   100% 3.41M=0.009s

2026-09-16 09:12:46 (3.41 MB/s) - ‘blogger.googleusercontent.com/img/b/R29vZ2xl/AVvXsEhTghqs3KKHkv00yWXCxVUZvu90KayugV3UpJaFrqataD3_gJSGZO1fsSL_nVw1KdilywtAo4c_AVmt1xg3xph2Y8CoNoYqmOk0RQQGdEVFTtQ8WR8D3z6wYLbyzC221OzO0YKkaHWrSaQ/s320/IMG_6565.JPG’ へ保存完了 [33174/33174]

--2026-09-16 09:12:47--  https://www.tunnelpoemer.com/2018/04/blog-post_15.html
www.tunnelpoemer.com (www.tunnelpoemer.com)|2404:6800:400b:c005::79|:443 に接続しています... 接続しました。
HTTP による接続要求を送信しました、応答を待っています... 200 OK
長さ: 特定できません [text/html]
‘www.tunnelpoemer.com/2018/04/blog-post_15.html’ に保存中

     0K .......... .......... .......... .......... .......... 1.01M
    50K ...                                                    23.1M=0.05s

2026-09-16 09:12:48 (1.07 MB/s) - ‘www.tunnelpoemer.com/2018/04/blog-post_15.html’ へ保存終了 [54326]

--2026-09-16 09:12:49--  https://blogger.googleusercontent.com/img/b/R29vZ2xl/AVvXsEiKnhdoQF6_GrzZK5F0XY6IUc1udu6ScBA1Wh96j5DPBQV0bmpdOrFJUBt0OTv11qluV_z8zpI5wQgi_l7EGNvUgCBmvPaAkVGbYBH5pe1vhrKxDc7PyXt7k4XCIpZ-yjMaRJzYTnrscFM/s320/IMG_6809.JPG
blogger.googleusercontent.com (blogger.googleusercontent.com)|2404:6800:400b:c005::84|:443 に接続しています... 接続しました。
HTTP による接続要求を送信しました、応答を待っています... 200 OK
長さ: 24933 (24K) [image/jpeg]
‘blogger.googleusercontent.com/img/b/R29vZ2xl/AVvXsEiKnhdoQF6_GrzZK5F0XY6IUc1udu6ScBA1Wh96j5DPBQV0bmpdOrFJUBt0OTv11qluV_z8zpI5wQgi_l7EGNvUgCBmvPaAkVGbYBH5pe1vhrKxDc7PyXt7k4XCIpZ-yjMaRJzYTnrscFM/s320/IMG_6809.JPG’ に保存中

     0K .......... .......... ....                            100% 2.41M=0.01s

2026-09-16 09:12:50 (2.41 MB/s) - ‘blogger.googleusercontent.com/img/b/R29vZ2xl/AVvXsEiKnhdoQF6_GrzZK5F0XY6IUc1udu6ScBA1Wh96j5DPBQV0bmpdOrFJUBt0OTv11qluV_z8zpI5wQgi_l7EGNvUgCBmvPaAkVGbYBH5pe1vhrKxDc7PyXt7k4XCIpZ-yjMaRJzYTnrscFM/s320/IMG_6809.JPG’ へ保存完了 [24933/24933]

--2026-09-16 09:12:51--  https://www.tunnelpoemer.com/2018/04/blog-post_6.html
www.tunnelpoemer.com (www.tunnelpoemer.com)|2404:6800:400b:c005::79|:443 に接続しています... 接続しました。
HTTP による接続要求を送信しました、応答を待っています... 200 OK
長さ: 特定できません [text/html]
‘www.tunnelpoemer.com/2018/04/blog-post_6.html’ に保存中

     0K .......... .......... .......... .......... .......... 2.09M
    50K ...                                                    16.6M=0.02s

2026-09-16 09:12:53 (2.21 MB/s) - ‘www.tunnelpoemer.com/2018/04/blog-post_6.html’ へ保存終了 [54728]

--2026-09-16 09:12:54--  https://blogger.googleusercontent.com/img/b/R29vZ2xl/AVvXsEixjTktN_XpXDLH4gS-YE4-VSKe6ZzNcxAcqeyNXIb2HtWs3lCvghrhoMXkpUu3cXlBZnPUpq-x0dPlc0cnee8b_uNPFMfrhqUhTQJf-sDGEohzmnnHCOi7NGhWC1cJNvadtOJ77ZT8h_E/s320/IMG_0930.JPG
blogger.googleusercontent.com (blogger.googleusercontent.com)|2404:6800:400b:c005::84|:443 に接続しています... 接続しました。
HTTP による接続要求を送信しました、応答を待っています... 200 OK
長さ: 22072 (22K) [image/jpeg]
‘blogger.googleusercontent.com/img/b/R29vZ2xl/AVvXsEixjTktN_XpXDLH4gS-YE4-VSKe6ZzNcxAcqeyNXIb2HtWs3lCvghrhoMXkpUu3cXlBZnPUpq-x0dPlc0cnee8b_uNPFMfrhqUhTQJf-sDGEohzmnnHCOi7NGhWC1cJNvadtOJ77ZT8h_E/s320/IMG_0930.JPG’ に保存中

     0K .......... .......... .                               100% 15.3M=0.001s

2026-09-16 09:12:55 (15.3 MB/s) - ‘blogger.googleusercontent.com/img/b/R29vZ2xl/AVvXsEixjTktN_XpXDLH4gS-YE4-VSKe6ZzNcxAcqeyNXIb2HtWs3lCvghrhoMXkpUu3cXlBZnPUpq-x0dPlc0cnee8b_uNPFMfrhqUhTQJf-sDGEohzmnnHCOi7NGhWC1cJNvadtOJ77ZT8h_E/s320/IMG_0930.JPG’ へ保存完了 [22072/22072]

--2026-09-16 09:12:56--  https://www.tunnelpoemer.com/2018/04/blog-post.html
www.tunnelpoemer.com (www.tunnelpoemer.com)|2404:6800:400b:c005::79|:443 に接続しています... 接続しました。
HTTP による接続要求を送信しました、応答を待っています... 200 OK
長さ: 特定できません [text/html]
‘www.tunnelpoemer.com/2018/04/blog-post.html’ に保存中

     0K .......... .......... .......... .......... .......... 3.09M
    50K ...                                                    25.3M=0.02s

2026-09-16 09:12:57 (3.26 MB/s) - ‘www.tunnelpoemer.com/2018/04/blog-post.html’ へ保存終了 [54326]

--2026-09-16 09:12:58--  https://blogger.googleusercontent.com/img/b/R29vZ2xl/AVvXsEgeWc3VFjF9gqKs_54EGtGSGyFAgg1kF9hbHYUIGkP5h8Frlj6omkCr6oJ7Q0oPOcsZvL7Tt98rB91Qo4y9wbErHnXcIEUhicNeo_zSG4iHzaDVBshB5ZAGjuklzekp851IiDUTDOxkz0s/s320/IMG_6688.JPG
blogger.googleusercontent.com (blogger.googleusercontent.com)|2404:6800:400b:c005::84|:443 に接続しています... 接続しました。
HTTP による接続要求を送信しました、応答を待っています... 200 OK
長さ: 44116 (43K) [image/jpeg]
‘blogger.googleusercontent.com/img/b/R29vZ2xl/AVvXsEgeWc3VFjF9gqKs_54EGtGSGyFAgg1kF9hbHYUIGkP5h8Frlj6omkCr6oJ7Q0oPOcsZvL7Tt98rB91Qo4y9wbErHnXcIEUhicNeo_zSG4iHzaDVBshB5ZAGjuklzekp851IiDUTDOxkz0s/s320/IMG_6688.JPG’ に保存中

     0K .......... .......... .......... .......... ...       100% 3.58M=0.01s

2026-09-16 09:12:59 (3.58 MB/s) - ‘blogger.googleusercontent.com/img/b/R29vZ2xl/AVvXsEgeWc3VFjF9gqKs_54EGtGSGyFAgg1kF9hbHYUIGkP5h8Frlj6omkCr6oJ7Q0oPOcsZvL7Tt98rB91Qo4y9wbErHnXcIEUhicNeo_zSG4iHzaDVBshB5ZAGjuklzekp851IiDUTDOxkz0s/s320/IMG_6688.JPG’ へ保存完了 [44116/44116]

--2026-09-16 09:13:00--  https://www.tunnelpoemer.com/2018/12/03.html
www.tunnelpoemer.com (www.tunnelpoemer.com)|2404:6800:400b:c005::79|:443 に接続しています... 接続しました。
HTTP による接続要求を送信しました、応答を待っています... 200 OK
長さ: 特定できません [text/html]
‘www.tunnelpoemer.com/2018/12/03.html’ に保存中

     0K .......... .......... .......... .......... .......... 1.11M
    50K ...                                                    16.4M=0.04s

2026-09-16 09:13:02 (1.18 MB/s) - ‘www.tunnelpoemer.com/2018/12/03.html’ へ保存終了 [54527]

--2026-09-16 09:13:03--  https://blogger.googleusercontent.com/img/b/R29vZ2xl/AVvXsEhr4z1_znpLKNSbWtlmTccDh8A5GBJpDka04nFuw3vrGpc4fpsWWyZIMscNXlk1aUGBlqsyeucrUSSxzQu9uJlfve8k9omrPB1u4MgSKAKkICOTlGKEeX2njufxJbAEPkj08dPsnmObiGs/s320/5119F131-12D7-4B33-AF24-16AB5BEFF880.jpeg
blogger.googleusercontent.com (blogger.googleusercontent.com)|2404:6800:400b:c005::84|:443 に接続しています... 接続しました。
HTTP による接続要求を送信しました、応答を待っています... 200 OK
長さ: 22021 (22K) [image/jpeg]
‘blogger.googleusercontent.com/img/b/R29vZ2xl/AVvXsEhr4z1_znpLKNSbWtlmTccDh8A5GBJpDka04nFuw3vrGpc4fpsWWyZIMscNXlk1aUGBlqsyeucrUSSxzQu9uJlfve8k9omrPB1u4MgSKAKkICOTlGKEeX2njufxJbAEPkj08dPsnmObiGs/s320/5119F131-12D7-4B33-AF24-16AB5BEFF880.jpeg’ に保存中

     0K .......... .......... .                               100% 7.07M=0.003s

2026-09-16 09:13:05 (7.07 MB/s) - ‘blogger.googleusercontent.com/img/b/R29vZ2xl/AVvXsEhr4z1_znpLKNSbWtlmTccDh8A5GBJpDka04nFuw3vrGpc4fpsWWyZIMscNXlk1aUGBlqsyeucrUSSxzQu9uJlfve8k9omrPB1u4MgSKAKkICOTlGKEeX2njufxJbAEPkj08dPsnmObiGs/s320/5119F131-12D7-4B33-AF24-16AB5BEFF880.jpeg’ へ保存完了 [22021/22021]

--2026-09-16 09:13:06--  https://www.tunnelpoemer.com/2018/12/blog-post.html
www.tunnelpoemer.com (www.tunnelpoemer.com)|2404:6800:400b:c005::79|:443 に接続しています... 接続しました。
HTTP による接続要求を送信しました、応答を待っています... 200 OK
長さ: 特定できません [text/html]
‘www.tunnelpoemer.com/2018/12/blog-post.html’ に保存中

     0K .......... .......... .......... .......... .......... 2.25M
    50K ..                                                     19.5M=0.02s

2026-09-16 09:13:07 (2.37 MB/s) - ‘www.tunnelpoemer.com/2018/12/blog-post.html’ へ保存終了 [54112]

--2026-09-16 09:13:08--  https://blogger.googleusercontent.com/img/b/R29vZ2xl/AVvXsEg2hy2IZNe93YN9JuzG5qxnOYQ_HkHGXXZziUSSeJahmjR5T4cnf64rwZo6qy7Mz3JyZyYM87pG-zJkr7WV1_aoKb9q0osAKOLyDJRPb3AKM8FrWdcg6OUVI28Lo6VNWrQOWeKtU6iSFLo/s320/IMG_2746.JPG
blogger.googleusercontent.com (blogger.googleusercontent.com)|2404:6800:400b:c005::84|:443 に接続しています... 接続しました。
HTTP による接続要求を送信しました、応答を待っています... 200 OK
長さ: 36712 (36K) [image/jpeg]
‘blogger.googleusercontent.com/img/b/R29vZ2xl/AVvXsEg2hy2IZNe93YN9JuzG5qxnOYQ_HkHGXXZziUSSeJahmjR5T4cnf64rwZo6qy7Mz3JyZyYM87pG-zJkr7WV1_aoKb9q0osAKOLyDJRPb3AKM8FrWdcg6OUVI28Lo6VNWrQOWeKtU6iSFLo/s320/IMG_2746.JPG’ に保存中

     0K .......... .......... .......... .....                100% 3.52M=0.01s

2026-09-16 09:13:10 (3.52 MB/s) - ‘blogger.googleusercontent.com/img/b/R29vZ2xl/AVvXsEg2hy2IZNe93YN9JuzG5qxnOYQ_HkHGXXZziUSSeJahmjR5T4cnf64rwZo6qy7Mz3JyZyYM87pG-zJkr7WV1_aoKb9q0osAKOLyDJRPb3AKM8FrWdcg6OUVI28Lo6VNWrQOWeKtU6iSFLo/s320/IMG_2746.JPG’ へ保存完了 [36712/36712]

--2026-09-16 09:13:11--  https://www.tunnelpoemer.com/2019/01/blog-post_10.html
www.tunnelpoemer.com (www.tunnelpoemer.com)|2404:6800:400b:c005::79|:443 に接続しています... 接続しました。
HTTP による接続要求を送信しました、応答を待っています... 200 OK
長さ: 特定できません [text/html]
‘www.tunnelpoemer.com/2019/01/blog-post_10.html’ に保存中

     0K .......... .......... .......... .......... .......... 3.36M
    50K ...                                                    5.62M=0.02s

2026-09-16 09:13:12 (3.45 MB/s) - ‘www.tunnelpoemer.com/2019/01/blog-post_10.html’ へ保存終了 [54782]

--2026-09-16 09:13:13--  https://blogger.googleusercontent.com/img/b/R29vZ2xl/AVvXsEiNIbcl5mQgA5U7O1HKITthe6Jf44Fv8o_N6FXYF4TTdySrVuN44tnqBcAb3DlHYh8mWc_Ljvu8ke_j_qGl2E27EFffREZErn20I3anSo6J-iVL0FYM-UZ4VYHlH4Nnc5gN25jvqDvFjT8/s320/92860E29-8065-4921-89F4-03E0D5F7BDD3.jpeg
blogger.googleusercontent.com (blogger.googleusercontent.com)|2404:6800:400b:c005::84|:443 に接続しています... 接続しました。
HTTP による接続要求を送信しました、応答を待っています... 200 OK
長さ: 26010 (25K) [image/jpeg]
‘blogger.googleusercontent.com/img/b/R29vZ2xl/AVvXsEiNIbcl5mQgA5U7O1HKITthe6Jf44Fv8o_N6FXYF4TTdySrVuN44tnqBcAb3DlHYh8mWc_Ljvu8ke_j_qGl2E27EFffREZErn20I3anSo6J-iVL0FYM-UZ4VYHlH4Nnc5gN25jvqDvFjT8/s320/92860E29-8065-4921-89F4-03E0D5F7BDD3.jpeg’ に保存中

     0K .......... .......... .....                           100% 2.24M=0.01s

2026-09-16 09:13:14 (2.24 MB/s) - ‘blogger.googleusercontent.com/img/b/R29vZ2xl/AVvXsEiNIbcl5mQgA5U7O1HKITthe6Jf44Fv8o_N6FXYF4TTdySrVuN44tnqBcAb3DlHYh8mWc_Ljvu8ke_j_qGl2E27EFffREZErn20I3anSo6J-iVL0FYM-UZ4VYHlH4Nnc5gN25jvqDvFjT8/s320/92860E29-8065-4921-89F4-03E0D5F7BDD3.jpeg’ へ保存完了 [26010/26010]

--2026-09-16 09:13:15--  https://www.tunnelpoemer.com/2019/01/blog-post_11.html
www.tunnelpoemer.com (www.tunnelpoemer.com)|2404:6800:400b:c005::79|:443 に接続しています... 接続しました。
HTTP による接続要求を送信しました、応答を待っています... 200 OK
長さ: 特定できません [text/html]
‘www.tunnelpoemer.com/2019/01/blog-post_11.html’ に保存中

     0K .......... .......... .......... .......... .......... 2.68M
    50K ...                                                    17.4M=0.02s

2026-09-16 09:13:17 (2.84 MB/s) - ‘www.tunnelpoemer.com/2019/01/blog-post_11.html’ へ保存終了 [55028]

--2026-09-16 09:13:18--  https://blogger.googleusercontent.com/img/b/R29vZ2xl/AVvXsEhRy_vi81p92JoqGJcm9gLFfVvRBQTGhn6lDiFdDGIZH4DzSw-6xSDOipVKe2OImCt0g3clygLiniLlKfisqvd6xsXxlC1fTR_I4XuMce5gv1fQx10KE2m7f6XVjyhsc9YzlamhBUJ9dyA/s320/B196DEA9-B406-4B16-8C50-01C38533FA7B.jpeg
blogger.googleusercontent.com (blogger.googleusercontent.com)|2404:6800:400b:c005::84|:443 に接続しています... 接続しました。
HTTP による接続要求を送信しました、応答を待っています... 200 OK
長さ: 28605 (28K) [image/jpeg]
‘blogger.googleusercontent.com/img/b/R29vZ2xl/AVvXsEhRy_vi81p92JoqGJcm9gLFfVvRBQTGhn6lDiFdDGIZH4DzSw-6xSDOipVKe2OImCt0g3clygLiniLlKfisqvd6xsXxlC1fTR_I4XuMce5gv1fQx10KE2m7f6XVjyhsc9YzlamhBUJ9dyA/s320/B196DEA9-B406-4B16-8C50-01C38533FA7B.jpeg’ に保存中

     0K .......... .......... .......                         100% 2.39M=0.01s

2026-09-16 09:13:19 (2.39 MB/s) - ‘blogger.googleusercontent.com/img/b/R29vZ2xl/AVvXsEhRy_vi81p92JoqGJcm9gLFfVvRBQTGhn6lDiFdDGIZH4DzSw-6xSDOipVKe2OImCt0g3clygLiniLlKfisqvd6xsXxlC1fTR_I4XuMce5gv1fQx10KE2m7f6XVjyhsc9YzlamhBUJ9dyA/s320/B196DEA9-B406-4B16-8C50-01C38533FA7B.jpeg’ へ保存完了 [28605/28605]

--2026-09-16 09:13:20--  https://www.tunnelpoemer.com/2019/01/blog-post_14.html
www.tunnelpoemer.com (www.tunnelpoemer.com)|2404:6800:400b:c005::79|:443 に接続しています... 接続しました。
HTTP による接続要求を送信しました、応答を待っています... 200 OK
長さ: 特定できません [text/html]
‘www.tunnelpoemer.com/2019/01/blog-post_14.html’ に保存中

     0K .......... .......... .......... .......... .......... 1.86M
    50K ...                                                    14.9M=0.03s

2026-09-16 09:13:23 (1.97 MB/s) - ‘www.tunnelpoemer.com/2019/01/blog-post_14.html’ へ保存終了 [54930]

--2026-09-16 09:13:24--  https://blogger.googleusercontent.com/img/b/R29vZ2xl/AVvXsEg3m7tEOur7Utc4zRbtwP_bjDGEPtUDgCRQfu9kA-DanheGTMeslj7IHsdr7PBs_U2ekxRr2EXDbe2tW4gHlw07L_4sXEa7t0khvZaD_DqG-c-Wh_CWRHuwycRQ93rAKBpiH-HMUJQQ-KA/s320/274AE5B2-9378-49EB-B2E8-E7C3AD1464FE.jpeg
blogger.googleusercontent.com (blogger.googleusercontent.com)|2404:6800:400b:c005::84|:443 に接続しています... 接続しました。
HTTP による接続要求を送信しました、応答を待っています... 200 OK
長さ: 17360 (17K) [image/jpeg]
‘blogger.googleusercontent.com/img/b/R29vZ2xl/AVvXsEg3m7tEOur7Utc4zRbtwP_bjDGEPtUDgCRQfu9kA-DanheGTMeslj7IHsdr7PBs_U2ekxRr2EXDbe2tW4gHlw07L_4sXEa7t0khvZaD_DqG-c-Wh_CWRHuwycRQ93rAKBpiH-HMUJQQ-KA/s320/274AE5B2-9378-49EB-B2E8-E7C3AD1464FE.jpeg’ に保存中

     0K .......... ......                                     100% 6.94M=0.002s

2026-09-16 09:13:26 (6.94 MB/s) - ‘blogger.googleusercontent.com/img/b/R29vZ2xl/AVvXsEg3m7tEOur7Utc4zRbtwP_bjDGEPtUDgCRQfu9kA-DanheGTMeslj7IHsdr7PBs_U2ekxRr2EXDbe2tW4gHlw07L_4sXEa7t0khvZaD_DqG-c-Wh_CWRHuwycRQ93rAKBpiH-HMUJQQ-KA/s320/274AE5B2-9378-49EB-B2E8-E7C3AD1464FE.jpeg’ へ保存完了 [17360/17360]

--2026-09-16 09:13:27--  https://www.tunnelpoemer.com/2019/01/blog-post_27.html
www.tunnelpoemer.com (www.tunnelpoemer.com)|2404:6800:400b:c005::79|:443 に接続しています... 接続しました。
HTTP による接続要求を送信しました、応答を待っています... 200 OK
長さ: 特定できません [text/html]
‘www.tunnelpoemer.com/2019/01/blog-post_27.html’ に保存中

     0K .......... .......... .......... .......... .......... 3.43M
    50K ...                                                    4.32M=0.02s

2026-09-16 09:13:28 (3.48 MB/s) - ‘www.tunnelpoemer.com/2019/01/blog-post_27.html’ へ保存終了 [55228]

--2026-09-16 09:13:29--  https://blogger.googleusercontent.com/img/b/R29vZ2xl/AVvXsEht3AhppUmDQ5wYJ9pKjdxVPRtXsv6-Yh15EPnPfCzBkP7uns_ezZtRS-TKD8yKX-13MRvkzZCurPRr7dtpp_94xX_VxQMmOuGgICyYjDb3FgDU6iXPfw4Rf1ltLJ-dGlU1ybjOUDuBHag/s320/124573A1-2075-45D7-A400-64EAF68909FE.jpeg
blogger.googleusercontent.com (blogger.googleusercontent.com)|2404:6800:400b:c005::84|:443 に接続しています... 接続しました。
HTTP による接続要求を送信しました、応答を待っています... 200 OK
長さ: 29443 (29K) [image/jpeg]
‘blogger.googleusercontent.com/img/b/R29vZ2xl/AVvXsEht3AhppUmDQ5wYJ9pKjdxVPRtXsv6-Yh15EPnPfCzBkP7uns_ezZtRS-TKD8yKX-13MRvkzZCurPRr7dtpp_94xX_VxQMmOuGgICyYjDb3FgDU6iXPfw4Rf1ltLJ-dGlU1ybjOUDuBHag/s320/124573A1-2075-45D7-A400-64EAF68909FE.jpeg’ に保存中

     0K .......... .......... ........                        100%  883K=0.03s

2026-09-16 09:13:31 (883 KB/s) - ‘blogger.googleusercontent.com/img/b/R29vZ2xl/AVvXsEht3AhppUmDQ5wYJ9pKjdxVPRtXsv6-Yh15EPnPfCzBkP7uns_ezZtRS-TKD8yKX-13MRvkzZCurPRr7dtpp_94xX_VxQMmOuGgICyYjDb3FgDU6iXPfw4Rf1ltLJ-dGlU1ybjOUDuBHag/s320/124573A1-2075-45D7-A400-64EAF68909FE.jpeg’ へ保存完了 [29443/29443]

--2026-09-16 09:13:32--  https://www.tunnelpoemer.com/2019/01/blog-post_7.html
www.tunnelpoemer.com (www.tunnelpoemer.com)|2404:6800:400b:c005::79|:443 に接続しています... 接続しました。
HTTP による接続要求を送信しました、応答を待っています... 200 OK
長さ: 特定できません [text/html]
‘www.tunnelpoemer.com/2019/01/blog-post_7.html’ に保存中

     0K .......... .......... .......... .......... .......... 2.19M
    50K ...                                                    4.31M=0.02s

2026-09-16 09:13:33 (2.27 MB/s) - ‘www.tunnelpoemer.com/2019/01/blog-post_7.html’ へ保存終了 [55034]

--2026-09-16 09:13:34--  https://blogger.googleusercontent.com/img/b/R29vZ2xl/AVvXsEhcHTI0ULLxgl4yvEgOxWpU_vY-cle6b3GURvCzRbbAJvpRqcU7wyaIwshnDzzkyRRVxapcoyAlS1L7z_twRwNWyPQOD3oWNRXtgHMoN7hY1A7HNXJ4RaDbXR7SqXSnJe50gV39H5f-K7A/s320/D7FF7283-A1FC-42FA-97FB-14702B787C4C.jpeg
blogger.googleusercontent.com (blogger.googleusercontent.com)|2404:6800:400b:c005::84|:443 に接続しています... 接続しました。
HTTP による接続要求を送信しました、応答を待っています... 200 OK
長さ: 19206 (19K) [image/jpeg]
‘blogger.googleusercontent.com/img/b/R29vZ2xl/AVvXsEhcHTI0ULLxgl4yvEgOxWpU_vY-cle6b3GURvCzRbbAJvpRqcU7wyaIwshnDzzkyRRVxapcoyAlS1L7z_twRwNWyPQOD3oWNRXtgHMoN7hY1A7HNXJ4RaDbXR7SqXSnJe50gV39H5f-K7A/s320/D7FF7283-A1FC-42FA-97FB-14702B787C4C.jpeg’ に保存中

     0K .......... ........                                   100% 1.72M=0.01s

2026-09-16 09:13:35 (1.72 MB/s) - ‘blogger.googleusercontent.com/img/b/R29vZ2xl/AVvXsEhcHTI0ULLxgl4yvEgOxWpU_vY-cle6b3GURvCzRbbAJvpRqcU7wyaIwshnDzzkyRRVxapcoyAlS1L7z_twRwNWyPQOD3oWNRXtgHMoN7hY1A7HNXJ4RaDbXR7SqXSnJe50gV39H5f-K7A/s320/D7FF7283-A1FC-42FA-97FB-14702B787C4C.jpeg’ へ保存完了 [19206/19206]

--2026-09-16 09:13:36--  https://www.tunnelpoemer.com/2019/01/blog-post.html
www.tunnelpoemer.com (www.tunnelpoemer.com)|2404:6800:400b:c005::79|:443 に接続しています... 接続しました。
HTTP による接続要求を送信しました、応答を待っています... 200 OK
長さ: 特定できません [text/html]
‘www.tunnelpoemer.com/2019/01/blog-post.html’ に保存中

     0K .......... .......... .......... .......... ..........  523K
    50K ...                                                    24.0M=0.1s

2026-09-16 09:13:37 (556 KB/s) - ‘www.tunnelpoemer.com/2019/01/blog-post.html’ へ保存終了 [54498]

--2026-09-16 09:13:38--  https://blogger.googleusercontent.com/img/b/R29vZ2xl/AVvXsEiHsI-br3emjujBSb-6iF53yxq53dmry4sS2xV0CE8ouYnVD7prc8SB_UBbLmQLQ0pLRnHXVdTs8v7p_svBOQvr5DocS1yU0mRsD0d5A6-h7demsnOY1l9xrXLMGwNicXzmymq-wDi9ez0/s320/IMG_0078.JPG
blogger.googleusercontent.com (blogger.googleusercontent.com)|2404:6800:400b:c005::84|:443 に接続しています... 接続しました。
HTTP による接続要求を送信しました、応答を待っています... 200 OK
長さ: 22548 (22K) [image/jpeg]
‘blogger.googleusercontent.com/img/b/R29vZ2xl/AVvXsEiHsI-br3emjujBSb-6iF53yxq53dmry4sS2xV0CE8ouYnVD7prc8SB_UBbLmQLQ0pLRnHXVdTs8v7p_svBOQvr5DocS1yU0mRsD0d5A6-h7demsnOY1l9xrXLMGwNicXzmymq-wDi9ez0/s320/IMG_0078.JPG’ に保存中

     0K .......... .......... ..                              100% 1.21M=0.02s

2026-09-16 09:13:39 (1.21 MB/s) - ‘blogger.googleusercontent.com/img/b/R29vZ2xl/AVvXsEiHsI-br3emjujBSb-6iF53yxq53dmry4sS2xV0CE8ouYnVD7prc8SB_UBbLmQLQ0pLRnHXVdTs8v7p_svBOQvr5DocS1yU0mRsD0d5A6-h7demsnOY1l9xrXLMGwNicXzmymq-wDi9ez0/s320/IMG_0078.JPG’ へ保存完了 [22548/22548]

--2026-09-16 09:13:41--  https://www.tunnelpoemer.com/2019/02/2.html
www.tunnelpoemer.com (www.tunnelpoemer.com)|2404:6800:400b:c005::79|:443 に接続しています... 接続しました。
HTTP による接続要求を送信しました、応答を待っています... 200 OK
長さ: 特定できません [text/html]
‘www.tunnelpoemer.com/2019/02/2.html’ に保存中

     0K .......... .......... .......... .......... .......... 1.83M
    50K ...                                                    2.41M=0.03s

2026-09-16 09:13:41 (1.86 MB/s) - ‘www.tunnelpoemer.com/2019/02/2.html’ へ保存終了 [55094]

--2026-09-16 09:13:42--  https://blogger.googleusercontent.com/img/b/R29vZ2xl/AVvXsEizaaX5J4NFStHyyRWfJO366YlY7N-WU5WjgFtgAq6EfoPdZUWmtOw17ME5bKAd2Mz_2ZCjtVvcKgz2NESWnGNMFDfRYU_trgRgqHIBaLTejfCRxo5G7hGcNaJWvhtfJ3SZIL6aNLPk17w/s320/732C8A73-D8FA-4443-A951-24A4680DE90F.jpeg
blogger.googleusercontent.com (blogger.googleusercontent.com)|2404:6800:400b:c005::84|:443 に接続しています... 接続しました。
HTTP による接続要求を送信しました、応答を待っています... 200 OK
長さ: 27983 (27K) [image/jpeg]
‘blogger.googleusercontent.com/img/b/R29vZ2xl/AVvXsEizaaX5J4NFStHyyRWfJO366YlY7N-WU5WjgFtgAq6EfoPdZUWmtOw17ME5bKAd2Mz_2ZCjtVvcKgz2NESWnGNMFDfRYU_trgRgqHIBaLTejfCRxo5G7hGcNaJWvhtfJ3SZIL6aNLPk17w/s320/732C8A73-D8FA-4443-A951-24A4680DE90F.jpeg’ に保存中

     0K .......... .......... .......                         100% 3.74M=0.007s

2026-09-16 09:13:44 (3.74 MB/s) - ‘blogger.googleusercontent.com/img/b/R29vZ2xl/AVvXsEizaaX5J4NFStHyyRWfJO366YlY7N-WU5WjgFtgAq6EfoPdZUWmtOw17ME5bKAd2Mz_2ZCjtVvcKgz2NESWnGNMFDfRYU_trgRgqHIBaLTejfCRxo5G7hGcNaJWvhtfJ3SZIL6aNLPk17w/s320/732C8A73-D8FA-4443-A951-24A4680DE90F.jpeg’ へ保存完了 [27983/27983]

--2026-09-16 09:13:45--  https://www.tunnelpoemer.com/2019/02/3.html
www.tunnelpoemer.com (www.tunnelpoemer.com)|2404:6800:400b:c005::79|:443 に接続しています... 接続しました。
HTTP による接続要求を送信しました、応答を待っています... 200 OK
長さ: 特定できません [text/html]
‘www.tunnelpoemer.com/2019/02/3.html’ に保存中

     0K .......... .......... .......... .......... .......... 2.55M
    50K ...                                                    17.3M=0.02s

2026-09-16 09:13:46 (2.72 MB/s) - ‘www.tunnelpoemer.com/2019/02/3.html’ へ保存終了 [55238]

--2026-09-16 09:13:47--  https://blogger.googleusercontent.com/img/b/R29vZ2xl/AVvXsEi47FzwlM2Cz9DgQBYjKFiakrWYSLLMhOc0Qw9HszWAQR7GtbhP1aXFXtST_JIAcA8VCDZ3xwo5HpAlDhJxKl4ccGf-LCLdzIgRew9dHHLIuLTlQQlz6qeOtk4V_2yDx90GRA45-FRkrWc/s320/A1FA1937-4A65-4AA6-A922-8F7A298A56E7.jpeg
blogger.googleusercontent.com (blogger.googleusercontent.com)|2404:6800:400b:c005::84|:443 に接続しています... 接続しました。
HTTP による接続要求を送信しました、応答を待っています... 200 OK
長さ: 31117 (30K) [image/jpeg]
‘blogger.googleusercontent.com/img/b/R29vZ2xl/AVvXsEi47FzwlM2Cz9DgQBYjKFiakrWYSLLMhOc0Qw9HszWAQR7GtbhP1aXFXtST_JIAcA8VCDZ3xwo5HpAlDhJxKl4ccGf-LCLdzIgRew9dHHLIuLTlQQlz6qeOtk4V_2yDx90GRA45-FRkrWc/s320/A1FA1937-4A65-4AA6-A922-8F7A298A56E7.jpeg’ に保存中

     0K .......... .......... ..........                      100% 2.24M=0.01s

2026-09-16 09:13:49 (2.24 MB/s) - ‘blogger.googleusercontent.com/img/b/R29vZ2xl/AVvXsEi47FzwlM2Cz9DgQBYjKFiakrWYSLLMhOc0Qw9HszWAQR7GtbhP1aXFXtST_JIAcA8VCDZ3xwo5HpAlDhJxKl4ccGf-LCLdzIgRew9dHHLIuLTlQQlz6qeOtk4V_2yDx90GRA45-FRkrWc/s320/A1FA1937-4A65-4AA6-A922-8F7A298A56E7.jpeg’ へ保存完了 [31117/31117]

--2026-09-16 09:13:50--  https://www.tunnelpoemer.com/2019/02/blog-post_21.html
www.tunnelpoemer.com (www.tunnelpoemer.com)|2404:6800:400b:c005::79|:443 に接続しています... 接続しました。
HTTP による接続要求を送信しました、応答を待っています... 200 OK
長さ: 特定できません [text/html]
‘www.tunnelpoemer.com/2019/02/blog-post_21.html’ に保存中

     0K .......... .......... .......... .......... .......... 1.04M
    50K ...                                                    19.4M=0.05s

2026-09-16 09:13:52 (1.12 MB/s) - ‘www.tunnelpoemer.com/2019/02/blog-post_21.html’ へ保存終了 [55255]

--2026-09-16 09:13:53--  https://blogger.googleusercontent.com/img/b/R29vZ2xl/AVvXsEh76qKx1XlK4IUCzp7C9o_OPgrzinApMRpVjtf-HD7BcxuX1L5yYlIzgIJp49nATPL15uaQj0DlLzhMWOpgjyd0kBMcLUsLV1MdN5IVPu_LyzzSOGT56_f2XuvnXFY-oKp6kazw9OG2BSU/s320/62F8C9FC-54BC-4A22-90DF-7DAE9E5F5EAB.jpeg
blogger.googleusercontent.com (blogger.googleusercontent.com)|2404:6800:400b:c005::84|:443 に接続しています... 接続しました。
HTTP による接続要求を送信しました、応答を待っています... 200 OK
長さ: 18004 (18K) [image/jpeg]
‘blogger.googleusercontent.com/img/b/R29vZ2xl/AVvXsEh76qKx1XlK4IUCzp7C9o_OPgrzinApMRpVjtf-HD7BcxuX1L5yYlIzgIJp49nATPL15uaQj0DlLzhMWOpgjyd0kBMcLUsLV1MdN5IVPu_LyzzSOGT56_f2XuvnXFY-oKp6kazw9OG2BSU/s320/62F8C9FC-54BC-4A22-90DF-7DAE9E5F5EAB.jpeg’ に保存中

     0K .......... .......                                    100% 1.99M=0.009s

2026-09-16 09:13:54 (1.99 MB/s) - ‘blogger.googleusercontent.com/img/b/R29vZ2xl/AVvXsEh76qKx1XlK4IUCzp7C9o_OPgrzinApMRpVjtf-HD7BcxuX1L5yYlIzgIJp49nATPL15uaQj0DlLzhMWOpgjyd0kBMcLUsLV1MdN5IVPu_LyzzSOGT56_f2XuvnXFY-oKp6kazw9OG2BSU/s320/62F8C9FC-54BC-4A22-90DF-7DAE9E5F5EAB.jpeg’ へ保存完了 [18004/18004]

--2026-09-16 09:13:55--  https://www.tunnelpoemer.com/2019/02/blog-post_22.html
www.tunnelpoemer.com (www.tunnelpoemer.com)|2404:6800:400b:c005::79|:443 に接続しています... 接続しました。
HTTP による接続要求を送信しました、応答を待っています... 200 OK
長さ: 特定できません [text/html]
‘www.tunnelpoemer.com/2019/02/blog-post_22.html’ に保存中

     0K .......... .......... .......... .......... ..........  760K
    50K .....                                                  17.8M=0.07s

2026-09-16 09:13:56 (838 KB/s) - ‘www.tunnelpoemer.com/2019/02/blog-post_22.html’ へ保存終了 [56730]

--2026-09-16 09:13:57--  https://blogger.googleusercontent.com/img/b/R29vZ2xl/AVvXsEj_EU_-bXoGc4hAWA73Xd6VJnypSvkAOQu0FjK4l8dORAp4-rSM_46cO7_JqvxgoMWLRQF1j0hkKxVJ638BoxYrRE7jmf4cSd25YRdNLwz6pRZCwNxx2V4I4Oknhjta_PD_SI0dHPisa_c/s320/3F59B8D8-77AC-4095-B38A-71EAE9179BBD.jpeg
blogger.googleusercontent.com (blogger.googleusercontent.com)|2404:6800:400b:c005::84|:443 に接続しています... 接続しました。
HTTP による接続要求を送信しました、応答を待っています... 200 OK
長さ: 31577 (31K) [image/jpeg]
‘blogger.googleusercontent.com/img/b/R29vZ2xl/AVvXsEj_EU_-bXoGc4hAWA73Xd6VJnypSvkAOQu0FjK4l8dORAp4-rSM_46cO7_JqvxgoMWLRQF1j0hkKxVJ638BoxYrRE7jmf4cSd25YRdNLwz6pRZCwNxx2V4I4Oknhjta_PD_SI0dHPisa_c/s320/3F59B8D8-77AC-4095-B38A-71EAE9179BBD.jpeg’ に保存中

     0K .......... .......... ..........                      100%  716K=0.04s

2026-09-16 09:14:00 (716 KB/s) - ‘blogger.googleusercontent.com/img/b/R29vZ2xl/AVvXsEj_EU_-bXoGc4hAWA73Xd6VJnypSvkAOQu0FjK4l8dORAp4-rSM_46cO7_JqvxgoMWLRQF1j0hkKxVJ638BoxYrRE7jmf4cSd25YRdNLwz6pRZCwNxx2V4I4Oknhjta_PD_SI0dHPisa_c/s320/3F59B8D8-77AC-4095-B38A-71EAE9179BBD.jpeg’ へ保存完了 [31577/31577]

--2026-09-16 09:14:01--  https://www.tunnelpoemer.com/2019/02/blog-post_23.html
www.tunnelpoemer.com (www.tunnelpoemer.com)|2404:6800:400b:c005::79|:443 に接続しています... 接続しました。
HTTP による接続要求を送信しました、応答を待っています... 200 OK
長さ: 特定できません [text/html]
‘www.tunnelpoemer.com/2019/02/blog-post_23.html’ に保存中

     0K .......... .......... .......... .......... .......... 3.18M
    50K ...                                                    6.31M=0.02s

2026-09-16 09:14:02 (3.30 MB/s) - ‘www.tunnelpoemer.com/2019/02/blog-post_23.html’ へ保存終了 [55115]

--2026-09-16 09:14:03--  https://blogger.googleusercontent.com/img/b/R29vZ2xl/AVvXsEil8RNr2UCJ9jEah6oXR8j4Cg4YHBuzfid3SKdnmFMhEwM67MdY8AmaT66Ztcrv3b0c2YSFvBPYywhQXWcYqPDnRazNLeOSd95s4McwqGH9L5YYU3xOpJwcgZ37ZbWSRSAfWr_S7HP36qw/s320/7BF2F729-7854-4141-96C5-B264E090B890.jpeg
blogger.googleusercontent.com (blogger.googleusercontent.com)|2404:6800:400b:c005::84|:443 に接続しています... 接続しました。
HTTP による接続要求を送信しました、応答を待っています... 200 OK
長さ: 25747 (25K) [image/jpeg]
‘blogger.googleusercontent.com/img/b/R29vZ2xl/AVvXsEil8RNr2UCJ9jEah6oXR8j4Cg4YHBuzfid3SKdnmFMhEwM67MdY8AmaT66Ztcrv3b0c2YSFvBPYywhQXWcYqPDnRazNLeOSd95s4McwqGH9L5YYU3xOpJwcgZ37ZbWSRSAfWr_S7HP36qw/s320/7BF2F729-7854-4141-96C5-B264E090B890.jpeg’ に保存中

     0K .......... .......... .....                           100% 4.00M=0.006s

2026-09-16 09:14:08 (4.00 MB/s) - ‘blogger.googleusercontent.com/img/b/R29vZ2xl/AVvXsEil8RNr2UCJ9jEah6oXR8j4Cg4YHBuzfid3SKdnmFMhEwM67MdY8AmaT66Ztcrv3b0c2YSFvBPYywhQXWcYqPDnRazNLeOSd95s4McwqGH9L5YYU3xOpJwcgZ37ZbWSRSAfWr_S7HP36qw/s320/7BF2F729-7854-4141-96C5-B264E090B890.jpeg’ へ保存完了 [25747/25747]

--2026-09-16 09:14:09--  https://www.tunnelpoemer.com/2019/02/blog-post_75.html
www.tunnelpoemer.com (www.tunnelpoemer.com)|2404:6800:400b:c005::79|:443 に接続しています... 接続しました。
HTTP による接続要求を送信しました、応答を待っています... 200 OK
長さ: 特定できません [text/html]
‘www.tunnelpoemer.com/2019/02/blog-post_75.html’ に保存中

     0K .......... .......... .......... .......... .......... 2.05M
    50K ....                                                   4.35M=0.02s

2026-09-16 09:14:10 (2.14 MB/s) - ‘www.tunnelpoemer.com/2019/02/blog-post_75.html’ へ保存終了 [55582]

--2026-09-16 09:14:11--  https://blogger.googleusercontent.com/img/b/R29vZ2xl/AVvXsEgicfvcAzlAFv-_mxYESDMBKzCT8XGs47uJbN2Qe1ndz_wrOHSOp99-9raC6ngfzRqeeIDRZJDgUXc2t2hpNEleQxSmGtVOoLErLLCHG22tmNZ4IQjPRQPxn8CtwgnapIFaL5m1wTgCdm8/s320/79C92F4E-7432-4B3A-BE4C-0B2562966813.jpeg
blogger.googleusercontent.com (blogger.googleusercontent.com)|2404:6800:400b:c005::84|:443 に接続しています... 接続しました。
HTTP による接続要求を送信しました、応答を待っています... 200 OK
長さ: 44744 (44K) [image/jpeg]
‘blogger.googleusercontent.com/img/b/R29vZ2xl/AVvXsEgicfvcAzlAFv-_mxYESDMBKzCT8XGs47uJbN2Qe1ndz_wrOHSOp99-9raC6ngfzRqeeIDRZJDgUXc2t2hpNEleQxSmGtVOoLErLLCHG22tmNZ4IQjPRQPxn8CtwgnapIFaL5m1wTgCdm8/s320/79C92F4E-7432-4B3A-BE4C-0B2562966813.jpeg’ に保存中

     0K .......... .......... .......... .......... ...       100% 4.51M=0.009s

2026-09-16 09:14:12 (4.51 MB/s) - ‘blogger.googleusercontent.com/img/b/R29vZ2xl/AVvXsEgicfvcAzlAFv-_mxYESDMBKzCT8XGs47uJbN2Qe1ndz_wrOHSOp99-9raC6ngfzRqeeIDRZJDgUXc2t2hpNEleQxSmGtVOoLErLLCHG22tmNZ4IQjPRQPxn8CtwgnapIFaL5m1wTgCdm8/s320/79C92F4E-7432-4B3A-BE4C-0B2562966813.jpeg’ へ保存完了 [44744/44744]

--2026-09-16 09:14:13--  https://www.tunnelpoemer.com/2019/02/blog-post_93.html
www.tunnelpoemer.com (www.tunnelpoemer.com)|2404:6800:400b:c005::79|:443 に接続しています... 接続しました。
HTTP による接続要求を送信しました、応答を待っています... 200 OK
長さ: 特定できません [text/html]
‘www.tunnelpoemer.com/2019/02/blog-post_93.html’ に保存中

     0K .......... .......... .......... .......... .......... 3.18M
    50K ...                                                    4.03M=0.02s

2026-09-16 09:14:14 (3.22 MB/s) - ‘www.tunnelpoemer.com/2019/02/blog-post_93.html’ へ保存終了 [55112]

--2026-09-16 09:14:15--  https://blogger.googleusercontent.com/img/b/R29vZ2xl/AVvXsEihcL4IQYhJ3t5ap7tk7MraTkXCsN1e_V5F4cYwe8zGxJBlHFkmeyBC5o6Vwomo6ey9dr-uSe4iOInlOkE_ka39iItVoiV2aXznpwcUKcqowOpu4JKfIfXQe3HxZ0uAsEqixYdpDQ4QHjs/s320/IMG_0553.JPG
blogger.googleusercontent.com (blogger.googleusercontent.com)|2404:6800:400b:c005::84|:443 に接続しています... 接続しました。
HTTP による接続要求を送信しました、応答を待っています... 200 OK
長さ: 23839 (23K) [image/jpeg]
‘blogger.googleusercontent.com/img/b/R29vZ2xl/AVvXsEihcL4IQYhJ3t5ap7tk7MraTkXCsN1e_V5F4cYwe8zGxJBlHFkmeyBC5o6Vwomo6ey9dr-uSe4iOInlOkE_ka39iItVoiV2aXznpwcUKcqowOpu4JKfIfXQe3HxZ0uAsEqixYdpDQ4QHjs/s320/IMG_0553.JPG’ に保存中

     0K .......... .......... ...                             100% 2.92M=0.008s

2026-09-16 09:14:16 (2.92 MB/s) - ‘blogger.googleusercontent.com/img/b/R29vZ2xl/AVvXsEihcL4IQYhJ3t5ap7tk7MraTkXCsN1e_V5F4cYwe8zGxJBlHFkmeyBC5o6Vwomo6ey9dr-uSe4iOInlOkE_ka39iItVoiV2aXznpwcUKcqowOpu4JKfIfXQe3HxZ0uAsEqixYdpDQ4QHjs/s320/IMG_0553.JPG’ へ保存完了 [23839/23839]

--2026-09-16 09:14:17--  https://www.tunnelpoemer.com/2019/02/blog-post.html
www.tunnelpoemer.com (www.tunnelpoemer.com)|2404:6800:400b:c005::79|:443 に接続しています... 接続しました。
HTTP による接続要求を送信しました、応答を待っています... 200 OK
長さ: 特定できません [text/html]
‘www.tunnelpoemer.com/2019/02/blog-post.html’ に保存中

     0K .......... .......... .......... .......... .......... 2.18M
    50K ...                                                    21.4M=0.02s

2026-09-16 09:14:18 (2.33 MB/s) - ‘www.tunnelpoemer.com/2019/02/blog-post.html’ へ保存終了 [55217]

--2026-09-16 09:14:19--  https://blogger.googleusercontent.com/img/b/R29vZ2xl/AVvXsEjgHPuyHzaMTK5NbX3Njk1sNtzQ5lelqeOXuwCWDXnrK0_IKjmj8aJ0TRb-nvgXKngj7gJ-WGlZzzhW0M0oiGH_CPzbEF3VCxQ3ndSU_KK2sPJN9lBnQn_a_PfayWOuHjYFzNhH5Kc6DDw/s320/IMG_1457.JPG
blogger.googleusercontent.com (blogger.googleusercontent.com)|2404:6800:400b:c005::84|:443 に接続しています... 接続しました。
HTTP による接続要求を送信しました、応答を待っています... 200 OK
長さ: 23256 (23K) [image/jpeg]
‘blogger.googleusercontent.com/img/b/R29vZ2xl/AVvXsEjgHPuyHzaMTK5NbX3Njk1sNtzQ5lelqeOXuwCWDXnrK0_IKjmj8aJ0TRb-nvgXKngj7gJ-WGlZzzhW0M0oiGH_CPzbEF3VCxQ3ndSU_KK2sPJN9lBnQn_a_PfayWOuHjYFzNhH5Kc6DDw/s320/IMG_1457.JPG’ に保存中

     0K .......... .......... ..                              100% 2.21M=0.01s

2026-09-16 09:14:21 (2.21 MB/s) - ‘blogger.googleusercontent.com/img/b/R29vZ2xl/AVvXsEjgHPuyHzaMTK5NbX3Njk1sNtzQ5lelqeOXuwCWDXnrK0_IKjmj8aJ0TRb-nvgXKngj7gJ-WGlZzzhW0M0oiGH_CPzbEF3VCxQ3ndSU_KK2sPJN9lBnQn_a_PfayWOuHjYFzNhH5Kc6DDw/s320/IMG_1457.JPG’ へ保存完了 [23256/23256]

--2026-09-16 09:14:22--  https://www.tunnelpoemer.com/2019/03/1.html
www.tunnelpoemer.com (www.tunnelpoemer.com)|2404:6800:400b:c005::79|:443 に接続しています... 接続しました。
HTTP による接続要求を送信しました、応答を待っています... 200 OK
長さ: 特定できません [text/html]
‘www.tunnelpoemer.com/2019/03/1.html’ に保存中

     0K .......... .......... .......... .......... .......... 2.27M
    50K ....                                                   9.40M=0.02s

2026-09-16 09:14:23 (2.42 MB/s) - ‘www.tunnelpoemer.com/2019/03/1.html’ へ保存終了 [55919]

--2026-09-16 09:14:24--  https://blogger.googleusercontent.com/img/b/R29vZ2xl/AVvXsEhZetZe_091adH3-GP-mHYKMH_ZgbEuK6aLA0Fog0TSHGxfP3-5qSaznaYXvZfmui5kLkhUkDTV_ChPO44m5GKwzZCHsFJ15mlHJksVkNEd1RyT5e-jf8cPn-rQoLrT4NaULf7hXongAok/s320/C07053E0-B038-47C2-960E-1AA8E442DDAD.jpeg
blogger.googleusercontent.com (blogger.googleusercontent.com)|2404:6800:400b:c005::84|:443 に接続しています... 接続しました。
HTTP による接続要求を送信しました、応答を待っています... 200 OK
長さ: 18482 (18K) [image/jpeg]
‘blogger.googleusercontent.com/img/b/R29vZ2xl/AVvXsEhZetZe_091adH3-GP-mHYKMH_ZgbEuK6aLA0Fog0TSHGxfP3-5qSaznaYXvZfmui5kLkhUkDTV_ChPO44m5GKwzZCHsFJ15mlHJksVkNEd1RyT5e-jf8cPn-rQoLrT4NaULf7hXongAok/s320/C07053E0-B038-47C2-960E-1AA8E442DDAD.jpeg’ に保存中

     0K .......... ........                                   100% 15.1M=0.001s

2026-09-16 09:14:26 (15.1 MB/s) - ‘blogger.googleusercontent.com/img/b/R29vZ2xl/AVvXsEhZetZe_091adH3-GP-mHYKMH_ZgbEuK6aLA0Fog0TSHGxfP3-5qSaznaYXvZfmui5kLkhUkDTV_ChPO44m5GKwzZCHsFJ15mlHJksVkNEd1RyT5e-jf8cPn-rQoLrT4NaULf7hXongAok/s320/C07053E0-B038-47C2-960E-1AA8E442DDAD.jpeg’ へ保存完了 [18482/18482]

--2026-09-16 09:14:27--  https://www.tunnelpoemer.com/2019/03/8.html
www.tunnelpoemer.com (www.tunnelpoemer.com)|2404:6800:400b:c005::79|:443 に接続しています... 接続しました。
HTTP による接続要求を送信しました、応答を待っています... 200 OK
長さ: 特定できません [text/html]
‘www.tunnelpoemer.com/2019/03/8.html’ に保存中

     0K .......... .......... .......... .......... .......... 3.04M
    50K .....                                                  19.0M=0.02s

2026-09-16 09:14:27 (3.29 MB/s) - ‘www.tunnelpoemer.com/2019/03/8.html’ へ保存終了 [56339]

--2026-09-16 09:14:28--  https://blogger.googleusercontent.com/img/b/R29vZ2xl/AVvXsEjr40ml5iwCz5JMGujOX7usbuyPBiMRUZyLgyDyT3bRhCe0sVmG-NqY55Fk5w3UnVKKFh70lsBti7zTfIbZNwRQvklZ92Uq3JwAIeMoXKMlfkGda0WsWwYNxdJ87B1iIU7iEox04A_l870/s320/02E96FDD-D488-439A-BF24-5A6F6D0BA5FD.jpeg
blogger.googleusercontent.com (blogger.googleusercontent.com)|2404:6800:400b:c005::84|:443 に接続しています... 接続しました。
HTTP による接続要求を送信しました、応答を待っています... 200 OK
長さ: 32529 (32K) [image/jpeg]
‘blogger.googleusercontent.com/img/b/R29vZ2xl/AVvXsEjr40ml5iwCz5JMGujOX7usbuyPBiMRUZyLgyDyT3bRhCe0sVmG-NqY55Fk5w3UnVKKFh70lsBti7zTfIbZNwRQvklZ92Uq3JwAIeMoXKMlfkGda0WsWwYNxdJ87B1iIU7iEox04A_l870/s320/02E96FDD-D488-439A-BF24-5A6F6D0BA5FD.jpeg’ に保存中

     0K .......... .......... .......... .                    100% 3.94M=0.008s

2026-09-16 09:14:30 (3.94 MB/s) - ‘blogger.googleusercontent.com/img/b/R29vZ2xl/AVvXsEjr40ml5iwCz5JMGujOX7usbuyPBiMRUZyLgyDyT3bRhCe0sVmG-NqY55Fk5w3UnVKKFh70lsBti7zTfIbZNwRQvklZ92Uq3JwAIeMoXKMlfkGda0WsWwYNxdJ87B1iIU7iEox04A_l870/s320/02E96FDD-D488-439A-BF24-5A6F6D0BA5FD.jpeg’ へ保存完了 [32529/32529]

--2026-09-16 09:14:31--  https://www.tunnelpoemer.com/2019/03/blog-post_12.html
www.tunnelpoemer.com (www.tunnelpoemer.com)|2404:6800:400b:c005::79|:443 に接続しています... 接続しました。
HTTP による接続要求を送信しました、応答を待っています... 200 OK
長さ: 特定できません [text/html]
‘www.tunnelpoemer.com/2019/03/blog-post_12.html’ に保存中

     0K .......... .......... .......... .......... ..........  692K
    50K ....                                                   2.98M=0.07s

2026-09-16 09:14:39 (740 KB/s) - ‘www.tunnelpoemer.com/2019/03/blog-post_12.html’ へ保存終了 [55908]

--2026-09-16 09:14:40--  https://blogger.googleusercontent.com/img/b/R29vZ2xl/AVvXsEiIJ0ackraYPSyW8wxqm8wHufWZ8BQU9PfPxAG3Eq1zYj1ssQIrFGBUxHGKWu0aH4oPtIdZMdAxAy_Bi7tqSX10oyqaC_KL0B1005z1xhB2H-gDuwnOFJ2R33BnaTmbKqVXoQe9g6TjkzA/s320/A0FE3070-29FE-42EB-B4D7-8CFAE2D887FE.jpeg
blogger.googleusercontent.com (blogger.googleusercontent.com)|2404:6800:400b:c005::84|:443 に接続しています... 接続しました。
HTTP による接続要求を送信しました、応答を待っています... 200 OK
長さ: 34161 (33K) [image/jpeg]
‘blogger.googleusercontent.com/img/b/R29vZ2xl/AVvXsEiIJ0ackraYPSyW8wxqm8wHufWZ8BQU9PfPxAG3Eq1zYj1ssQIrFGBUxHGKWu0aH4oPtIdZMdAxAy_Bi7tqSX10oyqaC_KL0B1005z1xhB2H-gDuwnOFJ2R33BnaTmbKqVXoQe9g6TjkzA/s320/A0FE3070-29FE-42EB-B4D7-8CFAE2D887FE.jpeg’ に保存中

     0K .......... .......... .......... ...                  100% 4.26M=0.008s

2026-09-16 09:14:42 (4.26 MB/s) - ‘blogger.googleusercontent.com/img/b/R29vZ2xl/AVvXsEiIJ0ackraYPSyW8wxqm8wHufWZ8BQU9PfPxAG3Eq1zYj1ssQIrFGBUxHGKWu0aH4oPtIdZMdAxAy_Bi7tqSX10oyqaC_KL0B1005z1xhB2H-gDuwnOFJ2R33BnaTmbKqVXoQe9g6TjkzA/s320/A0FE3070-29FE-42EB-B4D7-8CFAE2D887FE.jpeg’ へ保存完了 [34161/34161]

--2026-09-16 09:14:43--  https://www.tunnelpoemer.com/2019/03/blog-post_13.html
www.tunnelpoemer.com (www.tunnelpoemer.com)|2404:6800:400b:c005::79|:443 に接続しています... 接続しました。
HTTP による接続要求を送信しました、応答を待っています... 200 OK
長さ: 特定できません [text/html]
‘www.tunnelpoemer.com/2019/03/blog-post_13.html’ に保存中

     0K .......... .......... .......... .......... .......... 1011K
    50K ....                                                   19.0M=0.05s

2026-09-16 09:14:45 (1.07 MB/s) - ‘www.tunnelpoemer.com/2019/03/blog-post_13.html’ へ保存終了 [55786]

--2026-09-16 09:14:46--  https://blogger.googleusercontent.com/img/b/R29vZ2xl/AVvXsEgwjy4fEo8H9udHdVwqpCADnRnE4b8out_lKtJHWRB4TmirlI7QAUH6mvxIqnyOisRP35X6sX6cEase4ZPHi3cK-u1Env56MPxUgaO2ej9ay8dBRtzinqlxuu6Ystum7V3ryuUbsBd-QuQ/s320/88661B6D-E65E-468E-A9B6-F733EE42D2E1.jpeg
blogger.googleusercontent.com (blogger.googleusercontent.com)|2404:6800:400b:c005::84|:443 に接続しています... 接続しました。
HTTP による接続要求を送信しました、応答を待っています... 200 OK
長さ: 21553 (21K) [image/jpeg]
‘blogger.googleusercontent.com/img/b/R29vZ2xl/AVvXsEgwjy4fEo8H9udHdVwqpCADnRnE4b8out_lKtJHWRB4TmirlI7QAUH6mvxIqnyOisRP35X6sX6cEase4ZPHi3cK-u1Env56MPxUgaO2ej9ay8dBRtzinqlxuu6Ystum7V3ryuUbsBd-QuQ/s320/88661B6D-E65E-468E-A9B6-F733EE42D2E1.jpeg’ に保存中

     0K .......... .......... .                               100% 14.3M=0.001s

2026-09-16 09:14:48 (14.3 MB/s) - ‘blogger.googleusercontent.com/img/b/R29vZ2xl/AVvXsEgwjy4fEo8H9udHdVwqpCADnRnE4b8out_lKtJHWRB4TmirlI7QAUH6mvxIqnyOisRP35X6sX6cEase4ZPHi3cK-u1Env56MPxUgaO2ej9ay8dBRtzinqlxuu6Ystum7V3ryuUbsBd-QuQ/s320/88661B6D-E65E-468E-A9B6-F733EE42D2E1.jpeg’ へ保存完了 [21553/21553]

--2026-09-16 09:14:49--  https://www.tunnelpoemer.com/2019/03/blog-post_16.html
www.tunnelpoemer.com (www.tunnelpoemer.com)|2404:6800:400b:c005::79|:443 に接続しています... 接続しました。
HTTP による接続要求を送信しました、応答を待っています... 200 OK
長さ: 特定できません [text/html]
‘www.tunnelpoemer.com/2019/03/blog-post_16.html’ に保存中

     0K .......... .......... .......... .......... .......... 2.18M
    50K ....                                                   3.35M=0.02s

2026-09-16 09:14:49 (2.25 MB/s) - ‘www.tunnelpoemer.com/2019/03/blog-post_16.html’ へ保存終了 [56207]

--2026-09-16 09:14:50--  https://blogger.googleusercontent.com/img/b/R29vZ2xl/AVvXsEi8AYjlU0g1Rf6pFUIPJBWN_8SyUx4hi2pMnaZAf2oh7KQklxrMcYLovObWuB_t1eKgSy4S3QZ9GPJrKPvdzleLGeJo64IIVmt7aZIEAdzINeL5wWHTx7rpBMEo9pVLW2R9FdX7j3HOeHY/s320/4405CA81-E768-4D64-BDF0-7E74F456E4CA.jpeg
blogger.googleusercontent.com (blogger.googleusercontent.com)|2404:6800:400b:c005::84|:443 に接続しています... 接続しました。
HTTP による接続要求を送信しました、応答を待っています... 200 OK
長さ: 18991 (19K) [image/jpeg]
‘blogger.googleusercontent.com/img/b/R29vZ2xl/AVvXsEi8AYjlU0g1Rf6pFUIPJBWN_8SyUx4hi2pMnaZAf2oh7KQklxrMcYLovObWuB_t1eKgSy4S3QZ9GPJrKPvdzleLGeJo64IIVmt7aZIEAdzINeL5wWHTx7rpBMEo9pVLW2R9FdX7j3HOeHY/s320/4405CA81-E768-4D64-BDF0-7E74F456E4CA.jpeg’ に保存中

     0K .......... ........                                   100% 15.4M=0.001s

2026-09-16 09:14:52 (15.4 MB/s) - ‘blogger.googleusercontent.com/img/b/R29vZ2xl/AVvXsEi8AYjlU0g1Rf6pFUIPJBWN_8SyUx4hi2pMnaZAf2oh7KQklxrMcYLovObWuB_t1eKgSy4S3QZ9GPJrKPvdzleLGeJo64IIVmt7aZIEAdzINeL5wWHTx7rpBMEo9pVLW2R9FdX7j3HOeHY/s320/4405CA81-E768-4D64-BDF0-7E74F456E4CA.jpeg’ へ保存完了 [18991/18991]

--2026-09-16 09:14:53--  https://www.tunnelpoemer.com/2019/03/blog-post_17.html
www.tunnelpoemer.com (www.tunnelpoemer.com)|2404:6800:400b:c005::79|:443 に接続しています... 接続しました。
HTTP による接続要求を送信しました、応答を待っています... 200 OK
長さ: 特定できません [text/html]
‘www.tunnelpoemer.com/2019/03/blog-post_17.html’ に保存中

     0K .......... .......... .......... .......... ..........  487K
    50K ....                                                   17.7M=0.1s

2026-09-16 09:14:54 (531 KB/s) - ‘www.tunnelpoemer.com/2019/03/blog-post_17.html’ へ保存終了 [55931]

--2026-09-16 09:14:55--  https://blogger.googleusercontent.com/img/b/R29vZ2xl/AVvXsEj3ZnlAvzz1TRxdQ2zMg0hALeo2YjjGwo7kZjLFEbpPxk0XebmDpql_tSqiiCgPj-MXcKf_jM5sYyseCbHu6cCIDCUznDHxk_0sDXyLIBy-CL3k7BPBX2wD5sYVf4n-Ia5mDTnafeW3bLo/s320/46F7E73B-FE8D-4532-8CEA-95D3E5A9C68A.jpeg
blogger.googleusercontent.com (blogger.googleusercontent.com)|2404:6800:400b:c005::84|:443 に接続しています... 接続しました。
HTTP による接続要求を送信しました、応答を待っています... 200 OK
長さ: 26614 (26K) [image/jpeg]
‘blogger.googleusercontent.com/img/b/R29vZ2xl/AVvXsEj3ZnlAvzz1TRxdQ2zMg0hALeo2YjjGwo7kZjLFEbpPxk0XebmDpql_tSqiiCgPj-MXcKf_jM5sYyseCbHu6cCIDCUznDHxk_0sDXyLIBy-CL3k7BPBX2wD5sYVf4n-Ia5mDTnafeW3bLo/s320/46F7E73B-FE8D-4532-8CEA-95D3E5A9C68A.jpeg’ に保存中

     0K .......... .......... .....                           100% 2.45M=0.01s

2026-09-16 09:15:07 (2.45 MB/s) - ‘blogger.googleusercontent.com/img/b/R29vZ2xl/AVvXsEj3ZnlAvzz1TRxdQ2zMg0hALeo2YjjGwo7kZjLFEbpPxk0XebmDpql_tSqiiCgPj-MXcKf_jM5sYyseCbHu6cCIDCUznDHxk_0sDXyLIBy-CL3k7BPBX2wD5sYVf4n-Ia5mDTnafeW3bLo/s320/46F7E73B-FE8D-4532-8CEA-95D3E5A9C68A.jpeg’ へ保存完了 [26614/26614]

--2026-09-16 09:15:08--  https://www.tunnelpoemer.com/2019/03/blog-post_19.html
www.tunnelpoemer.com (www.tunnelpoemer.com)|2404:6800:400b:c005::79|:443 に接続しています... 接続しました。
HTTP による接続要求を送信しました、応答を待っています... 200 OK
長さ: 特定できません [text/html]
‘www.tunnelpoemer.com/2019/03/blog-post_19.html’ に保存中

     0K .......... .......... .......... .......... ..........  536K
    50K ....                                                   6.00M=0.09s

2026-09-16 09:15:09 (581 KB/s) - ‘www.tunnelpoemer.com/2019/03/blog-post_19.html’ へ保存終了 [55940]

--2026-09-16 09:15:10--  https://blogger.googleusercontent.com/img/b/R29vZ2xl/AVvXsEj34FTAqRxycqHlpmycVsHf2YGL0x39_RsQzwJ2neWaPqGLMJe-zw2mOMuA6k5FqEOGFAqiBVBxHCTUuBrq_GTa0R60zSX76ViBXFpsy-dND_s5SYxhZabAEvEBzXbYQwvNH_uF_oybOQA/s320/AA4BFD52-ACCC-46D4-A0D4-60D9D2B0A517.jpeg
blogger.googleusercontent.com (blogger.googleusercontent.com)|2404:6800:400b:c005::84|:443 に接続しています... 接続しました。
HTTP による接続要求を送信しました、応答を待っています... 200 OK
長さ: 30086 (29K) [image/jpeg]
‘blogger.googleusercontent.com/img/b/R29vZ2xl/AVvXsEj34FTAqRxycqHlpmycVsHf2YGL0x39_RsQzwJ2neWaPqGLMJe-zw2mOMuA6k5FqEOGFAqiBVBxHCTUuBrq_GTa0R60zSX76ViBXFpsy-dND_s5SYxhZabAEvEBzXbYQwvNH_uF_oybOQA/s320/AA4BFD52-ACCC-46D4-A0D4-60D9D2B0A517.jpeg’ に保存中

     0K .......... .......... .........                       100% 1.97M=0.01s

2026-09-16 09:15:11 (1.97 MB/s) - ‘blogger.googleusercontent.com/img/b/R29vZ2xl/AVvXsEj34FTAqRxycqHlpmycVsHf2YGL0x39_RsQzwJ2neWaPqGLMJe-zw2mOMuA6k5FqEOGFAqiBVBxHCTUuBrq_GTa0R60zSX76ViBXFpsy-dND_s5SYxhZabAEvEBzXbYQwvNH_uF_oybOQA/s320/AA4BFD52-ACCC-46D4-A0D4-60D9D2B0A517.jpeg’ へ保存完了 [30086/30086]

--2026-09-16 09:15:12--  https://www.tunnelpoemer.com/2019/03/blog-post_20.html
www.tunnelpoemer.com (www.tunnelpoemer.com)|2404:6800:400b:c005::79|:443 に接続しています... 接続しました。
HTTP による接続要求を送信しました、応答を待っています... 200 OK
長さ: 特定できません [text/html]
‘www.tunnelpoemer.com/2019/03/blog-post_20.html’ に保存中

     0K .......... .......... .......... .......... .......... 1.01M
    50K ....                                                   7.16M=0.05s

2026-09-16 09:15:13 (1.09 MB/s) - ‘www.tunnelpoemer.com/2019/03/blog-post_20.html’ へ保存終了 [55909]

--2026-09-16 09:15:14--  https://blogger.googleusercontent.com/img/b/R29vZ2xl/AVvXsEjCRUVRcI8lRZ3Z78mNV-sQmadwrMFfxWZBJW4tFLHzboWtYluaEp22BkZFQRv5oe8dCdx7QEydXWWZXzn_jIG01Af1WaXaLnk6FU-Sq1KtDsoUYaVgn1n_s-YQs67ciYHFgLxqR3iq6PM/s320/A38E0BD4-825A-47E2-8AE9-2592C09CEEF1.jpeg
blogger.googleusercontent.com (blogger.googleusercontent.com)|2404:6800:400b:c005::84|:443 に接続しています... 接続しました。
HTTP による接続要求を送信しました、応答を待っています... 200 OK
長さ: 23704 (23K) [image/jpeg]
‘blogger.googleusercontent.com/img/b/R29vZ2xl/AVvXsEjCRUVRcI8lRZ3Z78mNV-sQmadwrMFfxWZBJW4tFLHzboWtYluaEp22BkZFQRv5oe8dCdx7QEydXWWZXzn_jIG01Af1WaXaLnk6FU-Sq1KtDsoUYaVgn1n_s-YQs67ciYHFgLxqR3iq6PM/s320/A38E0BD4-825A-47E2-8AE9-2592C09CEEF1.jpeg’ に保存中

     0K .......... .......... ...                             100% 2.60M=0.009s

2026-09-16 09:15:15 (2.60 MB/s) - ‘blogger.googleusercontent.com/img/b/R29vZ2xl/AVvXsEjCRUVRcI8lRZ3Z78mNV-sQmadwrMFfxWZBJW4tFLHzboWtYluaEp22BkZFQRv5oe8dCdx7QEydXWWZXzn_jIG01Af1WaXaLnk6FU-Sq1KtDsoUYaVgn1n_s-YQs67ciYHFgLxqR3iq6PM/s320/A38E0BD4-825A-47E2-8AE9-2592C09CEEF1.jpeg’ へ保存完了 [23704/23704]

--2026-09-16 09:15:16--  https://www.tunnelpoemer.com/2019/03/blog-post_22.html
www.tunnelpoemer.com (www.tunnelpoemer.com)|2404:6800:400b:c005::79|:443 に接続しています... 接続しました。
HTTP による接続要求を送信しました、応答を待っています... 200 OK
長さ: 特定できません [text/html]
‘www.tunnelpoemer.com/2019/03/blog-post_22.html’ に保存中

     0K .......... .......... .......... .......... .......... 2.31M
    50K ....                                                   19.5M=0.02s

2026-09-16 09:15:19 (2.50 MB/s) - ‘www.tunnelpoemer.com/2019/03/blog-post_22.html’ へ保存終了 [56094]

--2026-09-16 09:15:20--  https://blogger.googleusercontent.com/img/b/R29vZ2xl/AVvXsEiD_7hnGHfBRES4sBsZVTD1ubGBs6cuvEGnSn68BHiHMrEmdu58akhYz_l5rJIxOm_etirBKMmapVPVwG7UN6pwx2ivv_IPGHj3zBksnIwp35o8q_cn9wIaGyj2k9BoraulB4k9s2NLDRs/s320/C46D944A-8B11-4415-9A04-213957297F96.jpeg
blogger.googleusercontent.com (blogger.googleusercontent.com)|2404:6800:400b:c005::84|:443 に接続しています... 接続しました。
HTTP による接続要求を送信しました、応答を待っています... 200 OK
長さ: 14914 (15K) [image/jpeg]
‘blogger.googleusercontent.com/img/b/R29vZ2xl/AVvXsEiD_7hnGHfBRES4sBsZVTD1ubGBs6cuvEGnSn68BHiHMrEmdu58akhYz_l5rJIxOm_etirBKMmapVPVwG7UN6pwx2ivv_IPGHj3zBksnIwp35o8q_cn9wIaGyj2k9BoraulB4k9s2NLDRs/s320/C46D944A-8B11-4415-9A04-213957297F96.jpeg’ に保存中

     0K .......... ....                                       100% 15.5M=0.001s

2026-09-16 09:15:22 (15.5 MB/s) - ‘blogger.googleusercontent.com/img/b/R29vZ2xl/AVvXsEiD_7hnGHfBRES4sBsZVTD1ubGBs6cuvEGnSn68BHiHMrEmdu58akhYz_l5rJIxOm_etirBKMmapVPVwG7UN6pwx2ivv_IPGHj3zBksnIwp35o8q_cn9wIaGyj2k9BoraulB4k9s2NLDRs/s320/C46D944A-8B11-4415-9A04-213957297F96.jpeg’ へ保存完了 [14914/14914]

--2026-09-16 09:15:23--  https://www.tunnelpoemer.com/2019/03/blog-post_25.html
www.tunnelpoemer.com (www.tunnelpoemer.com)|2404:6800:400b:c005::79|:443 に接続しています... 接続しました。
HTTP による接続要求を送信しました、応答を待っています... 200 OK
長さ: 特定できません [text/html]
‘www.tunnelpoemer.com/2019/03/blog-post_25.html’ に保存中

     0K .......... .......... .......... .......... .......... 2.95M
    50K ....                                                   11.9M=0.02s

2026-09-16 09:15:24 (3.16 MB/s) - ‘www.tunnelpoemer.com/2019/03/blog-post_25.html’ へ保存終了 [56073]

--2026-09-16 09:15:25--  https://blogger.googleusercontent.com/img/b/R29vZ2xl/AVvXsEjYCKMsU-zLEmAP5ut9-1PddI0hoGGQjdRjjaL3gmZMQqLRlv5vSfo-kqOJ8k0xJsC0toW2qjBHduq3dNxHJVfJET7YbSmCmMto0j8Ia0bXafz-ZKRPD8ZD6ybFTW6wSlU_8JkWp_bwWpQ/s320/59E28778-74F3-4461-AD0C-B1580CFCD0D1.jpeg
blogger.googleusercontent.com (blogger.googleusercontent.com)|2404:6800:400b:c005::84|:443 に接続しています... 接続しました。
HTTP による接続要求を送信しました、応答を待っています... 200 OK
長さ: 14471 (14K) [image/jpeg]
‘blogger.googleusercontent.com/img/b/R29vZ2xl/AVvXsEjYCKMsU-zLEmAP5ut9-1PddI0hoGGQjdRjjaL3gmZMQqLRlv5vSfo-kqOJ8k0xJsC0toW2qjBHduq3dNxHJVfJET7YbSmCmMto0j8Ia0bXafz-ZKRPD8ZD6ybFTW6wSlU_8JkWp_bwWpQ/s320/59E28778-74F3-4461-AD0C-B1580CFCD0D1.jpeg’ に保存中

     0K .......... ....                                       100% 14.6M=0.001s

2026-09-16 09:15:27 (14.6 MB/s) - ‘blogger.googleusercontent.com/img/b/R29vZ2xl/AVvXsEjYCKMsU-zLEmAP5ut9-1PddI0hoGGQjdRjjaL3gmZMQqLRlv5vSfo-kqOJ8k0xJsC0toW2qjBHduq3dNxHJVfJET7YbSmCmMto0j8Ia0bXafz-ZKRPD8ZD6ybFTW6wSlU_8JkWp_bwWpQ/s320/59E28778-74F3-4461-AD0C-B1580CFCD0D1.jpeg’ へ保存完了 [14471/14471]

--2026-09-16 09:15:28--  https://www.tunnelpoemer.com/2019/03/blog-post_26.html
www.tunnelpoemer.com (www.tunnelpoemer.com)|2404:6800:400b:c005::79|:443 に接続しています... 接続しました。
HTTP による接続要求を送信しました、応答を待っています... 200 OK
長さ: 特定できません [text/html]
‘www.tunnelpoemer.com/2019/03/blog-post_26.html’ に保存中

     0K .......... .......... .......... .......... .......... 2.95M
    50K ....                                                   22.4M=0.02s

2026-09-16 09:15:28 (3.19 MB/s) - ‘www.tunnelpoemer.com/2019/03/blog-post_26.html’ へ保存終了 [55937]

--2026-09-16 09:15:29--  https://blogger.googleusercontent.com/img/b/R29vZ2xl/AVvXsEg4B9R3IE60k5WCpYRGBHGdP2s3RueRhLMiDuNFhvPb7nsgAAn_lk6jX6NkwwM3iOSUBv5Hv1cRweaC7gxe7L-xJ_uFk0pLgcwm5Vzu-eURq2eJjNexlGGBUToVZjhquL0kY6b2KTH9fGw/s320/A909B9EE-2153-43C8-8B63-6CFECF5EE9AF.jpeg
blogger.googleusercontent.com (blogger.googleusercontent.com)|2404:6800:400b:c005::84|:443 に接続しています... 接続しました。
HTTP による接続要求を送信しました、応答を待っています... 200 OK
長さ: 25018 (24K) [image/jpeg]
‘blogger.googleusercontent.com/img/b/R29vZ2xl/AVvXsEg4B9R3IE60k5WCpYRGBHGdP2s3RueRhLMiDuNFhvPb7nsgAAn_lk6jX6NkwwM3iOSUBv5Hv1cRweaC7gxe7L-xJ_uFk0pLgcwm5Vzu-eURq2eJjNexlGGBUToVZjhquL0kY6b2KTH9fGw/s320/A909B9EE-2153-43C8-8B63-6CFECF5EE9AF.jpeg’ に保存中

     0K .......... .......... ....                            100% 2.48M=0.01s

2026-09-16 09:15:32 (2.48 MB/s) - ‘blogger.googleusercontent.com/img/b/R29vZ2xl/AVvXsEg4B9R3IE60k5WCpYRGBHGdP2s3RueRhLMiDuNFhvPb7nsgAAn_lk6jX6NkwwM3iOSUBv5Hv1cRweaC7gxe7L-xJ_uFk0pLgcwm5Vzu-eURq2eJjNexlGGBUToVZjhquL0kY6b2KTH9fGw/s320/A909B9EE-2153-43C8-8B63-6CFECF5EE9AF.jpeg’ へ保存完了 [25018/25018]

--2026-09-16 09:15:33--  https://www.tunnelpoemer.com/2019/03/blog-post_34.html
www.tunnelpoemer.com (www.tunnelpoemer.com)|2404:6800:400b:c005::79|:443 に接続しています... 接続しました。
HTTP による接続要求を送信しました、応答を待っています... 200 OK
長さ: 特定できません [text/html]
‘www.tunnelpoemer.com/2019/03/blog-post_34.html’ に保存中

     0K .......... .......... .......... .......... .......... 1.83M
    50K ....                                                   5.00M=0.03s

2026-09-16 09:15:34 (1.94 MB/s) - ‘www.tunnelpoemer.com/2019/03/blog-post_34.html’ へ保存終了 [56116]

--2026-09-16 09:15:35--  https://blogger.googleusercontent.com/img/b/R29vZ2xl/AVvXsEgXh_Xg_4zPgV9s8w-PRLkp1xAjPNOkz-9rh4oplnuCDFPvqGGPNetAaU9FA9qjYYmtOmq-7I-t7C9UrLYlmUpZoCBPrqFy1VQJvwgn4VPwDlFLZ9EL5cq3Ahs5InUWDK-drFdUxTrA4wQ/s320/A7DB5ADD-34B4-4C5F-A816-0BEEEE5AB3D3.jpeg
blogger.googleusercontent.com (blogger.googleusercontent.com)|2404:6800:400b:c005::84|:443 に接続しています... 接続しました。
HTTP による接続要求を送信しました、応答を待っています... 200 OK
長さ: 32111 (31K) [image/jpeg]
‘blogger.googleusercontent.com/img/b/R29vZ2xl/AVvXsEgXh_Xg_4zPgV9s8w-PRLkp1xAjPNOkz-9rh4oplnuCDFPvqGGPNetAaU9FA9qjYYmtOmq-7I-t7C9UrLYlmUpZoCBPrqFy1VQJvwgn4VPwDlFLZ9EL5cq3Ahs5InUWDK-drFdUxTrA4wQ/s320/A7DB5ADD-34B4-4C5F-A816-0BEEEE5AB3D3.jpeg’ に保存中

     0K .......... .......... .......... .                    100% 2.99M=0.01s

2026-09-16 09:15:37 (2.99 MB/s) - ‘blogger.googleusercontent.com/img/b/R29vZ2xl/AVvXsEgXh_Xg_4zPgV9s8w-PRLkp1xAjPNOkz-9rh4oplnuCDFPvqGGPNetAaU9FA9qjYYmtOmq-7I-t7C9UrLYlmUpZoCBPrqFy1VQJvwgn4VPwDlFLZ9EL5cq3Ahs5InUWDK-drFdUxTrA4wQ/s320/A7DB5ADD-34B4-4C5F-A816-0BEEEE5AB3D3.jpeg’ へ保存完了 [32111/32111]

--2026-09-16 09:15:38--  https://www.tunnelpoemer.com/2019/03/blog-post_45.html
www.tunnelpoemer.com (www.tunnelpoemer.com)|2404:6800:400b:c005::79|:443 に接続しています... 接続しました。
HTTP による接続要求を送信しました、応答を待っています... 200 OK
長さ: 特定できません [text/html]
‘www.tunnelpoemer.com/2019/03/blog-post_45.html’ に保存中

     0K .......... .......... .......... .......... ..........  398K
    50K ....                                                   2.96M=0.1s

2026-09-16 09:15:39 (429 KB/s) - ‘www.tunnelpoemer.com/2019/03/blog-post_45.html’ へ保存終了 [55800]

--2026-09-16 09:15:40--  https://blogger.googleusercontent.com/img/b/R29vZ2xl/AVvXsEgaMOsNpsxYC6o1HlqHy_TbAZPGmbY6inAbP4P2GrblUAsEjCye-70qUJw_rtSmZcY8JHXDT0XNfIFKavC5kHcwo7j6xlD-j27_wTqgCBSFxw5qpRjFIo6ltEtkwLvlQOxAkLhRQjEStnk/s320/87D22CA4-7B1E-43FB-8D3C-C9CA9AAA3034.jpeg
blogger.googleusercontent.com (blogger.googleusercontent.com)|2404:6800:400b:c005::84|:443 に接続しています... 接続しました。
HTTP による接続要求を送信しました、応答を待っています... 200 OK
長さ: 17014 (17K) [image/jpeg]
‘blogger.googleusercontent.com/img/b/R29vZ2xl/AVvXsEgaMOsNpsxYC6o1HlqHy_TbAZPGmbY6inAbP4P2GrblUAsEjCye-70qUJw_rtSmZcY8JHXDT0XNfIFKavC5kHcwo7j6xlD-j27_wTqgCBSFxw5qpRjFIo6ltEtkwLvlQOxAkLhRQjEStnk/s320/87D22CA4-7B1E-43FB-8D3C-C9CA9AAA3034.jpeg’ に保存中

     0K .......... ......                                     100%  398K=0.04s

2026-09-16 09:15:43 (398 KB/s) - ‘blogger.googleusercontent.com/img/b/R29vZ2xl/AVvXsEgaMOsNpsxYC6o1HlqHy_TbAZPGmbY6inAbP4P2GrblUAsEjCye-70qUJw_rtSmZcY8JHXDT0XNfIFKavC5kHcwo7j6xlD-j27_wTqgCBSFxw5qpRjFIo6ltEtkwLvlQOxAkLhRQjEStnk/s320/87D22CA4-7B1E-43FB-8D3C-C9CA9AAA3034.jpeg’ へ保存完了 [17014/17014]

--2026-09-16 09:15:44--  https://www.tunnelpoemer.com/2019/03/blog-post_8.html
www.tunnelpoemer.com (www.tunnelpoemer.com)|2404:6800:400b:c005::79|:443 に接続しています... 接続しました。
HTTP による接続要求を送信しました、応答を待っています... 200 OK
長さ: 特定できません [text/html]
‘www.tunnelpoemer.com/2019/03/blog-post_8.html’ に保存中

     0K .......... .......... .......... .......... .......... 1.11M
    50K .....                                                  3.17M=0.05s

2026-09-16 09:15:44 (1.18 MB/s) - ‘www.tunnelpoemer.com/2019/03/blog-post_8.html’ へ保存終了 [56333]

--2026-09-16 09:15:45--  https://blogger.googleusercontent.com/img/b/R29vZ2xl/AVvXsEi9cMDqM2yl3BRwYpbkP1PIZiarW91nbVUKYlGrfRWk7GPaeBxIv-X4XAtNaeG433DhRN6D8m17W8kaKTCWz6n13R_cpbVukOLrTXquCgFYM5AJiWLPBTcHkzwn2tR9G2u410a4Fey501M/s320/137DEE5B-A82E-4E88-B835-7AC6421EDE27.jpeg
blogger.googleusercontent.com (blogger.googleusercontent.com)|2404:6800:400b:c005::84|:443 に接続しています... 接続しました。
HTTP による接続要求を送信しました、応答を待っています... 200 OK
長さ: 24419 (24K) [image/jpeg]
‘blogger.googleusercontent.com/img/b/R29vZ2xl/AVvXsEi9cMDqM2yl3BRwYpbkP1PIZiarW91nbVUKYlGrfRWk7GPaeBxIv-X4XAtNaeG433DhRN6D8m17W8kaKTCWz6n13R_cpbVukOLrTXquCgFYM5AJiWLPBTcHkzwn2tR9G2u410a4Fey501M/s320/137DEE5B-A82E-4E88-B835-7AC6421EDE27.jpeg’ に保存中

     0K .......... .......... ...                             100% 1.10M=0.02s

2026-09-16 09:15:48 (1.10 MB/s) - ‘blogger.googleusercontent.com/img/b/R29vZ2xl/AVvXsEi9cMDqM2yl3BRwYpbkP1PIZiarW91nbVUKYlGrfRWk7GPaeBxIv-X4XAtNaeG433DhRN6D8m17W8kaKTCWz6n13R_cpbVukOLrTXquCgFYM5AJiWLPBTcHkzwn2tR9G2u410a4Fey501M/s320/137DEE5B-A82E-4E88-B835-7AC6421EDE27.jpeg’ へ保存完了 [24419/24419]

--2026-09-16 09:15:49--  https://www.tunnelpoemer.com/2019/03/blog-post.html
www.tunnelpoemer.com (www.tunnelpoemer.com)|2404:6800:400b:c005::79|:443 に接続しています... 接続しました。
HTTP による接続要求を送信しました、応答を待っています... 200 OK
長さ: 特定できません [text/html]
‘www.tunnelpoemer.com/2019/03/blog-post.html’ に保存中

     0K .......... .......... .......... .......... .......... 1.41M
    50K ....                                                   3.69M=0.04s

2026-09-16 09:15:50 (1.49 MB/s) - ‘www.tunnelpoemer.com/2019/03/blog-post.html’ へ保存終了 [56054]

--2026-09-16 09:15:51--  https://blogger.googleusercontent.com/img/b/R29vZ2xl/AVvXsEi0Y_kG6bKECgP_Y1nndser4h6CaotN-bQX5VVR8S3I03mzug0oFd60kJ1SiWJyRA91DZR9fIPluv2_Z99VHToCP5IQMJbb-DOKHIBTMi71k4FecLwkKxsgm-ZJewFGfPwv2CRPDLNhoQY/s320/2B1609A2-320C-44AA-B1E5-9AC9D2C75C4C.jpeg
blogger.googleusercontent.com (blogger.googleusercontent.com)|2404:6800:400b:c005::84|:443 に接続しています... 接続しました。
HTTP による接続要求を送信しました、応答を待っています... 200 OK
長さ: 24497 (24K) [image/jpeg]
‘blogger.googleusercontent.com/img/b/R29vZ2xl/AVvXsEi0Y_kG6bKECgP_Y1nndser4h6CaotN-bQX5VVR8S3I03mzug0oFd60kJ1SiWJyRA91DZR9fIPluv2_Z99VHToCP5IQMJbb-DOKHIBTMi71k4FecLwkKxsgm-ZJewFGfPwv2CRPDLNhoQY/s320/2B1609A2-320C-44AA-B1E5-9AC9D2C75C4C.jpeg’ に保存中

     0K .......... .......... ...                             100% 3.78M=0.006s

2026-09-16 09:15:52 (3.78 MB/s) - ‘blogger.googleusercontent.com/img/b/R29vZ2xl/AVvXsEi0Y_kG6bKECgP_Y1nndser4h6CaotN-bQX5VVR8S3I03mzug0oFd60kJ1SiWJyRA91DZR9fIPluv2_Z99VHToCP5IQMJbb-DOKHIBTMi71k4FecLwkKxsgm-ZJewFGfPwv2CRPDLNhoQY/s320/2B1609A2-320C-44AA-B1E5-9AC9D2C75C4C.jpeg’ へ保存完了 [24497/24497]

--2026-09-16 09:15:53--  https://www.tunnelpoemer.com/2019/03/ii1.html
www.tunnelpoemer.com (www.tunnelpoemer.com)|2404:6800:400b:c005::79|:443 に接続しています... 接続しました。
HTTP による接続要求を送信しました、応答を待っています... 200 OK
長さ: 特定できません [text/html]
‘www.tunnelpoemer.com/2019/03/ii1.html’ に保存中

     0K .......... .......... .......... .......... .......... 1.51M
    50K ....                                                   3.65M=0.03s

2026-09-16 09:15:55 (1.58 MB/s) - ‘www.tunnelpoemer.com/2019/03/ii1.html’ へ保存終了 [55920]

--2026-09-16 09:15:56--  https://blogger.googleusercontent.com/img/b/R29vZ2xl/AVvXsEgpbKhifz6ersqVCpiHdehYoYyn8mcccoTq_aChk0pNYGnRV1lKlFQJalttyDt9RzL74Y7IA9ka7fbD_T3UscQikgK0VBxCNObc1Z6bspI_RqTb2NzdUR-sVc6vbzyAUXuDzt7YxSd2uqM/s320/15FB0949-327E-49D2-93B1-14A6D57D7A80.jpeg
blogger.googleusercontent.com (blogger.googleusercontent.com)|2404:6800:400b:c005::84|:443 に接続しています... 接続しました。
HTTP による接続要求を送信しました、応答を待っています... 200 OK
長さ: 27052 (26K) [image/jpeg]
‘blogger.googleusercontent.com/img/b/R29vZ2xl/AVvXsEgpbKhifz6ersqVCpiHdehYoYyn8mcccoTq_aChk0pNYGnRV1lKlFQJalttyDt9RzL74Y7IA9ka7fbD_T3UscQikgK0VBxCNObc1Z6bspI_RqTb2NzdUR-sVc6vbzyAUXuDzt7YxSd2uqM/s320/15FB0949-327E-49D2-93B1-14A6D57D7A80.jpeg’ に保存中

     0K .......... .......... ......                          100% 3.26M=0.008s

2026-09-16 09:15:57 (3.26 MB/s) - ‘blogger.googleusercontent.com/img/b/R29vZ2xl/AVvXsEgpbKhifz6ersqVCpiHdehYoYyn8mcccoTq_aChk0pNYGnRV1lKlFQJalttyDt9RzL74Y7IA9ka7fbD_T3UscQikgK0VBxCNObc1Z6bspI_RqTb2NzdUR-sVc6vbzyAUXuDzt7YxSd2uqM/s320/15FB0949-327E-49D2-93B1-14A6D57D7A80.jpeg’ へ保存完了 [27052/27052]

--2026-09-16 09:15:58--  https://www.tunnelpoemer.com/2019/03/iso.html
www.tunnelpoemer.com (www.tunnelpoemer.com)|2404:6800:400b:c005::79|:443 に接続しています... 接続しました。
HTTP による接続要求を送信しました、応答を待っています... 200 OK
長さ: 特定できません [text/html]
‘www.tunnelpoemer.com/2019/03/iso.html’ に保存中

     0K .......... .......... .......... .......... .......... 1.74M
    50K ....                                                    162K=0.06s

2026-09-16 09:16:01 (972 KB/s) - ‘www.tunnelpoemer.com/2019/03/iso.html’ へ保存終了 [55879]

--2026-09-16 09:16:02--  https://blogger.googleusercontent.com/img/b/R29vZ2xl/AVvXsEh3fvsVbCO-xN9PMPOkIQri40OScYW4cQ3UzKz9r_yt5so98L40fwFQT3f-2BaENyxUr9w14Nf2CL2ub6bXTv02W7G2Q45JxTQ06VpWTjK2JyxENxt8ttwUVGMwM4vOY1hDHsPuZU8hryM/s320/23187476-F7E2-4984-A943-0BD4E3BCE8DB.jpeg
blogger.googleusercontent.com (blogger.googleusercontent.com)|2404:6800:400b:c005::84|:443 に接続しています... 接続しました。
HTTP による接続要求を送信しました、応答を待っています... 200 OK
長さ: 13162 (13K) [image/jpeg]
‘blogger.googleusercontent.com/img/b/R29vZ2xl/AVvXsEh3fvsVbCO-xN9PMPOkIQri40OScYW4cQ3UzKz9r_yt5so98L40fwFQT3f-2BaENyxUr9w14Nf2CL2ub6bXTv02W7G2Q45JxTQ06VpWTjK2JyxENxt8ttwUVGMwM4vOY1hDHsPuZU8hryM/s320/23187476-F7E2-4984-A943-0BD4E3BCE8DB.jpeg’ に保存中

     0K .......... ..                                         100% 15.0M=0.001s

2026-09-16 09:16:09 (15.0 MB/s) - ‘blogger.googleusercontent.com/img/b/R29vZ2xl/AVvXsEh3fvsVbCO-xN9PMPOkIQri40OScYW4cQ3UzKz9r_yt5so98L40fwFQT3f-2BaENyxUr9w14Nf2CL2ub6bXTv02W7G2Q45JxTQ06VpWTjK2JyxENxt8ttwUVGMwM4vOY1hDHsPuZU8hryM/s320/23187476-F7E2-4984-A943-0BD4E3BCE8DB.jpeg’ へ保存完了 [13162/13162]

--2026-09-16 09:16:10--  https://www.tunnelpoemer.com/2019/04/305.html
www.tunnelpoemer.com (www.tunnelpoemer.com)|2404:6800:400b:c005::79|:443 に接続しています... 接続しました。
HTTP による接続要求を送信しました、応答を待っています... 200 OK
長さ: 特定できません [text/html]
‘www.tunnelpoemer.com/2019/04/305.html’ に保存中

     0K .......... .......... .......... .......... .......... 2.46M
    50K ...                                                    5.11M=0.02s

2026-09-16 09:16:11 (2.54 MB/s) - ‘www.tunnelpoemer.com/2019/04/305.html’ へ保存終了 [54736]

--2026-09-16 09:16:12--  https://blogger.googleusercontent.com/img/b/R29vZ2xl/AVvXsEizKwZ8BM8o6Jktzh8hQ-WqSrrJo3_W842YJNEJ_1V3whoE3TQpt-inOyEadGwX2OCdLcHg038MyrrZbDQ_ieo0iM1zRV-y9T0dz0O4B3daD6w0DYyanaf9B9r7iZPmFlRX6wiiHXt_UbA/s320/B76F2398-2A27-4472-8E17-3EF37BBCEB87.jpeg
blogger.googleusercontent.com (blogger.googleusercontent.com)|2404:6800:400b:c005::84|:443 に接続しています... 接続しました。
HTTP による接続要求を送信しました、応答を待っています... 200 OK
長さ: 19256 (19K) [image/jpeg]
‘blogger.googleusercontent.com/img/b/R29vZ2xl/AVvXsEizKwZ8BM8o6Jktzh8hQ-WqSrrJo3_W842YJNEJ_1V3whoE3TQpt-inOyEadGwX2OCdLcHg038MyrrZbDQ_ieo0iM1zRV-y9T0dz0O4B3daD6w0DYyanaf9B9r7iZPmFlRX6wiiHXt_UbA/s320/B76F2398-2A27-4472-8E17-3EF37BBCEB87.jpeg’ に保存中

     0K .......... ........                                   100% 15.0M=0.001s

2026-09-16 09:16:14 (15.0 MB/s) - ‘blogger.googleusercontent.com/img/b/R29vZ2xl/AVvXsEizKwZ8BM8o6Jktzh8hQ-WqSrrJo3_W842YJNEJ_1V3whoE3TQpt-inOyEadGwX2OCdLcHg038MyrrZbDQ_ieo0iM1zRV-y9T0dz0O4B3daD6w0DYyanaf9B9r7iZPmFlRX6wiiHXt_UbA/s320/B76F2398-2A27-4472-8E17-3EF37BBCEB87.jpeg’ へ保存完了 [19256/19256]

--2026-09-16 09:16:15--  https://www.tunnelpoemer.com/2019/04/a36.html
www.tunnelpoemer.com (www.tunnelpoemer.com)|2404:6800:400b:c005::79|:443 に接続しています... 接続しました。
HTTP による接続要求を送信しました、応答を待っています... 200 OK
長さ: 特定できません [text/html]
‘www.tunnelpoemer.com/2019/04/a36.html’ に保存中

     0K .......... .......... .......... .......... .......... 1.55M
    50K ...                                                    19.8M=0.03s

2026-09-16 09:16:18 (1.65 MB/s) - ‘www.tunnelpoemer.com/2019/04/a36.html’ へ保存終了 [54643]

--2026-09-16 09:16:19--  https://blogger.googleusercontent.com/img/b/R29vZ2xl/AVvXsEjyq3ZefSfNQSTb5ITnbFYrv8tLd5R8PS6IUKJw9mFdTCzkJW2HQsNjnrDciPhNg_F6Pn2TwmPutZR7MeAqdr17EUHjoHBl7-PCV7TyjROmePO60E9uhpD4ox_PBzV5qDu8xhy6erQHZ74/s320/C9423F51-BCE5-4597-A108-D45096764DC7.jpeg
blogger.googleusercontent.com (blogger.googleusercontent.com)|2404:6800:400b:c005::84|:443 に接続しています... 接続しました。
HTTP による接続要求を送信しました、応答を待っています... 200 OK
長さ: 35523 (35K) [image/jpeg]
‘blogger.googleusercontent.com/img/b/R29vZ2xl/AVvXsEjyq3ZefSfNQSTb5ITnbFYrv8tLd5R8PS6IUKJw9mFdTCzkJW2HQsNjnrDciPhNg_F6Pn2TwmPutZR7MeAqdr17EUHjoHBl7-PCV7TyjROmePO60E9uhpD4ox_PBzV5qDu8xhy6erQHZ74/s320/C9423F51-BCE5-4597-A108-D45096764DC7.jpeg’ に保存中

     0K .......... .......... .......... ....                 100% 1.07M=0.03s

2026-09-16 09:16:21 (1.07 MB/s) - ‘blogger.googleusercontent.com/img/b/R29vZ2xl/AVvXsEjyq3ZefSfNQSTb5ITnbFYrv8tLd5R8PS6IUKJw9mFdTCzkJW2HQsNjnrDciPhNg_F6Pn2TwmPutZR7MeAqdr17EUHjoHBl7-PCV7TyjROmePO60E9uhpD4ox_PBzV5qDu8xhy6erQHZ74/s320/C9423F51-BCE5-4597-A108-D45096764DC7.jpeg’ へ保存完了 [35523/35523]

--2026-09-16 09:16:22--  https://www.tunnelpoemer.com/2019/04/blog-post_13.html
www.tunnelpoemer.com (www.tunnelpoemer.com)|2404:6800:400b:c005::79|:443 に接続しています... 接続しました。
HTTP による接続要求を送信しました、応答を待っています... 200 OK
長さ: 特定できません [text/html]
‘www.tunnelpoemer.com/2019/04/blog-post_13.html’ に保存中

     0K .......... .......... .......... .......... .......... 1.10M
    50K ...                                                    15.7M=0.04s

2026-09-16 09:16:24 (1.17 MB/s) - ‘www.tunnelpoemer.com/2019/04/blog-post_13.html’ へ保存終了 [54791]

--2026-09-16 09:16:25--  https://blogger.googleusercontent.com/img/b/R29vZ2xl/AVvXsEj9yTDKgLPgGMRmuHWPFLZjFPaotsTwLDO-SJZOfoCMcIYCgQQd4bhLJk0jJboT1iWbEYCG8y0jLNtHzvCSaiCBVCKTfv0dWP0C_omf4ECXkY096AKLMlZM4HMIpCKvaHDsWM92BXsRo2g/s320/DEF7D179-3D0D-4391-8CAA-6E14DA5C1F17.jpeg
blogger.googleusercontent.com (blogger.googleusercontent.com)|2404:6800:400b:c005::84|:443 に接続しています... 接続しました。
HTTP による接続要求を送信しました、応答を待っています... 200 OK
長さ: 15179 (15K) [image/jpeg]
‘blogger.googleusercontent.com/img/b/R29vZ2xl/AVvXsEj9yTDKgLPgGMRmuHWPFLZjFPaotsTwLDO-SJZOfoCMcIYCgQQd4bhLJk0jJboT1iWbEYCG8y0jLNtHzvCSaiCBVCKTfv0dWP0C_omf4ECXkY096AKLMlZM4HMIpCKvaHDsWM92BXsRo2g/s320/DEF7D179-3D0D-4391-8CAA-6E14DA5C1F17.jpeg’ に保存中

     0K .......... ....                                       100% 9.27M=0.002s

2026-09-16 09:16:27 (9.27 MB/s) - ‘blogger.googleusercontent.com/img/b/R29vZ2xl/AVvXsEj9yTDKgLPgGMRmuHWPFLZjFPaotsTwLDO-SJZOfoCMcIYCgQQd4bhLJk0jJboT1iWbEYCG8y0jLNtHzvCSaiCBVCKTfv0dWP0C_omf4ECXkY096AKLMlZM4HMIpCKvaHDsWM92BXsRo2g/s320/DEF7D179-3D0D-4391-8CAA-6E14DA5C1F17.jpeg’ へ保存完了 [15179/15179]

--2026-09-16 09:16:28--  https://www.tunnelpoemer.com/2019/04/blog-post_29.html
www.tunnelpoemer.com (www.tunnelpoemer.com)|2404:6800:400b:c005::79|:443 に接続しています... 接続しました。
HTTP による接続要求を送信しました、応答を待っています... 200 OK
長さ: 特定できません [text/html]
‘www.tunnelpoemer.com/2019/04/blog-post_29.html’ に保存中

     0K .......... .......... .......... .......... .......... 3.16M
    50K ...                                                    4.52M=0.02s

2026-09-16 09:16:30 (3.23 MB/s) - ‘www.tunnelpoemer.com/2019/04/blog-post_29.html’ へ保存終了 [55078]

--2026-09-16 09:16:31--  https://blogger.googleusercontent.com/img/b/R29vZ2xl/AVvXsEioaIjuyzaISkUyB_oxSvwUsc1KgzYfxVbhrzpgGoePidbdOpnEyXZPX07i0B9JMYtDnvFHSKuQwlUviJsHkJHfPxX8o6NADFeNXbzc9YpDfQiz1rlDz9cJEcKs3WP9P5r8ZKUGHAWZHq8/s320/D6838D3D-2440-490A-B0F1-0586003C0BA1.jpeg
blogger.googleusercontent.com (blogger.googleusercontent.com)|2404:6800:400b:c005::84|:443 に接続しています... 接続しました。
HTTP による接続要求を送信しました、応答を待っています... 200 OK
長さ: 20948 (20K) [image/jpeg]
‘blogger.googleusercontent.com/img/b/R29vZ2xl/AVvXsEioaIjuyzaISkUyB_oxSvwUsc1KgzYfxVbhrzpgGoePidbdOpnEyXZPX07i0B9JMYtDnvFHSKuQwlUviJsHkJHfPxX8o6NADFeNXbzc9YpDfQiz1rlDz9cJEcKs3WP9P5r8ZKUGHAWZHq8/s320/D6838D3D-2440-490A-B0F1-0586003C0BA1.jpeg’ に保存中

     0K .......... ..........                                 100% 15.1M=0.001s

2026-09-16 09:16:32 (15.1 MB/s) - ‘blogger.googleusercontent.com/img/b/R29vZ2xl/AVvXsEioaIjuyzaISkUyB_oxSvwUsc1KgzYfxVbhrzpgGoePidbdOpnEyXZPX07i0B9JMYtDnvFHSKuQwlUviJsHkJHfPxX8o6NADFeNXbzc9YpDfQiz1rlDz9cJEcKs3WP9P5r8ZKUGHAWZHq8/s320/D6838D3D-2440-490A-B0F1-0586003C0BA1.jpeg’ へ保存完了 [20948/20948]

--2026-09-16 09:16:33--  https://www.tunnelpoemer.com/2019/04/blog-post_4.html
www.tunnelpoemer.com (www.tunnelpoemer.com)|2404:6800:400b:c005::79|:443 に接続しています... 接続しました。
HTTP による接続要求を送信しました、応答を待っています... 200 OK
長さ: 特定できません [text/html]
‘www.tunnelpoemer.com/2019/04/blog-post_4.html’ に保存中

     0K .......... .......... .......... .......... .......... 2.08M
    50K ...                                                    19.9M=0.02s

2026-09-16 09:16:34 (2.20 MB/s) - ‘www.tunnelpoemer.com/2019/04/blog-post_4.html’ へ保存終了 [54716]

--2026-09-16 09:16:35--  https://blogger.googleusercontent.com/img/b/R29vZ2xl/AVvXsEjSs5DxJEJdP81bTmcdBR9YeRYT9NiMaI7BvPIQnZ5yOpp5Vl4xf52D0FglmWMRjVm8yKYuwsAH-kVmf9ne_Q0yRd0U_CnYwqnYrQ_KEJJJrpILQ0VVAJnb5kt7EDAlKaD9YxWr0GP2SqM/s320/418365D1-899D-4DD9-9F38-9ED1A9916E42.jpeg
blogger.googleusercontent.com (blogger.googleusercontent.com)|2404:6800:400b:c005::84|:443 に接続しています... 接続しました。
HTTP による接続要求を送信しました、応答を待っています... 200 OK
長さ: 36195 (35K) [image/jpeg]
‘blogger.googleusercontent.com/img/b/R29vZ2xl/AVvXsEjSs5DxJEJdP81bTmcdBR9YeRYT9NiMaI7BvPIQnZ5yOpp5Vl4xf52D0FglmWMRjVm8yKYuwsAH-kVmf9ne_Q0yRd0U_CnYwqnYrQ_KEJJJrpILQ0VVAJnb5kt7EDAlKaD9YxWr0GP2SqM/s320/418365D1-899D-4DD9-9F38-9ED1A9916E42.jpeg’ に保存中

     0K .......... .......... .......... .....                100% 2.89M=0.01s

2026-09-16 09:16:37 (2.89 MB/s) - ‘blogger.googleusercontent.com/img/b/R29vZ2xl/AVvXsEjSs5DxJEJdP81bTmcdBR9YeRYT9NiMaI7BvPIQnZ5yOpp5Vl4xf52D0FglmWMRjVm8yKYuwsAH-kVmf9ne_Q0yRd0U_CnYwqnYrQ_KEJJJrpILQ0VVAJnb5kt7EDAlKaD9YxWr0GP2SqM/s320/418365D1-899D-4DD9-9F38-9ED1A9916E42.jpeg’ へ保存完了 [36195/36195]

--2026-09-16 09:16:38--  https://www.tunnelpoemer.com/2019/04/blog-post_7.html
www.tunnelpoemer.com (www.tunnelpoemer.com)|2404:6800:400b:c005::79|:443 に接続しています... 接続しました。
HTTP による接続要求を送信しました、応答を待っています... 200 OK
長さ: 特定できません [text/html]
‘www.tunnelpoemer.com/2019/04/blog-post_7.html’ に保存中

     0K .......... .......... .......... .......... .......... 2.77M
    50K ...                                                    1.76M=0.02s

2026-09-16 09:16:40 (2.67 MB/s) - ‘www.tunnelpoemer.com/2019/04/blog-post_7.html’ へ保存終了 [54749]

--2026-09-16 09:16:41--  https://blogger.googleusercontent.com/img/b/R29vZ2xl/AVvXsEgqiiW0P76mW5oQmPGnDNVTRyroRIHd_2u1RKPYjHdw0nTZfL0RPaHuvDF15Gxvt1I9P_pxb68S0JbC4f9MC9Nmo_gnjVn6Xldhs1E8fNmRbepCbxykbyA-VYi7R9Htpf0Dd2096fa8Z80/s320/F43E5B68-7387-426E-B69D-69B8C7BB8B0B.jpeg
blogger.googleusercontent.com (blogger.googleusercontent.com)|2404:6800:400b:c005::84|:443 に接続しています... 接続しました。
HTTP による接続要求を送信しました、応答を待っています... 200 OK
長さ: 23112 (23K) [image/jpeg]
‘blogger.googleusercontent.com/img/b/R29vZ2xl/AVvXsEgqiiW0P76mW5oQmPGnDNVTRyroRIHd_2u1RKPYjHdw0nTZfL0RPaHuvDF15Gxvt1I9P_pxb68S0JbC4f9MC9Nmo_gnjVn6Xldhs1E8fNmRbepCbxykbyA-VYi7R9Htpf0Dd2096fa8Z80/s320/F43E5B68-7387-426E-B69D-69B8C7BB8B0B.jpeg’ に保存中

     0K .......... .......... ..                              100% 3.41M=0.006s

2026-09-16 09:16:43 (3.41 MB/s) - ‘blogger.googleusercontent.com/img/b/R29vZ2xl/AVvXsEgqiiW0P76mW5oQmPGnDNVTRyroRIHd_2u1RKPYjHdw0nTZfL0RPaHuvDF15Gxvt1I9P_pxb68S0JbC4f9MC9Nmo_gnjVn6Xldhs1E8fNmRbepCbxykbyA-VYi7R9Htpf0Dd2096fa8Z80/s320/F43E5B68-7387-426E-B69D-69B8C7BB8B0B.jpeg’ へ保存完了 [23112/23112]

--2026-09-16 09:16:44--  https://www.tunnelpoemer.com/2019/04/blog-post.html
www.tunnelpoemer.com (www.tunnelpoemer.com)|2404:6800:400b:c005::79|:443 に接続しています... 接続しました。
HTTP による接続要求を送信しました、応答を待っています... 200 OK
長さ: 特定できません [text/html]
‘www.tunnelpoemer.com/2019/04/blog-post.html’ に保存中

     0K .......... .......... .......... .......... .......... 1.88M
    50K ...                                                    18.7M=0.03s

2026-09-16 09:16:45 (2.00 MB/s) - ‘www.tunnelpoemer.com/2019/04/blog-post.html’ へ保存終了 [54742]

--2026-09-16 09:16:46--  https://blogger.googleusercontent.com/img/b/R29vZ2xl/AVvXsEjHJSjborbLeqGJDkL5WQLtBo8-bAxAIqksGPCZLp62OrQxLwIBVzbNcj5nIH73dkAWa0NNrh_3BqkqjbrUEan1fCJUWSUs_iNlx3hoY402Z4ylZvPj3GF2WFhW5rIRje6A-dKI5mU6i9E/s320/FB98856E-0DB5-4321-89E9-EA3232E50A98.jpeg
blogger.googleusercontent.com (blogger.googleusercontent.com)|2404:6800:400b:c005::84|:443 に接続しています... 接続しました。
HTTP による接続要求を送信しました、応答を待っています... 200 OK
長さ: 19924 (19K) [image/jpeg]
‘blogger.googleusercontent.com/img/b/R29vZ2xl/AVvXsEjHJSjborbLeqGJDkL5WQLtBo8-bAxAIqksGPCZLp62OrQxLwIBVzbNcj5nIH73dkAWa0NNrh_3BqkqjbrUEan1fCJUWSUs_iNlx3hoY402Z4ylZvPj3GF2WFhW5rIRje6A-dKI5mU6i9E/s320/FB98856E-0DB5-4321-89E9-EA3232E50A98.jpeg’ に保存中

     0K .......... .........                                  100% 2.16M=0.009s

2026-09-16 09:16:49 (2.16 MB/s) - ‘blogger.googleusercontent.com/img/b/R29vZ2xl/AVvXsEjHJSjborbLeqGJDkL5WQLtBo8-bAxAIqksGPCZLp62OrQxLwIBVzbNcj5nIH73dkAWa0NNrh_3BqkqjbrUEan1fCJUWSUs_iNlx3hoY402Z4ylZvPj3GF2WFhW5rIRje6A-dKI5mU6i9E/s320/FB98856E-0DB5-4321-89E9-EA3232E50A98.jpeg’ へ保存完了 [19924/19924]

--2026-09-16 09:16:50--  https://www.tunnelpoemer.com/2019/05/100.html
www.tunnelpoemer.com (www.tunnelpoemer.com)|2404:6800:400b:c005::79|:443 に接続しています... 接続しました。
HTTP による接続要求を送信しました、応答を待っています... 200 OK
長さ: 特定できません [text/html]
‘www.tunnelpoemer.com/2019/05/100.html’ に保存中

     0K .......... .......... .......... .......... .......... 2.41M
    50K ....                                                   1.82M=0.02s

2026-09-16 09:16:51 (2.34 MB/s) - ‘www.tunnelpoemer.com/2019/05/100.html’ へ保存終了 [56090]

--2026-09-16 09:16:52--  https://blogger.googleusercontent.com/img/b/R29vZ2xl/AVvXsEgydUmcwEyjKg54EXyXizLjfpthxL8H8syCEOHM90r6Ap1h7HVVz5jU9X_4xgvgVzJ5NM_Fc81_C9Jx90nhVwMbdQownua60RSYPSBGOZoEe2qBoxyPyqYf5cR28zvow2Eu9pGrRrA_-jg/s320/8EE03F5A-C9A8-4854-9DFE-8AC574FD55FC.jpeg
blogger.googleusercontent.com (blogger.googleusercontent.com)|2404:6800:400b:c005::84|:443 に接続しています... 接続しました。
HTTP による接続要求を送信しました、応答を待っています... 200 OK
長さ: 23329 (23K) [image/jpeg]
‘blogger.googleusercontent.com/img/b/R29vZ2xl/AVvXsEgydUmcwEyjKg54EXyXizLjfpthxL8H8syCEOHM90r6Ap1h7HVVz5jU9X_4xgvgVzJ5NM_Fc81_C9Jx90nhVwMbdQownua60RSYPSBGOZoEe2qBoxyPyqYf5cR28zvow2Eu9pGrRrA_-jg/s320/8EE03F5A-C9A8-4854-9DFE-8AC574FD55FC.jpeg’ に保存中

     0K .......... .......... ..                              100% 2.52M=0.009s

2026-09-16 09:16:54 (2.52 MB/s) - ‘blogger.googleusercontent.com/img/b/R29vZ2xl/AVvXsEgydUmcwEyjKg54EXyXizLjfpthxL8H8syCEOHM90r6Ap1h7HVVz5jU9X_4xgvgVzJ5NM_Fc81_C9Jx90nhVwMbdQownua60RSYPSBGOZoEe2qBoxyPyqYf5cR28zvow2Eu9pGrRrA_-jg/s320/8EE03F5A-C9A8-4854-9DFE-8AC574FD55FC.jpeg’ へ保存完了 [23329/23329]

--2026-09-16 09:16:55--  https://www.tunnelpoemer.com/2019/05/205.html
www.tunnelpoemer.com (www.tunnelpoemer.com)|2404:6800:400b:c005::79|:443 に接続しています... 接続しました。
HTTP による接続要求を送信しました、応答を待っています... 200 OK
長さ: 特定できません [text/html]
‘www.tunnelpoemer.com/2019/05/205.html’ に保存中

     0K .......... .......... .......... .......... .......... 2.28M
    50K ....                                                   3.33M=0.02s

2026-09-16 09:16:56 (2.35 MB/s) - ‘www.tunnelpoemer.com/2019/05/205.html’ へ保存終了 [56256]

--2026-09-16 09:16:57--  https://blogger.googleusercontent.com/img/b/R29vZ2xl/AVvXsEh4GNzOc-wxAimK0TQznoGtLpvyVZ3Cn0HB_ThjeJuVbdAKIdnJDXbNgj4qJen9qejoRi3SUQMVOk6KhHlD15T-m6z_3urSLBbZAudPAKF1Kp_aISp25WMDAVuvPp_M8Wa7HtEPcYmjlCA/s320/3C03EA5E-8571-4D67-B4AE-2D589EEB90FF.jpeg
blogger.googleusercontent.com (blogger.googleusercontent.com)|2404:6800:400b:c005::84|:443 に接続しています... 接続しました。
HTTP による接続要求を送信しました、応答を待っています... 200 OK
長さ: 39731 (39K) [image/jpeg]
‘blogger.googleusercontent.com/img/b/R29vZ2xl/AVvXsEh4GNzOc-wxAimK0TQznoGtLpvyVZ3Cn0HB_ThjeJuVbdAKIdnJDXbNgj4qJen9qejoRi3SUQMVOk6KhHlD15T-m6z_3urSLBbZAudPAKF1Kp_aISp25WMDAVuvPp_M8Wa7HtEPcYmjlCA/s320/3C03EA5E-8571-4D67-B4AE-2D589EEB90FF.jpeg’ に保存中

     0K .......... .......... .......... ........             100% 1.23M=0.03s

2026-09-16 09:16:58 (1.23 MB/s) - ‘blogger.googleusercontent.com/img/b/R29vZ2xl/AVvXsEh4GNzOc-wxAimK0TQznoGtLpvyVZ3Cn0HB_ThjeJuVbdAKIdnJDXbNgj4qJen9qejoRi3SUQMVOk6KhHlD15T-m6z_3urSLBbZAudPAKF1Kp_aISp25WMDAVuvPp_M8Wa7HtEPcYmjlCA/s320/3C03EA5E-8571-4D67-B4AE-2D589EEB90FF.jpeg’ へ保存完了 [39731/39731]

--2026-09-16 09:16:59--  https://www.tunnelpoemer.com/2019/05/blog-post_10.html
www.tunnelpoemer.com (www.tunnelpoemer.com)|2404:6800:400b:c005::79|:443 に接続しています... 接続しました。
HTTP による接続要求を送信しました、応答を待っています... 200 OK
長さ: 特定できません [text/html]
‘www.tunnelpoemer.com/2019/05/blog-post_10.html’ に保存中

     0K .......... .......... .......... .......... .......... 2.12M
    50K .....                                                  3.09M=0.02s

2026-09-16 09:17:01 (2.19 MB/s) - ‘www.tunnelpoemer.com/2019/05/blog-post_10.html’ へ保存終了 [56398]

--2026-09-16 09:17:02--  https://blogger.googleusercontent.com/img/b/R29vZ2xl/AVvXsEiC2ZdjFOm1hic2GHEZHRsZm_pB_FSz72BV20OSjXCYF5m96aaDLjV0iJKdRn7NC3TZ2n5CZHtrG9xytcomkB04JnGf8sYec6GiXiVQlFJiY-50w9rQcTA67UldRGKmV1m_4jAjkOn6ZdI/s320/689785D8-7CBA-4B1D-BE2B-C5AE48B689B6.jpeg
blogger.googleusercontent.com (blogger.googleusercontent.com)|2404:6800:400b:c005::84|:443 に接続しています... 接続しました。
HTTP による接続要求を送信しました、応答を待っています... 200 OK
長さ: 32049 (31K) [image/jpeg]
‘blogger.googleusercontent.com/img/b/R29vZ2xl/AVvXsEiC2ZdjFOm1hic2GHEZHRsZm_pB_FSz72BV20OSjXCYF5m96aaDLjV0iJKdRn7NC3TZ2n5CZHtrG9xytcomkB04JnGf8sYec6GiXiVQlFJiY-50w9rQcTA67UldRGKmV1m_4jAjkOn6ZdI/s320/689785D8-7CBA-4B1D-BE2B-C5AE48B689B6.jpeg’ に保存中

     0K .......... .......... .......... .                    100% 3.11M=0.01s

2026-09-16 09:17:04 (3.11 MB/s) - ‘blogger.googleusercontent.com/img/b/R29vZ2xl/AVvXsEiC2ZdjFOm1hic2GHEZHRsZm_pB_FSz72BV20OSjXCYF5m96aaDLjV0iJKdRn7NC3TZ2n5CZHtrG9xytcomkB04JnGf8sYec6GiXiVQlFJiY-50w9rQcTA67UldRGKmV1m_4jAjkOn6ZdI/s320/689785D8-7CBA-4B1D-BE2B-C5AE48B689B6.jpeg’ へ保存完了 [32049/32049]

--2026-09-16 09:17:05--  https://www.tunnelpoemer.com/2019/05/blog-post_13.html
www.tunnelpoemer.com (www.tunnelpoemer.com)|2404:6800:400b:c005::79|:443 に接続しています... 接続しました。
HTTP による接続要求を送信しました、応答を待っています... 200 OK
長さ: 特定できません [text/html]
‘www.tunnelpoemer.com/2019/05/blog-post_13.html’ に保存中

     0K .......... .......... .......... .......... .......... 2.45M
    50K .....                                                  2.65M=0.02s

2026-09-16 09:17:06 (2.47 MB/s) - ‘www.tunnelpoemer.com/2019/05/blog-post_13.html’ へ保存終了 [57219]

--2026-09-16 09:17:07--  https://blogger.googleusercontent.com/img/b/R29vZ2xl/AVvXsEiJ6dPE3eDuxgezlLkxxsYHApKGQjq69_KhIa0QdkCkKLenJcugcaVAO__t7tyERc2YWwGe0Vt1rNIXpayCZWmGImE07CMWIrof-xkT-kQnnPvEvawuur8Tde5Drk3hqPXy1zc6TDvEe0k/s320/21FC9FD2-E233-4ECD-A8E2-691E2E66C8BB.jpeg
blogger.googleusercontent.com (blogger.googleusercontent.com)|2404:6800:400b:c005::84|:443 に接続しています... 接続しました。
HTTP による接続要求を送信しました、応答を待っています... 200 OK
長さ: 29050 (28K) [image/jpeg]
‘blogger.googleusercontent.com/img/b/R29vZ2xl/AVvXsEiJ6dPE3eDuxgezlLkxxsYHApKGQjq69_KhIa0QdkCkKLenJcugcaVAO__t7tyERc2YWwGe0Vt1rNIXpayCZWmGImE07CMWIrof-xkT-kQnnPvEvawuur8Tde5Drk3hqPXy1zc6TDvEe0k/s320/21FC9FD2-E233-4ECD-A8E2-691E2E66C8BB.jpeg’ に保存中

     0K .......... .......... ........                        100% 3.94M=0.007s

2026-09-16 09:17:09 (3.94 MB/s) - ‘blogger.googleusercontent.com/img/b/R29vZ2xl/AVvXsEiJ6dPE3eDuxgezlLkxxsYHApKGQjq69_KhIa0QdkCkKLenJcugcaVAO__t7tyERc2YWwGe0Vt1rNIXpayCZWmGImE07CMWIrof-xkT-kQnnPvEvawuur8Tde5Drk3hqPXy1zc6TDvEe0k/s320/21FC9FD2-E233-4ECD-A8E2-691E2E66C8BB.jpeg’ へ保存完了 [29050/29050]

--2026-09-16 09:17:10--  https://www.tunnelpoemer.com/2019/05/blog-post_17.html
www.tunnelpoemer.com (www.tunnelpoemer.com)|2404:6800:400b:c005::79|:443 に接続しています... 接続しました。
HTTP による接続要求を送信しました、応答を待っています... 200 OK
長さ: 特定できません [text/html]
‘www.tunnelpoemer.com/2019/05/blog-post_17.html’ に保存中

     0K .......... .......... .......... .......... .......... 3.19M
    50K .....                                                  7.06M=0.02s

2026-09-16 09:17:11 (3.36 MB/s) - ‘www.tunnelpoemer.com/2019/05/blog-post_17.html’ へ保存終了 [56567]

--2026-09-16 09:17:12--  https://blogger.googleusercontent.com/img/b/R29vZ2xl/AVvXsEgYsxN7m0HrRbgxDvXCG8cnKlddwX0JFhvakctwFcKPy89V8AzRAcqAFsBJvPvVWb50f-MpIocDhiBQ-5f6YBdV5o2nj6hbv8_8RZSK7LjqIUvay7FLM0i9z5s4lN775_kHq1LBODGxd0o/s320/BE3E165F-E7B7-40B9-A910-FEE1B6BB8910.jpeg
blogger.googleusercontent.com (blogger.googleusercontent.com)|2404:6800:400b:c005::84|:443 に接続しています... 接続しました。
HTTP による接続要求を送信しました、応答を待っています... 200 OK
長さ: 19416 (19K) [image/jpeg]
‘blogger.googleusercontent.com/img/b/R29vZ2xl/AVvXsEgYsxN7m0HrRbgxDvXCG8cnKlddwX0JFhvakctwFcKPy89V8AzRAcqAFsBJvPvVWb50f-MpIocDhiBQ-5f6YBdV5o2nj6hbv8_8RZSK7LjqIUvay7FLM0i9z5s4lN775_kHq1LBODGxd0o/s320/BE3E165F-E7B7-40B9-A910-FEE1B6BB8910.jpeg’ に保存中

     0K .......... ........                                   100% 12.1M=0.002s

2026-09-16 09:17:13 (12.1 MB/s) - ‘blogger.googleusercontent.com/img/b/R29vZ2xl/AVvXsEgYsxN7m0HrRbgxDvXCG8cnKlddwX0JFhvakctwFcKPy89V8AzRAcqAFsBJvPvVWb50f-MpIocDhiBQ-5f6YBdV5o2nj6hbv8_8RZSK7LjqIUvay7FLM0i9z5s4lN775_kHq1LBODGxd0o/s320/BE3E165F-E7B7-40B9-A910-FEE1B6BB8910.jpeg’ へ保存完了 [19416/19416]

--2026-09-16 09:17:14--  https://www.tunnelpoemer.com/2019/05/blog-post_20.html
www.tunnelpoemer.com (www.tunnelpoemer.com)|2404:6800:400b:c005::79|:443 に接続しています... 接続しました。
HTTP による接続要求を送信しました、応答を待っています... 200 OK
長さ: 特定できません [text/html]
‘www.tunnelpoemer.com/2019/05/blog-post_20.html’ に保存中

     0K .......... .......... .......... .......... .......... 2.40M
    50K .....                                                  6.74M=0.02s

2026-09-16 09:17:15 (2.55 MB/s) - ‘www.tunnelpoemer.com/2019/05/blog-post_20.html’ へ保存終了 [56448]

--2026-09-16 09:17:16--  https://blogger.googleusercontent.com/img/b/R29vZ2xl/AVvXsEgIp_dTcRmxyplfBdEKeiVvQZGG5D7P7JVAjWbP3PfGvCAQc0W4ZH6PULBKQXhNzVrTkVtaaXgGuEpm_rPNTLVNqchLUmpYu8f0zZ5Q-W5ejCTP3oTHjzAy7POkGzgFFJvAg0xU9JIBbPI/s320/7E3B4977-2AF9-4688-B425-EC66681713FA.jpeg
blogger.googleusercontent.com (blogger.googleusercontent.com)|2404:6800:400b:c005::84|:443 に接続しています... 接続しました。
HTTP による接続要求を送信しました、応答を待っています... 200 OK
長さ: 28617 (28K) [image/jpeg]
‘blogger.googleusercontent.com/img/b/R29vZ2xl/AVvXsEgIp_dTcRmxyplfBdEKeiVvQZGG5D7P7JVAjWbP3PfGvCAQc0W4ZH6PULBKQXhNzVrTkVtaaXgGuEpm_rPNTLVNqchLUmpYu8f0zZ5Q-W5ejCTP3oTHjzAy7POkGzgFFJvAg0xU9JIBbPI/s320/7E3B4977-2AF9-4688-B425-EC66681713FA.jpeg’ に保存中

     0K .......... .......... .......                         100% 2.49M=0.01s

2026-09-16 09:17:17 (2.49 MB/s) - ‘blogger.googleusercontent.com/img/b/R29vZ2xl/AVvXsEgIp_dTcRmxyplfBdEKeiVvQZGG5D7P7JVAjWbP3PfGvCAQc0W4ZH6PULBKQXhNzVrTkVtaaXgGuEpm_rPNTLVNqchLUmpYu8f0zZ5Q-W5ejCTP3oTHjzAy7POkGzgFFJvAg0xU9JIBbPI/s320/7E3B4977-2AF9-4688-B425-EC66681713FA.jpeg’ へ保存完了 [28617/28617]

--2026-09-16 09:17:18--  https://www.tunnelpoemer.com/2019/05/blog-post_23.html
www.tunnelpoemer.com (www.tunnelpoemer.com)|2404:6800:400b:c005::79|:443 に接続しています... 接続しました。
HTTP による接続要求を送信しました、応答を待っています... 200 OK
長さ: 特定できません [text/html]
‘www.tunnelpoemer.com/2019/05/blog-post_23.html’ に保存中

     0K .......... .......... .......... .......... .......... 1.94M
    50K .....                                                  5.91M=0.03s

2026-09-16 09:17:20 (2.07 MB/s) - ‘www.tunnelpoemer.com/2019/05/blog-post_23.html’ へ保存終了 [56322]

--2026-09-16 09:17:21--  https://blogger.googleusercontent.com/img/b/R29vZ2xl/AVvXsEgQRoo56zeG2RXmUePRpWdvbIicw1LRE-mSUT49FnSh5yxjCG2RD3BK6jmfhnzM12s3mQQo2PItcTXrYZpEziQVrQnoLASBnrLljyB0gn0SsdTqoTVwEHJkrZo9m8Wd__Z_wEytE1fSLuo/s320/1A20F231-545E-44F7-867C-80B0CB0FC8DA.jpeg
blogger.googleusercontent.com (blogger.googleusercontent.com)|2404:6800:400b:c005::84|:443 に接続しています... 接続しました。
HTTP による接続要求を送信しました、応答を待っています... 200 OK
長さ: 28825 (28K) [image/jpeg]
‘blogger.googleusercontent.com/img/b/R29vZ2xl/AVvXsEgQRoo56zeG2RXmUePRpWdvbIicw1LRE-mSUT49FnSh5yxjCG2RD3BK6jmfhnzM12s3mQQo2PItcTXrYZpEziQVrQnoLASBnrLljyB0gn0SsdTqoTVwEHJkrZo9m8Wd__Z_wEytE1fSLuo/s320/1A20F231-545E-44F7-867C-80B0CB0FC8DA.jpeg’ に保存中

     0K .......... .......... ........                        100% 2.44M=0.01s

2026-09-16 09:17:23 (2.44 MB/s) - ‘blogger.googleusercontent.com/img/b/R29vZ2xl/AVvXsEgQRoo56zeG2RXmUePRpWdvbIicw1LRE-mSUT49FnSh5yxjCG2RD3BK6jmfhnzM12s3mQQo2PItcTXrYZpEziQVrQnoLASBnrLljyB0gn0SsdTqoTVwEHJkrZo9m8Wd__Z_wEytE1fSLuo/s320/1A20F231-545E-44F7-867C-80B0CB0FC8DA.jpeg’ へ保存完了 [28825/28825]

--2026-09-16 09:17:24--  https://www.tunnelpoemer.com/2019/05/blog-post_24.html
www.tunnelpoemer.com (www.tunnelpoemer.com)|2404:6800:400b:c005::79|:443 に接続しています... 接続しました。
HTTP による接続要求を送信しました、応答を待っています... 200 OK
長さ: 特定できません [text/html]
‘www.tunnelpoemer.com/2019/05/blog-post_24.html’ に保存中

     0K .......... .......... .......... .......... .......... 2.26M
    50K .....                                                  8.90M=0.02s

2026-09-16 09:17:25 (2.43 MB/s) - ‘www.tunnelpoemer.com/2019/05/blog-post_24.html’ へ保存終了 [56411]

--2026-09-16 09:17:26--  https://blogger.googleusercontent.com/img/b/R29vZ2xl/AVvXsEi98VNSRfv4LrLLLmygag049cJJrtgfrhmlcKodRNluE5sIosTBN5Sjs9q07TeOlyoqTsnrIVoxf1y6RhckfD8Kn_zgKlDI6CumgqMeXO8vaOELAAzbVwEMvXRHG0l0mSGpjqYWotGSn1k/s320/FF37352B-22FB-4250-9A1D-9D1B42A1F1FF.jpeg
blogger.googleusercontent.com (blogger.googleusercontent.com)|2404:6800:400b:c005::84|:443 に接続しています... 接続しました。
HTTP による接続要求を送信しました、応答を待っています... 200 OK
長さ: 32827 (32K) [image/jpeg]
‘blogger.googleusercontent.com/img/b/R29vZ2xl/AVvXsEi98VNSRfv4LrLLLmygag049cJJrtgfrhmlcKodRNluE5sIosTBN5Sjs9q07TeOlyoqTsnrIVoxf1y6RhckfD8Kn_zgKlDI6CumgqMeXO8vaOELAAzbVwEMvXRHG0l0mSGpjqYWotGSn1k/s320/FF37352B-22FB-4250-9A1D-9D1B42A1F1FF.jpeg’ に保存中

     0K .......... .......... .......... ..                   100% 2.96M=0.01s

2026-09-16 09:17:27 (2.96 MB/s) - ‘blogger.googleusercontent.com/img/b/R29vZ2xl/AVvXsEi98VNSRfv4LrLLLmygag049cJJrtgfrhmlcKodRNluE5sIosTBN5Sjs9q07TeOlyoqTsnrIVoxf1y6RhckfD8Kn_zgKlDI6CumgqMeXO8vaOELAAzbVwEMvXRHG0l0mSGpjqYWotGSn1k/s320/FF37352B-22FB-4250-9A1D-9D1B42A1F1FF.jpeg’ へ保存完了 [32827/32827]

--2026-09-16 09:17:28--  https://www.tunnelpoemer.com/2019/05/blog-post_25.html
www.tunnelpoemer.com (www.tunnelpoemer.com)|2404:6800:400b:c005::79|:443 に接続しています... 接続しました。
HTTP による接続要求を送信しました、応答を待っています... 200 OK
長さ: 特定できません [text/html]
‘www.tunnelpoemer.com/2019/05/blog-post_25.html’ に保存中

     0K .......... .......... .......... .......... ..........  475K
    50K .....                                                  20.5M=0.1s

2026-09-16 09:17:29 (522 KB/s) - ‘www.tunnelpoemer.com/2019/05/blog-post_25.html’ へ保存終了 [56387]

--2026-09-16 09:17:30--  https://blogger.googleusercontent.com/img/b/R29vZ2xl/AVvXsEja6ItM75qVmdt9aZpsLzmW3VoUhZi2fDMDG-TKrq5cJkc-0km7Uo2R7PWeTkqAy7bB0-rifXmX8pwV_CjeSRD9SFf8a3a1zEelvfpRw01ZxiP9YMW8uy_34fxSAlaP0vTuleScPzZvygg/s320/9DCF61F0-1B5F-4577-B045-7BA5D48B9A8A.jpeg
blogger.googleusercontent.com (blogger.googleusercontent.com)|2404:6800:400b:c005::84|:443 に接続しています... 接続しました。
HTTP による接続要求を送信しました、応答を待っています... 200 OK
長さ: 36068 (35K) [image/jpeg]
‘blogger.googleusercontent.com/img/b/R29vZ2xl/AVvXsEja6ItM75qVmdt9aZpsLzmW3VoUhZi2fDMDG-TKrq5cJkc-0km7Uo2R7PWeTkqAy7bB0-rifXmX8pwV_CjeSRD9SFf8a3a1zEelvfpRw01ZxiP9YMW8uy_34fxSAlaP0vTuleScPzZvygg/s320/9DCF61F0-1B5F-4577-B045-7BA5D48B9A8A.jpeg’ に保存中

     0K .......... .......... .......... .....                100% 4.22M=0.008s

2026-09-16 09:17:32 (4.22 MB/s) - ‘blogger.googleusercontent.com/img/b/R29vZ2xl/AVvXsEja6ItM75qVmdt9aZpsLzmW3VoUhZi2fDMDG-TKrq5cJkc-0km7Uo2R7PWeTkqAy7bB0-rifXmX8pwV_CjeSRD9SFf8a3a1zEelvfpRw01ZxiP9YMW8uy_34fxSAlaP0vTuleScPzZvygg/s320/9DCF61F0-1B5F-4577-B045-7BA5D48B9A8A.jpeg’ へ保存完了 [36068/36068]

--2026-09-16 09:17:33--  https://www.tunnelpoemer.com/2019/05/blog-post_27.html
www.tunnelpoemer.com (www.tunnelpoemer.com)|2404:6800:400b:c005::79|:443 に接続しています... 接続しました。
HTTP による接続要求を送信しました、応答を待っています... 200 OK
長さ: 特定できません [text/html]
‘www.tunnelpoemer.com/2019/05/blog-post_27.html’ に保存中

     0K .......... .......... .......... .......... .......... 2.48M
    50K ....                                                   3.53M=0.02s

2026-09-16 09:17:33 (2.55 MB/s) - ‘www.tunnelpoemer.com/2019/05/blog-post_27.html’ へ保存終了 [56293]

--2026-09-16 09:17:34--  https://blogger.googleusercontent.com/img/b/R29vZ2xl/AVvXsEjjtT-shbVfUisPXUnZ8M0YN2FpQPcD4UVs4wGfnim8HnBVkscFXhj-I5AsnKl4lZ_KMcOOItonPkSNYVs388ENhAj4eQxX9SNkO6CxDG0SVb2GNSvCvPaMUBFw5a99UGP-sTbc3VFhfRM/s320/F6F06DF7-8B98-4693-A1BB-49245177908A.jpeg
blogger.googleusercontent.com (blogger.googleusercontent.com)|2404:6800:400b:c005::84|:443 に接続しています... 接続しました。
HTTP による接続要求を送信しました、応答を待っています... 200 OK
長さ: 25098 (25K) [image/jpeg]
‘blogger.googleusercontent.com/img/b/R29vZ2xl/AVvXsEjjtT-shbVfUisPXUnZ8M0YN2FpQPcD4UVs4wGfnim8HnBVkscFXhj-I5AsnKl4lZ_KMcOOItonPkSNYVs388ENhAj4eQxX9SNkO6CxDG0SVb2GNSvCvPaMUBFw5a99UGP-sTbc3VFhfRM/s320/F6F06DF7-8B98-4693-A1BB-49245177908A.jpeg’ に保存中

     0K .......... .......... ....                            100% 2.55M=0.009s

2026-09-16 09:17:36 (2.55 MB/s) - ‘blogger.googleusercontent.com/img/b/R29vZ2xl/AVvXsEjjtT-shbVfUisPXUnZ8M0YN2FpQPcD4UVs4wGfnim8HnBVkscFXhj-I5AsnKl4lZ_KMcOOItonPkSNYVs388ENhAj4eQxX9SNkO6CxDG0SVb2GNSvCvPaMUBFw5a99UGP-sTbc3VFhfRM/s320/F6F06DF7-8B98-4693-A1BB-49245177908A.jpeg’ へ保存完了 [25098/25098]

--2026-09-16 09:17:37--  https://www.tunnelpoemer.com/2019/05/blog-post_3.html
www.tunnelpoemer.com (www.tunnelpoemer.com)|2404:6800:400b:c005::79|:443 に接続しています... 接続しました。
HTTP による接続要求を送信しました、応答を待っています... 200 OK
長さ: 特定できません [text/html]
‘www.tunnelpoemer.com/2019/05/blog-post_3.html’ に保存中

     0K .......... .......... .......... .......... .......... 1.60M
    50K .....                                                  3.68M=0.03s

2026-09-16 09:17:38 (1.69 MB/s) - ‘www.tunnelpoemer.com/2019/05/blog-post_3.html’ へ保存終了 [56565]

--2026-09-16 09:17:39--  https://blogger.googleusercontent.com/img/b/R29vZ2xl/AVvXsEglp17JW16TPJagnDL2lRnac66pRtcthscSUhD6wT2caqjAmLLPrb7lG8g61NUPnUaPEfPqdkk-sBO85s0IvGYWhmfs3jHy8x5zz8hsz3qrtOlCfRt4EAhiOyb957l3nNN9Vruhya8Tfn4/s320/13154C1C-7178-43AF-B06A-12043FDE6046.jpeg
blogger.googleusercontent.com (blogger.googleusercontent.com)|2404:6800:400b:c005::84|:443 に接続しています... 接続しました。
HTTP による接続要求を送信しました、応答を待っています... 200 OK
長さ: 20527 (20K) [image/jpeg]
‘blogger.googleusercontent.com/img/b/R29vZ2xl/AVvXsEglp17JW16TPJagnDL2lRnac66pRtcthscSUhD6wT2caqjAmLLPrb7lG8g61NUPnUaPEfPqdkk-sBO85s0IvGYWhmfs3jHy8x5zz8hsz3qrtOlCfRt4EAhiOyb957l3nNN9Vruhya8Tfn4/s320/13154C1C-7178-43AF-B06A-12043FDE6046.jpeg’ に保存中

     0K .......... ..........                                 100% 14.3M=0.001s

2026-09-16 09:17:41 (14.3 MB/s) - ‘blogger.googleusercontent.com/img/b/R29vZ2xl/AVvXsEglp17JW16TPJagnDL2lRnac66pRtcthscSUhD6wT2caqjAmLLPrb7lG8g61NUPnUaPEfPqdkk-sBO85s0IvGYWhmfs3jHy8x5zz8hsz3qrtOlCfRt4EAhiOyb957l3nNN9Vruhya8Tfn4/s320/13154C1C-7178-43AF-B06A-12043FDE6046.jpeg’ へ保存完了 [20527/20527]

--2026-09-16 09:17:42--  https://www.tunnelpoemer.com/2019/05/blog-post_48.html
www.tunnelpoemer.com (www.tunnelpoemer.com)|2404:6800:400b:c005::79|:443 に接続しています... 接続しました。
HTTP による接続要求を送信しました、応答を待っています... 200 OK
長さ: 特定できません [text/html]
‘www.tunnelpoemer.com/2019/05/blog-post_48.html’ に保存中

     0K .......... .......... .......... .......... ..........  158K
    50K ....                                                   5.57M=0.3s

2026-09-16 09:17:43 (173 KB/s) - ‘www.tunnelpoemer.com/2019/05/blog-post_48.html’ へ保存終了 [56045]

--2026-09-16 09:17:44--  https://blogger.googleusercontent.com/img/b/R29vZ2xl/AVvXsEjQxnFTdCUbQpToLtB3Gx_-gejntNxP-h_vEP_Ul4iilieMnI_69bQvIkFIB5KmPnajSsv933yb62tAP54qBrtUDIFVPqXLc9sf7A0-YQBZpnhADk2ZVg-demAuR9i5FdeJffTEPIPKRhw/s320/9384CEA1-677C-4001-A591-6AA42177E3E7.jpeg
blogger.googleusercontent.com (blogger.googleusercontent.com)|2404:6800:400b:c005::84|:443 に接続しています... 接続しました。
HTTP による接続要求を送信しました、応答を待っています... 200 OK
長さ: 33532 (33K) [image/jpeg]
‘blogger.googleusercontent.com/img/b/R29vZ2xl/AVvXsEjQxnFTdCUbQpToLtB3Gx_-gejntNxP-h_vEP_Ul4iilieMnI_69bQvIkFIB5KmPnajSsv933yb62tAP54qBrtUDIFVPqXLc9sf7A0-YQBZpnhADk2ZVg-demAuR9i5FdeJffTEPIPKRhw/s320/9384CEA1-677C-4001-A591-6AA42177E3E7.jpeg’ に保存中

     0K .......... .......... .......... ..                   100% 1.90M=0.02s

2026-09-16 09:17:45 (1.90 MB/s) - ‘blogger.googleusercontent.com/img/b/R29vZ2xl/AVvXsEjQxnFTdCUbQpToLtB3Gx_-gejntNxP-h_vEP_Ul4iilieMnI_69bQvIkFIB5KmPnajSsv933yb62tAP54qBrtUDIFVPqXLc9sf7A0-YQBZpnhADk2ZVg-demAuR9i5FdeJffTEPIPKRhw/s320/9384CEA1-677C-4001-A591-6AA42177E3E7.jpeg’ へ保存完了 [33532/33532]

--2026-09-16 09:17:46--  https://www.tunnelpoemer.com/2019/05/blog-post_4.html
www.tunnelpoemer.com (www.tunnelpoemer.com)|2404:6800:400b:c005::79|:443 に接続しています... 接続しました。
HTTP による接続要求を送信しました、応答を待っています... 200 OK
長さ: 特定できません [text/html]
‘www.tunnelpoemer.com/2019/05/blog-post_4.html’ に保存中

     0K .......... .......... .......... .......... .......... 1.82M
    50K .....                                                  3.65M=0.03s

2026-09-16 09:17:48 (1.91 MB/s) - ‘www.tunnelpoemer.com/2019/05/blog-post_4.html’ へ保存終了 [56434]

--2026-09-16 09:17:49--  https://blogger.googleusercontent.com/img/b/R29vZ2xl/AVvXsEg9IMiy068x1ba4Oo979D6hc66h3rBDhUx1kDC-CDQURPvlOwicYM2sObDqnlLohrIf3vQlhPiFbtkI_Bk4DudjHQpeQlVXk9VD_LBlAduCZoj_cmyIPSjUGm7_x9OFz8xEZ_aq8NLTmQY/s320/A52EEF39-0E3E-4A6E-9B67-3D6B49742AE3.jpeg
blogger.googleusercontent.com (blogger.googleusercontent.com)|2404:6800:400b:c005::84|:443 に接続しています... 接続しました。
HTTP による接続要求を送信しました、応答を待っています... 200 OK
長さ: 28984 (28K) [image/jpeg]
‘blogger.googleusercontent.com/img/b/R29vZ2xl/AVvXsEg9IMiy068x1ba4Oo979D6hc66h3rBDhUx1kDC-CDQURPvlOwicYM2sObDqnlLohrIf3vQlhPiFbtkI_Bk4DudjHQpeQlVXk9VD_LBlAduCZoj_cmyIPSjUGm7_x9OFz8xEZ_aq8NLTmQY/s320/A52EEF39-0E3E-4A6E-9B67-3D6B49742AE3.jpeg’ に保存中

     0K .......... .......... ........                        100% 1.06M=0.03s

2026-09-16 09:17:51 (1.06 MB/s) - ‘blogger.googleusercontent.com/img/b/R29vZ2xl/AVvXsEg9IMiy068x1ba4Oo979D6hc66h3rBDhUx1kDC-CDQURPvlOwicYM2sObDqnlLohrIf3vQlhPiFbtkI_Bk4DudjHQpeQlVXk9VD_LBlAduCZoj_cmyIPSjUGm7_x9OFz8xEZ_aq8NLTmQY/s320/A52EEF39-0E3E-4A6E-9B67-3D6B49742AE3.jpeg’ へ保存完了 [28984/28984]

--2026-09-16 09:17:52--  https://www.tunnelpoemer.com/2019/05/blog-post_5.html
www.tunnelpoemer.com (www.tunnelpoemer.com)|2404:6800:400b:c005::79|:443 に接続しています... 接続しました。
HTTP による接続要求を送信しました、応答を待っています... 200 OK
長さ: 特定できません [text/html]
‘www.tunnelpoemer.com/2019/05/blog-post_5.html’ に保存中

     0K .......... .......... .......... .......... .......... 1.00M
    50K .....                                                  2.82M=0.05s

2026-09-16 09:17:53 (1.07 MB/s) - ‘www.tunnelpoemer.com/2019/05/blog-post_5.html’ へ保存終了 [56644]

--2026-09-16 09:17:54--  https://blogger.googleusercontent.com/img/b/R29vZ2xl/AVvXsEg4wIm7bM_IVUmy-Z0X_R_rzGsBTHNigbTd7L74wxnB1n8pICcMWVUPBXBSvVlYAa4o0Q93xmF6kdG-Jy4M8nabDiBIfp9pM7bN082JIlnc-3w2FWYqpDBkNmX6BRnQxAeB6sRfHlNojVk/s320/30CCF79C-E3C5-44E8-877C-BAB4A6B130AB.jpeg
blogger.googleusercontent.com (blogger.googleusercontent.com)|2404:6800:400b:c005::84|:443 に接続しています... 接続しました。
HTTP による接続要求を送信しました、応答を待っています... 200 OK
長さ: 30561 (30K) [image/jpeg]
‘blogger.googleusercontent.com/img/b/R29vZ2xl/AVvXsEg4wIm7bM_IVUmy-Z0X_R_rzGsBTHNigbTd7L74wxnB1n8pICcMWVUPBXBSvVlYAa4o0Q93xmF6kdG-Jy4M8nabDiBIfp9pM7bN082JIlnc-3w2FWYqpDBkNmX6BRnQxAeB6sRfHlNojVk/s320/30CCF79C-E3C5-44E8-877C-BAB4A6B130AB.jpeg’ に保存中

     0K .......... .......... .........                       100% 3.52M=0.008s

2026-09-16 09:17:55 (3.52 MB/s) - ‘blogger.googleusercontent.com/img/b/R29vZ2xl/AVvXsEg4wIm7bM_IVUmy-Z0X_R_rzGsBTHNigbTd7L74wxnB1n8pICcMWVUPBXBSvVlYAa4o0Q93xmF6kdG-Jy4M8nabDiBIfp9pM7bN082JIlnc-3w2FWYqpDBkNmX6BRnQxAeB6sRfHlNojVk/s320/30CCF79C-E3C5-44E8-877C-BAB4A6B130AB.jpeg’ へ保存完了 [30561/30561]

--2026-09-16 09:17:56--  https://www.tunnelpoemer.com/2019/05/blog-post_62.html
www.tunnelpoemer.com (www.tunnelpoemer.com)|2404:6800:400b:c005::79|:443 に接続しています... 接続しました。
HTTP による接続要求を送信しました、応答を待っています... 200 OK
長さ: 特定できません [text/html]
‘www.tunnelpoemer.com/2019/05/blog-post_62.html’ に保存中

     0K .......... .......... .......... .......... .......... 2.24M
    50K ....                                                   6.67M=0.02s

2026-09-16 09:17:57 (2.38 MB/s) - ‘www.tunnelpoemer.com/2019/05/blog-post_62.html’ へ保存終了 [56234]

--2026-09-16 09:17:58--  https://blogger.googleusercontent.com/img/b/R29vZ2xl/AVvXsEh-rIFw17qXDHeVa09z24RP0wulgI-uw-CJs5k9BlrtU4lbpdlUmHgHSa2QQUqJ5Y7wtyjLnp_vD14Icd7auT2vb5b-FuuqOphYwOAB9Yo5aQQIw4p4vhiPik4oTHS38vux7M0lWooA5ZM/s320/33FEB141-88B0-4FCC-9607-5FBA356E6695.jpeg
blogger.googleusercontent.com (blogger.googleusercontent.com)|2404:6800:400b:c005::84|:443 に接続しています... 接続しました。
HTTP による接続要求を送信しました、応答を待っています... 200 OK
長さ: 40822 (40K) [image/jpeg]
‘blogger.googleusercontent.com/img/b/R29vZ2xl/AVvXsEh-rIFw17qXDHeVa09z24RP0wulgI-uw-CJs5k9BlrtU4lbpdlUmHgHSa2QQUqJ5Y7wtyjLnp_vD14Icd7auT2vb5b-FuuqOphYwOAB9Yo5aQQIw4p4vhiPik4oTHS38vux7M0lWooA5ZM/s320/33FEB141-88B0-4FCC-9607-5FBA356E6695.jpeg’ に保存中

     0K .......... .......... .......... .........            100% 3.09M=0.01s

2026-09-16 09:18:00 (3.09 MB/s) - ‘blogger.googleusercontent.com/img/b/R29vZ2xl/AVvXsEh-rIFw17qXDHeVa09z24RP0wulgI-uw-CJs5k9BlrtU4lbpdlUmHgHSa2QQUqJ5Y7wtyjLnp_vD14Icd7auT2vb5b-FuuqOphYwOAB9Yo5aQQIw4p4vhiPik4oTHS38vux7M0lWooA5ZM/s320/33FEB141-88B0-4FCC-9607-5FBA356E6695.jpeg’ へ保存完了 [40822/40822]

--2026-09-16 09:18:01--  https://www.tunnelpoemer.com/2019/05/blog-post_65.html
www.tunnelpoemer.com (www.tunnelpoemer.com)|2404:6800:400b:c005::79|:443 に接続しています... 接続しました。
HTTP による接続要求を送信しました、応答を待っています... 200 OK
長さ: 特定できません [text/html]
‘www.tunnelpoemer.com/2019/05/blog-post_65.html’ に保存中

     0K .......... .......... .......... .......... .......... 2.58M
    50K .....                                                  5.81M=0.02s

2026-09-16 09:18:03 (2.73 MB/s) - ‘www.tunnelpoemer.com/2019/05/blog-post_65.html’ へ保存終了 [56705]

--2026-09-16 09:18:04--  https://blogger.googleusercontent.com/img/b/R29vZ2xl/AVvXsEj2zdrYJsjaZZuPDeDIIGrr6l9CdK15GojQeJ2mhBkaZQoBnV0VxjqALt0jNttr7aMEEI760qwWDp6ZMhvac-ei3JKyd6xEiHF3C59oNJdMGrYaVrJvWukvzHgk9rauXAQJcy3znwmwzTI/s320/056B8DBA-192E-49F0-A88B-BBFE44FD330D.jpeg
blogger.googleusercontent.com (blogger.googleusercontent.com)|2404:6800:400b:c005::84|:443 に接続しています... 接続しました。
HTTP による接続要求を送信しました、応答を待っています... 200 OK
長さ: 28461 (28K) [image/jpeg]
‘blogger.googleusercontent.com/img/b/R29vZ2xl/AVvXsEj2zdrYJsjaZZuPDeDIIGrr6l9CdK15GojQeJ2mhBkaZQoBnV0VxjqALt0jNttr7aMEEI760qwWDp6ZMhvac-ei3JKyd6xEiHF3C59oNJdMGrYaVrJvWukvzHgk9rauXAQJcy3znwmwzTI/s320/056B8DBA-192E-49F0-A88B-BBFE44FD330D.jpeg’ に保存中

     0K .......... .......... .......                         100% 2.77M=0.01s

2026-09-16 09:18:06 (2.77 MB/s) - ‘blogger.googleusercontent.com/img/b/R29vZ2xl/AVvXsEj2zdrYJsjaZZuPDeDIIGrr6l9CdK15GojQeJ2mhBkaZQoBnV0VxjqALt0jNttr7aMEEI760qwWDp6ZMhvac-ei3JKyd6xEiHF3C59oNJdMGrYaVrJvWukvzHgk9rauXAQJcy3znwmwzTI/s320/056B8DBA-192E-49F0-A88B-BBFE44FD330D.jpeg’ へ保存完了 [28461/28461]

--2026-09-16 09:18:07--  https://www.tunnelpoemer.com/2019/05/blog-post_69.html
www.tunnelpoemer.com (www.tunnelpoemer.com)|2404:6800:400b:c005::79|:443 に接続しています... 接続しました。
HTTP による接続要求を送信しました、応答を待っています... 200 OK
長さ: 特定できません [text/html]
‘www.tunnelpoemer.com/2019/05/blog-post_69.html’ に保存中

     0K .......... .......... .......... .......... .......... 3.38M
    50K .....                                                  4.29M=0.02s

2026-09-16 09:18:08 (3.45 MB/s) - ‘www.tunnelpoemer.com/2019/05/blog-post_69.html’ へ保存終了 [56508]

--2026-09-16 09:18:09--  https://blogger.googleusercontent.com/img/b/R29vZ2xl/AVvXsEjuwZ2ZUroA34bujZUvRuwDy49XYP6cAakoLtEdRZlipVuZd_GerQETTx738hK-YVg5c_FZTtRSFCBQRsEC7IyrLrOKOlcTlSiO4hEyh1SFcUXEwzc14cFS6ASoAag7_Qrm4pz0K022VS0/s320/6CE7461E-7264-4006-90FD-7ECDBFE78840.jpeg
blogger.googleusercontent.com (blogger.googleusercontent.com)|2404:6800:400b:c005::84|:443 に接続しています... 接続しました。
HTTP による接続要求を送信しました、応答を待っています... 200 OK
長さ: 19372 (19K) [image/jpeg]
‘blogger.googleusercontent.com/img/b/R29vZ2xl/AVvXsEjuwZ2ZUroA34bujZUvRuwDy49XYP6cAakoLtEdRZlipVuZd_GerQETTx738hK-YVg5c_FZTtRSFCBQRsEC7IyrLrOKOlcTlSiO4hEyh1SFcUXEwzc14cFS6ASoAag7_Qrm4pz0K022VS0/s320/6CE7461E-7264-4006-90FD-7ECDBFE78840.jpeg’ に保存中

     0K .......... ........                                   100% 7.08M=0.003s

2026-09-16 09:18:10 (7.08 MB/s) - ‘blogger.googleusercontent.com/img/b/R29vZ2xl/AVvXsEjuwZ2ZUroA34bujZUvRuwDy49XYP6cAakoLtEdRZlipVuZd_GerQETTx738hK-YVg5c_FZTtRSFCBQRsEC7IyrLrOKOlcTlSiO4hEyh1SFcUXEwzc14cFS6ASoAag7_Qrm4pz0K022VS0/s320/6CE7461E-7264-4006-90FD-7ECDBFE78840.jpeg’ へ保存完了 [19372/19372]

--2026-09-16 09:18:11--  https://www.tunnelpoemer.com/2019/05/blog-post_6.html
www.tunnelpoemer.com (www.tunnelpoemer.com)|2404:6800:400b:c005::79|:443 に接続しています... 接続しました。
HTTP による接続要求を送信しました、応答を待っています... 200 OK
長さ: 特定できません [text/html]
‘www.tunnelpoemer.com/2019/05/blog-post_6.html’ に保存中

     0K .......... .......... .......... .......... .......... 3.29M
    50K .....                                                  16.4M=0.02s

2026-09-16 09:18:13 (3.55 MB/s) - ‘www.tunnelpoemer.com/2019/05/blog-post_6.html’ へ保存終了 [56345]

--2026-09-16 09:18:14--  https://blogger.googleusercontent.com/img/b/R29vZ2xl/AVvXsEg-aKO0DDGje2ifNKO5rMMYQuheYitjPYNM50eD-MS9nLd7v_IyWXeV_uWxOsF5U50pjlPnyq4d_SsXM_ZxPGfOP26iVJVdHDyt0LBvo2vjQMLPTk8NnKTka2Bj6b5Nr25bRXmF0IMmQJ4/s320/0D400FE4-E111-4612-AD61-5A3790DACC14.jpeg
blogger.googleusercontent.com (blogger.googleusercontent.com)|2404:6800:400b:c005::84|:443 に接続しています... 接続しました。
HTTP による接続要求を送信しました、応答を待っています... 200 OK
長さ: 37283 (36K) [image/jpeg]
‘blogger.googleusercontent.com/img/b/R29vZ2xl/AVvXsEg-aKO0DDGje2ifNKO5rMMYQuheYitjPYNM50eD-MS9nLd7v_IyWXeV_uWxOsF5U50pjlPnyq4d_SsXM_ZxPGfOP26iVJVdHDyt0LBvo2vjQMLPTk8NnKTka2Bj6b5Nr25bRXmF0IMmQJ4/s320/0D400FE4-E111-4612-AD61-5A3790DACC14.jpeg’ に保存中

     0K .......... .......... .......... ......               100% 2.47M=0.01s

2026-09-16 09:18:16 (2.47 MB/s) - ‘blogger.googleusercontent.com/img/b/R29vZ2xl/AVvXsEg-aKO0DDGje2ifNKO5rMMYQuheYitjPYNM50eD-MS9nLd7v_IyWXeV_uWxOsF5U50pjlPnyq4d_SsXM_ZxPGfOP26iVJVdHDyt0LBvo2vjQMLPTk8NnKTka2Bj6b5Nr25bRXmF0IMmQJ4/s320/0D400FE4-E111-4612-AD61-5A3790DACC14.jpeg’ へ保存完了 [37283/37283]

--2026-09-16 09:18:17--  https://www.tunnelpoemer.com/2019/05/blog-post_92.html
www.tunnelpoemer.com (www.tunnelpoemer.com)|2404:6800:400b:c005::79|:443 に接続しています... 接続しました。
HTTP による接続要求を送信しました、応答を待っています... 200 OK
長さ: 特定できません [text/html]
‘www.tunnelpoemer.com/2019/05/blog-post_92.html’ に保存中

     0K .......... .......... .......... .......... .......... 2.65M
    50K .....                                                  9.37M=0.02s

2026-09-16 09:18:17 (2.84 MB/s) - ‘www.tunnelpoemer.com/2019/05/blog-post_92.html’ へ保存終了 [56486]

--2026-09-16 09:18:18--  https://blogger.googleusercontent.com/img/b/R29vZ2xl/AVvXsEguPU592G4rs8bHdHEvYDuUaXuz-iu35PO8KuqdsTE2Hnn19070uvqJgKsAvvYjAgO_0wsDVQO8V2S0wEK2-3o5rpzJjlUuk1KpM0HTleA0tUIlfSXBdpF2Ig1ov3G_S_TjCxxzz2OG8DY/s320/5C2AD064-A525-4C92-8BFB-5B57C65A0209.jpeg
blogger.googleusercontent.com (blogger.googleusercontent.com)|2404:6800:400b:c005::84|:443 に接続しています... 接続しました。
HTTP による接続要求を送信しました、応答を待っています... 200 OK
長さ: 24913 (24K) [image/jpeg]
‘blogger.googleusercontent.com/img/b/R29vZ2xl/AVvXsEguPU592G4rs8bHdHEvYDuUaXuz-iu35PO8KuqdsTE2Hnn19070uvqJgKsAvvYjAgO_0wsDVQO8V2S0wEK2-3o5rpzJjlUuk1KpM0HTleA0tUIlfSXBdpF2Ig1ov3G_S_TjCxxzz2OG8DY/s320/5C2AD064-A525-4C92-8BFB-5B57C65A0209.jpeg’ に保存中

     0K .......... .......... ....                            100% 2.78M=0.009s

2026-09-16 09:18:20 (2.78 MB/s) - ‘blogger.googleusercontent.com/img/b/R29vZ2xl/AVvXsEguPU592G4rs8bHdHEvYDuUaXuz-iu35PO8KuqdsTE2Hnn19070uvqJgKsAvvYjAgO_0wsDVQO8V2S0wEK2-3o5rpzJjlUuk1KpM0HTleA0tUIlfSXBdpF2Ig1ov3G_S_TjCxxzz2OG8DY/s320/5C2AD064-A525-4C92-8BFB-5B57C65A0209.jpeg’ へ保存完了 [24913/24913]

--2026-09-16 09:18:21--  https://www.tunnelpoemer.com/2019/05/blog-post.html
www.tunnelpoemer.com (www.tunnelpoemer.com)|2404:6800:400b:c005::79|:443 に接続しています... 接続しました。
HTTP による接続要求を送信しました、応答を待っています... 200 OK
長さ: 特定できません [text/html]
‘www.tunnelpoemer.com/2019/05/blog-post.html’ に保存中

     0K .......... .......... .......... .......... .......... 2.19M
    50K .....                                                  2.56M=0.02s

2026-09-16 09:18:22 (2.22 MB/s) - ‘www.tunnelpoemer.com/2019/05/blog-post.html’ へ保存終了 [56385]

--2026-09-16 09:18:23--  https://blogger.googleusercontent.com/img/b/R29vZ2xl/AVvXsEjb5UH0ZjPxNU_SZFG-jpOGxnYxnLksGcwn6T4-8CDLARkk_ANoc_K4KqAELlNpEyEla80gH0C_cG7ZuPW9Xx044uHJEr7oLLiaO2IUXOR3j9LMc1xSq3-vFNLYneMDupBnbHv13qctnX4/s320/7016B276-00B9-45F0-A8F2-236C43B427BA.jpeg
blogger.googleusercontent.com (blogger.googleusercontent.com)|2404:6800:400b:c005::84|:443 に接続しています... 接続しました。
HTTP による接続要求を送信しました、応答を待っています... 200 OK
長さ: 21089 (21K) [image/jpeg]
‘blogger.googleusercontent.com/img/b/R29vZ2xl/AVvXsEjb5UH0ZjPxNU_SZFG-jpOGxnYxnLksGcwn6T4-8CDLARkk_ANoc_K4KqAELlNpEyEla80gH0C_cG7ZuPW9Xx044uHJEr7oLLiaO2IUXOR3j9LMc1xSq3-vFNLYneMDupBnbHv13qctnX4/s320/7016B276-00B9-45F0-A8F2-236C43B427BA.jpeg’ に保存中

     0K .......... ..........                                 100% 12.0M=0.002s

2026-09-16 09:18:26 (12.0 MB/s) - ‘blogger.googleusercontent.com/img/b/R29vZ2xl/AVvXsEjb5UH0ZjPxNU_SZFG-jpOGxnYxnLksGcwn6T4-8CDLARkk_ANoc_K4KqAELlNpEyEla80gH0C_cG7ZuPW9Xx044uHJEr7oLLiaO2IUXOR3j9LMc1xSq3-vFNLYneMDupBnbHv13qctnX4/s320/7016B276-00B9-45F0-A8F2-236C43B427BA.jpeg’ へ保存完了 [21089/21089]

--2026-09-16 09:18:27--  https://www.tunnelpoemer.com/2019/05/se.html
www.tunnelpoemer.com (www.tunnelpoemer.com)|2404:6800:400b:c005::79|:443 に接続しています... 接続しました。
HTTP による接続要求を送信しました、応答を待っています... 200 OK
長さ: 特定できません [text/html]
‘www.tunnelpoemer.com/2019/05/se.html’ に保存中

     0K .......... .......... .......... .......... .......... 2.87M
    50K ....                                                   19.3M=0.02s

2026-09-16 09:18:28 (3.11 MB/s) - ‘www.tunnelpoemer.com/2019/05/se.html’ へ保存終了 [56200]

--2026-09-16 09:18:29--  https://blogger.googleusercontent.com/img/b/R29vZ2xl/AVvXsEhEDYuWhMURG7UMgB8zUOckSEMmCnhATg9I-ziLCOXFL1j4hk9-4VgyibfCLveG4VpAMAyGopx6L75venoMajKobC6OpDz3fzMIE-4TwD6H29FKDSEXnM6UjosqecuJvk_Qs522fwK7yLQ/s320/9953781A-3298-40CA-8BFD-E2AAE2B4BC9D.jpeg
blogger.googleusercontent.com (blogger.googleusercontent.com)|2404:6800:400b:c005::84|:443 に接続しています... 接続しました。
HTTP による接続要求を送信しました、応答を待っています... 200 OK
長さ: 25921 (25K) [image/jpeg]
‘blogger.googleusercontent.com/img/b/R29vZ2xl/AVvXsEhEDYuWhMURG7UMgB8zUOckSEMmCnhATg9I-ziLCOXFL1j4hk9-4VgyibfCLveG4VpAMAyGopx6L75venoMajKobC6OpDz3fzMIE-4TwD6H29FKDSEXnM6UjosqecuJvk_Qs522fwK7yLQ/s320/9953781A-3298-40CA-8BFD-E2AAE2B4BC9D.jpeg’ に保存中

     0K .......... .......... .....                           100% 3.68M=0.007s

2026-09-16 09:18:31 (3.68 MB/s) - ‘blogger.googleusercontent.com/img/b/R29vZ2xl/AVvXsEhEDYuWhMURG7UMgB8zUOckSEMmCnhATg9I-ziLCOXFL1j4hk9-4VgyibfCLveG4VpAMAyGopx6L75venoMajKobC6OpDz3fzMIE-4TwD6H29FKDSEXnM6UjosqecuJvk_Qs522fwK7yLQ/s320/9953781A-3298-40CA-8BFD-E2AAE2B4BC9D.jpeg’ へ保存完了 [25921/25921]

--2026-09-16 09:18:32--  https://www.tunnelpoemer.com/2019/06/209c511.html
www.tunnelpoemer.com (www.tunnelpoemer.com)|2404:6800:400b:c005::79|:443 に接続しています... 接続しました。
HTTP による接続要求を送信しました、応答を待っています... 200 OK
長さ: 特定できません [text/html]
‘www.tunnelpoemer.com/2019/06/209c511.html’ に保存中

     0K .......... .......... .......... .......... .......... 2.73M
    50K .......                                                3.82M=0.02s

2026-09-16 09:18:33 (2.83 MB/s) - ‘www.tunnelpoemer.com/2019/06/209c511.html’ へ保存終了 [58487]

--2026-09-16 09:18:34--  https://blogger.googleusercontent.com/img/b/R29vZ2xl/AVvXsEgET98hUNTLfoh0f9VzIlxhRdgXo9jtIuZ8_Hh2g_VFIf4PKbjvLRf762Q1JzymRhAKem8jMV3VyQlasb_jxLUDbqO5Zv83ypdJDNcusu9SSN4HqDbRr5gLj8oYPgKiF3DvFlqrvKGPaa0/s320/AA598A84-0E31-438E-94A7-840EE9ABAF58.jpeg
blogger.googleusercontent.com (blogger.googleusercontent.com)|2404:6800:400b:c005::84|:443 に接続しています... 接続しました。
HTTP による接続要求を送信しました、応答を待っています... 200 OK
長さ: 44321 (43K) [image/jpeg]
‘blogger.googleusercontent.com/img/b/R29vZ2xl/AVvXsEgET98hUNTLfoh0f9VzIlxhRdgXo9jtIuZ8_Hh2g_VFIf4PKbjvLRf762Q1JzymRhAKem8jMV3VyQlasb_jxLUDbqO5Zv83ypdJDNcusu9SSN4HqDbRr5gLj8oYPgKiF3DvFlqrvKGPaa0/s320/AA598A84-0E31-438E-94A7-840EE9ABAF58.jpeg’ に保存中

     0K .......... .......... .......... .......... ...       100% 4.06M=0.01s

2026-09-16 09:18:36 (4.06 MB/s) - ‘blogger.googleusercontent.com/img/b/R29vZ2xl/AVvXsEgET98hUNTLfoh0f9VzIlxhRdgXo9jtIuZ8_Hh2g_VFIf4PKbjvLRf762Q1JzymRhAKem8jMV3VyQlasb_jxLUDbqO5Zv83ypdJDNcusu9SSN4HqDbRr5gLj8oYPgKiF3DvFlqrvKGPaa0/s320/AA598A84-0E31-438E-94A7-840EE9ABAF58.jpeg’ へ保存完了 [44321/44321]

--2026-09-16 09:18:37--  https://www.tunnelpoemer.com/2019/06/blog-post_13.html
www.tunnelpoemer.com (www.tunnelpoemer.com)|2404:6800:400b:c005::79|:443 に接続しています... 接続しました。
HTTP による接続要求を送信しました、応答を待っています... 200 OK
長さ: 特定できません [text/html]
‘www.tunnelpoemer.com/2019/06/blog-post_13.html’ に保存中

     0K .......... .......... .......... .......... .......... 3.40M
    50K ....                                                   13.0M=0.01s

2026-09-16 09:18:38 (3.64 MB/s) - ‘www.tunnelpoemer.com/2019/06/blog-post_13.html’ へ保存終了 [56209]

--2026-09-16 09:18:39--  https://blogger.googleusercontent.com/img/b/R29vZ2xl/AVvXsEhPOUo90qGPuFSEww4MCgndZiPryZlf9C06WElRjIwGcLy7GSMAdil1b9OeN5cnDONh5ITlPGtKiDXVXg_VrBUXDzLwGAmnoeaR9jmLSZnNT5WCfPgkIjtVwtVy4SHoNOf6jybjsIa7hBw/s320/44974287-33A7-463D-88E3-20CA69A48AFB.jpeg
blogger.googleusercontent.com (blogger.googleusercontent.com)|2404:6800:400b:c005::84|:443 に接続しています... 接続しました。
HTTP による接続要求を送信しました、応答を待っています... 200 OK
長さ: 23676 (23K) [image/jpeg]
‘blogger.googleusercontent.com/img/b/R29vZ2xl/AVvXsEhPOUo90qGPuFSEww4MCgndZiPryZlf9C06WElRjIwGcLy7GSMAdil1b9OeN5cnDONh5ITlPGtKiDXVXg_VrBUXDzLwGAmnoeaR9jmLSZnNT5WCfPgkIjtVwtVy4SHoNOf6jybjsIa7hBw/s320/44974287-33A7-463D-88E3-20CA69A48AFB.jpeg’ に保存中

     0K .......... .......... ...                             100% 2.58M=0.009s

2026-09-16 09:18:40 (2.58 MB/s) - ‘blogger.googleusercontent.com/img/b/R29vZ2xl/AVvXsEhPOUo90qGPuFSEww4MCgndZiPryZlf9C06WElRjIwGcLy7GSMAdil1b9OeN5cnDONh5ITlPGtKiDXVXg_VrBUXDzLwGAmnoeaR9jmLSZnNT5WCfPgkIjtVwtVy4SHoNOf6jybjsIa7hBw/s320/44974287-33A7-463D-88E3-20CA69A48AFB.jpeg’ へ保存完了 [23676/23676]

--2026-09-16 09:18:41--  https://www.tunnelpoemer.com/2019/06/blog-post_20.html
www.tunnelpoemer.com (www.tunnelpoemer.com)|2404:6800:400b:c005::79|:443 に接続しています... 接続しました。
HTTP による接続要求を送信しました、応答を待っています... 200 OK
長さ: 特定できません [text/html]
‘www.tunnelpoemer.com/2019/06/blog-post_20.html’ に保存中

     0K .......... .......... .......... .......... .......... 3.40M
    50K .....                                                  3.30M=0.02s

2026-09-16 09:18:42 (3.39 MB/s) - ‘www.tunnelpoemer.com/2019/06/blog-post_20.html’ へ保存終了 [56911]

--2026-09-16 09:18:43--  https://blogger.googleusercontent.com/img/b/R29vZ2xl/AVvXsEg4O4v_tQ4OxoWz72zb5dkeMTmbwc4CSYgK0pNcR7HyZxp-wSvF4TTNrfVlmUao6qrpLt-q07GqgFOVosis1wayBDa316EK30-qno59beOw7xKTptFQPc5OkokBiFN243S4c6jWBiMMFM0/s320/9FDE2CED-EF8E-410A-A88F-BC4719A4F8E7.jpeg
blogger.googleusercontent.com (blogger.googleusercontent.com)|2404:6800:400b:c005::84|:443 に接続しています... 接続しました。
HTTP による接続要求を送信しました、応答を待っています... 200 OK
長さ: 23043 (23K) [image/jpeg]
‘blogger.googleusercontent.com/img/b/R29vZ2xl/AVvXsEg4O4v_tQ4OxoWz72zb5dkeMTmbwc4CSYgK0pNcR7HyZxp-wSvF4TTNrfVlmUao6qrpLt-q07GqgFOVosis1wayBDa316EK30-qno59beOw7xKTptFQPc5OkokBiFN243S4c6jWBiMMFM0/s320/9FDE2CED-EF8E-410A-A88F-BC4719A4F8E7.jpeg’ に保存中

     0K .......... .......... ..                              100% 2.73M=0.008s

2026-09-16 09:18:45 (2.73 MB/s) - ‘blogger.googleusercontent.com/img/b/R29vZ2xl/AVvXsEg4O4v_tQ4OxoWz72zb5dkeMTmbwc4CSYgK0pNcR7HyZxp-wSvF4TTNrfVlmUao6qrpLt-q07GqgFOVosis1wayBDa316EK30-qno59beOw7xKTptFQPc5OkokBiFN243S4c6jWBiMMFM0/s320/9FDE2CED-EF8E-410A-A88F-BC4719A4F8E7.jpeg’ へ保存完了 [23043/23043]

--2026-09-16 09:18:46--  https://www.tunnelpoemer.com/2019/06/blog-post_22.html
www.tunnelpoemer.com (www.tunnelpoemer.com)|2404:6800:400b:c005::79|:443 に接続しています... 接続しました。
HTTP による接続要求を送信しました、応答を待っています... 200 OK
長さ: 特定できません [text/html]
‘www.tunnelpoemer.com/2019/06/blog-post_22.html’ に保存中

     0K .......... .......... .......... .......... .......... 2.87M
    50K ....                                                   3.20M=0.02s

2026-09-16 09:18:47 (2.90 MB/s) - ‘www.tunnelpoemer.com/2019/06/blog-post_22.html’ へ保存終了 [56285]

--2026-09-16 09:18:48--  https://blogger.googleusercontent.com/img/b/R29vZ2xl/AVvXsEhxIYOvLdvCgL-MWT_SBV3-82lFXaja98BE4jyjzTkSj7mLgoEpq9O53FkzjU50BurFkGvesktFiFTGGek2GUvEIWDIzEPx3lfM9L3fhU5h3t1q0xWvG6fAP1L940banr-K2WtMp4Cyoaw/s320/241846C7-4B5D-45C4-BC5F-4ADDB9D540EF.jpeg
blogger.googleusercontent.com (blogger.googleusercontent.com)|2404:6800:400b:c005::84|:443 に接続しています... 接続しました。
HTTP による接続要求を送信しました、応答を待っています... 200 OK
長さ: 29155 (28K) [image/jpeg]
‘blogger.googleusercontent.com/img/b/R29vZ2xl/AVvXsEhxIYOvLdvCgL-MWT_SBV3-82lFXaja98BE4jyjzTkSj7mLgoEpq9O53FkzjU50BurFkGvesktFiFTGGek2GUvEIWDIzEPx3lfM9L3fhU5h3t1q0xWvG6fAP1L940banr-K2WtMp4Cyoaw/s320/241846C7-4B5D-45C4-BC5F-4ADDB9D540EF.jpeg’ に保存中

     0K .......... .......... ........                        100% 2.46M=0.01s

2026-09-16 09:18:50 (2.46 MB/s) - ‘blogger.googleusercontent.com/img/b/R29vZ2xl/AVvXsEhxIYOvLdvCgL-MWT_SBV3-82lFXaja98BE4jyjzTkSj7mLgoEpq9O53FkzjU50BurFkGvesktFiFTGGek2GUvEIWDIzEPx3lfM9L3fhU5h3t1q0xWvG6fAP1L940banr-K2WtMp4Cyoaw/s320/241846C7-4B5D-45C4-BC5F-4ADDB9D540EF.jpeg’ へ保存完了 [29155/29155]

--2026-09-16 09:18:51--  https://www.tunnelpoemer.com/2019/06/blog-post_23.html
www.tunnelpoemer.com (www.tunnelpoemer.com)|2404:6800:400b:c005::79|:443 に接続しています... 接続しました。
HTTP による接続要求を送信しました、応答を待っています... 200 OK
長さ: 特定できません [text/html]
‘www.tunnelpoemer.com/2019/06/blog-post_23.html’ に保存中

     0K .......... .......... .......... .......... .......... 1.00M
    50K ....                                                   4.74M=0.05s

2026-09-16 09:18:54 (1.08 MB/s) - ‘www.tunnelpoemer.com/2019/06/blog-post_23.html’ へ保存終了 [56037]

--2026-09-16 09:18:55--  https://blogger.googleusercontent.com/img/b/R29vZ2xl/AVvXsEgPJMGQ1lw-NNOrSf2_blyBvhs10NrBAiRERtClM5EZ8U5NhZj9HdfkUIpU0JL9usIwez3noEkaQdp00rpoOtEk7_whoKYNW92eC0CGNrIgrZPdoZTqYdBQRDwjS8Gr1g4ql_JNET9UFDs/s320/0F592B49-D12F-463F-945E-C4982A8B23FE.jpeg
blogger.googleusercontent.com (blogger.googleusercontent.com)|2404:6800:400b:c005::84|:443 に接続しています... 接続しました。
HTTP による接続要求を送信しました、応答を待っています... 200 OK
長さ: 17793 (17K) [image/jpeg]
‘blogger.googleusercontent.com/img/b/R29vZ2xl/AVvXsEgPJMGQ1lw-NNOrSf2_blyBvhs10NrBAiRERtClM5EZ8U5NhZj9HdfkUIpU0JL9usIwez3noEkaQdp00rpoOtEk7_whoKYNW92eC0CGNrIgrZPdoZTqYdBQRDwjS8Gr1g4ql_JNET9UFDs/s320/0F592B49-D12F-463F-945E-C4982A8B23FE.jpeg’ に保存中

     0K .......... .......                                    100% 12.9M=0.001s

2026-09-16 09:18:56 (12.9 MB/s) - ‘blogger.googleusercontent.com/img/b/R29vZ2xl/AVvXsEgPJMGQ1lw-NNOrSf2_blyBvhs10NrBAiRERtClM5EZ8U5NhZj9HdfkUIpU0JL9usIwez3noEkaQdp00rpoOtEk7_whoKYNW92eC0CGNrIgrZPdoZTqYdBQRDwjS8Gr1g4ql_JNET9UFDs/s320/0F592B49-D12F-463F-945E-C4982A8B23FE.jpeg’ へ保存完了 [17793/17793]

--2026-09-16 09:18:57--  https://www.tunnelpoemer.com/2019/06/blog-post_24.html
www.tunnelpoemer.com (www.tunnelpoemer.com)|2404:6800:400b:c005::79|:443 に接続しています... 接続しました。
HTTP による接続要求を送信しました、応答を待っています... 200 OK
長さ: 特定できません [text/html]
‘www.tunnelpoemer.com/2019/06/blog-post_24.html’ に保存中

     0K .......... .......... .......... .......... .......... 2.27M
    50K ....                                                   3.33M=0.02s

2026-09-16 09:18:58 (2.34 MB/s) - ‘www.tunnelpoemer.com/2019/06/blog-post_24.html’ へ保存終了 [56111]

--2026-09-16 09:18:59--  https://blogger.googleusercontent.com/img/b/R29vZ2xl/AVvXsEgf1Lvb7TekPDuYY4p2DOh63YNXG7yQLooni3bYKb1t1-Q_oIW2Ox2CHhwRcNNGztwRX_FSk3FEJKcc3tg9JJKFXsTSTddwVhZ_QvWY6JxQ7XoKlb4EL9v523EnTDu9nJa87A4_yi2cDs0/s320/5966DE36-FFDC-42D5-8C5E-AB54208221DD.jpeg
blogger.googleusercontent.com (blogger.googleusercontent.com)|2404:6800:400b:c005::84|:443 に接続しています... 接続しました。
HTTP による接続要求を送信しました、応答を待っています... 200 OK
長さ: 22912 (22K) [image/jpeg]
‘blogger.googleusercontent.com/img/b/R29vZ2xl/AVvXsEgf1Lvb7TekPDuYY4p2DOh63YNXG7yQLooni3bYKb1t1-Q_oIW2Ox2CHhwRcNNGztwRX_FSk3FEJKcc3tg9JJKFXsTSTddwVhZ_QvWY6JxQ7XoKlb4EL9v523EnTDu9nJa87A4_yi2cDs0/s320/5966DE36-FFDC-42D5-8C5E-AB54208221DD.jpeg’ に保存中

     0K .......... .......... ..                              100% 3.57M=0.006s

2026-09-16 09:19:00 (3.57 MB/s) - ‘blogger.googleusercontent.com/img/b/R29vZ2xl/AVvXsEgf1Lvb7TekPDuYY4p2DOh63YNXG7yQLooni3bYKb1t1-Q_oIW2Ox2CHhwRcNNGztwRX_FSk3FEJKcc3tg9JJKFXsTSTddwVhZ_QvWY6JxQ7XoKlb4EL9v523EnTDu9nJa87A4_yi2cDs0/s320/5966DE36-FFDC-42D5-8C5E-AB54208221DD.jpeg’ へ保存完了 [22912/22912]

--2026-09-16 09:19:01--  https://www.tunnelpoemer.com/2019/06/blog-post_26.html
www.tunnelpoemer.com (www.tunnelpoemer.com)|2404:6800:400b:c005::79|:443 に接続しています... 接続しました。
HTTP による接続要求を送信しました、応答を待っています... 200 OK
長さ: 特定できません [text/html]
‘www.tunnelpoemer.com/2019/06/blog-post_26.html’ に保存中

     0K .......... .......... .......... .......... .......... 1.38M
    50K ....                                                   17.2M=0.04s

2026-09-16 09:19:02 (1.50 MB/s) - ‘www.tunnelpoemer.com/2019/06/blog-post_26.html’ へ保存終了 [55868]

--2026-09-16 09:19:03--  https://blogger.googleusercontent.com/img/b/R29vZ2xl/AVvXsEjKsh1bMFHJCcycayo1VoY2c-gcxUMyQGgqm81TBmgUPhe8PUbDBKHC2ihjysBuEN88mn6F1eNRuNckxTfruYmPIk647KlrBhH4_IF5mjOEcDGHkaddSvArH7SQYgab3UekAUN6EIrQOQ4/s320/FBB21F9E-3337-45DA-8FEF-02B1D24C72C6.jpeg
blogger.googleusercontent.com (blogger.googleusercontent.com)|2404:6800:400b:c005::84|:443 に接続しています... 接続しました。
HTTP による接続要求を送信しました、応答を待っています... 200 OK
長さ: 21663 (21K) [image/jpeg]
‘blogger.googleusercontent.com/img/b/R29vZ2xl/AVvXsEjKsh1bMFHJCcycayo1VoY2c-gcxUMyQGgqm81TBmgUPhe8PUbDBKHC2ihjysBuEN88mn6F1eNRuNckxTfruYmPIk647KlrBhH4_IF5mjOEcDGHkaddSvArH7SQYgab3UekAUN6EIrQOQ4/s320/FBB21F9E-3337-45DA-8FEF-02B1D24C72C6.jpeg’ に保存中

     0K .......... .......... .                               100% 6.28M=0.003s

2026-09-16 09:19:05 (6.28 MB/s) - ‘blogger.googleusercontent.com/img/b/R29vZ2xl/AVvXsEjKsh1bMFHJCcycayo1VoY2c-gcxUMyQGgqm81TBmgUPhe8PUbDBKHC2ihjysBuEN88mn6F1eNRuNckxTfruYmPIk647KlrBhH4_IF5mjOEcDGHkaddSvArH7SQYgab3UekAUN6EIrQOQ4/s320/FBB21F9E-3337-45DA-8FEF-02B1D24C72C6.jpeg’ へ保存完了 [21663/21663]

--2026-09-16 09:19:06--  https://www.tunnelpoemer.com/2019/06/blog-post_27.html
www.tunnelpoemer.com (www.tunnelpoemer.com)|2404:6800:400b:c005::79|:443 に接続しています... 接続しました。
HTTP による接続要求を送信しました、応答を待っています... 200 OK
長さ: 特定できません [text/html]
‘www.tunnelpoemer.com/2019/06/blog-post_27.html’ に保存中

     0K .......... .......... .......... .......... .......... 2.70M
    50K ....                                                   5.46M=0.02s

2026-09-16 09:19:07 (2.83 MB/s) - ‘www.tunnelpoemer.com/2019/06/blog-post_27.html’ へ保存終了 [56173]

--2026-09-16 09:19:08--  https://blogger.googleusercontent.com/img/b/R29vZ2xl/AVvXsEg1pf0x8I5x40nwmgwHSYQy0QLcJG9cE9Rz0ITdfZ_RYQ42mLD8njstxxp0MHEcDQ57XJvcNywZu3QHFl9UMAfdzxjKcSUWdqM8FVTPtLvkWlyOujIQVlGidGar4_NFJUStawFO4aMXVnI/s320/8C52965E-3BEF-44ED-B377-696793751ABF.jpeg
blogger.googleusercontent.com (blogger.googleusercontent.com)|2404:6800:400b:c005::84|:443 に接続しています... 接続しました。
HTTP による接続要求を送信しました、応答を待っています... 200 OK
長さ: 9969 (9.7K) [image/jpeg]
‘blogger.googleusercontent.com/img/b/R29vZ2xl/AVvXsEg1pf0x8I5x40nwmgwHSYQy0QLcJG9cE9Rz0ITdfZ_RYQ42mLD8njstxxp0MHEcDQ57XJvcNywZu3QHFl9UMAfdzxjKcSUWdqM8FVTPtLvkWlyOujIQVlGidGar4_NFJUStawFO4aMXVnI/s320/8C52965E-3BEF-44ED-B377-696793751ABF.jpeg’ に保存中

     0K .........                                             100% 6.20M=0.002s

2026-09-16 09:19:09 (6.20 MB/s) - ‘blogger.googleusercontent.com/img/b/R29vZ2xl/AVvXsEg1pf0x8I5x40nwmgwHSYQy0QLcJG9cE9Rz0ITdfZ_RYQ42mLD8njstxxp0MHEcDQ57XJvcNywZu3QHFl9UMAfdzxjKcSUWdqM8FVTPtLvkWlyOujIQVlGidGar4_NFJUStawFO4aMXVnI/s320/8C52965E-3BEF-44ED-B377-696793751ABF.jpeg’ へ保存完了 [9969/9969]

--2026-09-16 09:19:10--  https://www.tunnelpoemer.com/2019/06/blog-post_29.html
www.tunnelpoemer.com (www.tunnelpoemer.com)|2404:6800:400b:c005::79|:443 に接続しています... 接続しました。
HTTP による接続要求を送信しました、応答を待っています... 200 OK
長さ: 特定できません [text/html]
‘www.tunnelpoemer.com/2019/06/blog-post_29.html’ に保存中

     0K .......... .......... .......... .......... .......... 3.19M
    50K ....                                                   10.5M=0.02s

2026-09-16 09:19:11 (3.39 MB/s) - ‘www.tunnelpoemer.com/2019/06/blog-post_29.html’ へ保存終了 [55964]

--2026-09-16 09:19:12--  https://blogger.googleusercontent.com/img/b/R29vZ2xl/AVvXsEiWg7K2JjhPJzbo5DCG5ABnlPxCaYfHNVU2B7Xpz5Kbupqu5xZmWVGGiejW3FcZR-yS4SNW5x5rzkYLtEK7RHoSIjCJh24oEOAeuKC8f4CiUsqjOtS4HS18sqh0TzQMcT0iNv4rKguddLw/s320/8E0F3FDD-E21B-461E-869F-1641FD17B197.jpeg
blogger.googleusercontent.com (blogger.googleusercontent.com)|2404:6800:400b:c005::84|:443 に接続しています... 接続しました。
HTTP による接続要求を送信しました、応答を待っています... 200 OK
長さ: 24948 (24K) [image/jpeg]
‘blogger.googleusercontent.com/img/b/R29vZ2xl/AVvXsEiWg7K2JjhPJzbo5DCG5ABnlPxCaYfHNVU2B7Xpz5Kbupqu5xZmWVGGiejW3FcZR-yS4SNW5x5rzkYLtEK7RHoSIjCJh24oEOAeuKC8f4CiUsqjOtS4HS18sqh0TzQMcT0iNv4rKguddLw/s320/8E0F3FDD-E21B-461E-869F-1641FD17B197.jpeg’ に保存中

     0K .......... .......... ....                            100% 3.11M=0.008s

2026-09-16 09:19:13 (3.11 MB/s) - ‘blogger.googleusercontent.com/img/b/R29vZ2xl/AVvXsEiWg7K2JjhPJzbo5DCG5ABnlPxCaYfHNVU2B7Xpz5Kbupqu5xZmWVGGiejW3FcZR-yS4SNW5x5rzkYLtEK7RHoSIjCJh24oEOAeuKC8f4CiUsqjOtS4HS18sqh0TzQMcT0iNv4rKguddLw/s320/8E0F3FDD-E21B-461E-869F-1641FD17B197.jpeg’ へ保存完了 [24948/24948]

--2026-09-16 09:19:14--  https://www.tunnelpoemer.com/2019/06/blog-post_2.html
www.tunnelpoemer.com (www.tunnelpoemer.com)|2404:6800:400b:c005::79|:443 に接続しています... 接続しました。
HTTP による接続要求を送信しました、応答を待っています... 200 OK
長さ: 特定できません [text/html]
‘www.tunnelpoemer.com/2019/06/blog-post_2.html’ に保存中

     0K .......... .......... .......... .......... .......... 2.41M
    50K ....                                                   2.78M=0.02s

2026-09-16 09:19:16 (2.43 MB/s) - ‘www.tunnelpoemer.com/2019/06/blog-post_2.html’ へ保存終了 [55944]

--2026-09-16 09:19:17--  https://blogger.googleusercontent.com/img/b/R29vZ2xl/AVvXsEhds2rNEVm4vpZ6oHw-_XqBAYvvOlV0m48mojMyQmcPXJUB9N9kj0XAm2X04D_hvvRhkSEZh9TTSbX0qbEfTQvbYnD5gQLIca99GHAQi9cOLgYlaI9VQAN_1t8Mx7FjVCktJL_FrYfejz0/s320/2D3FFFA6-2E73-48FC-945A-A1BFD7ACB664.jpeg
blogger.googleusercontent.com (blogger.googleusercontent.com)|2404:6800:400b:c005::84|:443 に接続しています... 接続しました。
HTTP による接続要求を送信しました、応答を待っています... 200 OK
長さ: 43013 (42K) [image/jpeg]
‘blogger.googleusercontent.com/img/b/R29vZ2xl/AVvXsEhds2rNEVm4vpZ6oHw-_XqBAYvvOlV0m48mojMyQmcPXJUB9N9kj0XAm2X04D_hvvRhkSEZh9TTSbX0qbEfTQvbYnD5gQLIca99GHAQi9cOLgYlaI9VQAN_1t8Mx7FjVCktJL_FrYfejz0/s320/2D3FFFA6-2E73-48FC-945A-A1BFD7ACB664.jpeg’ に保存中

     0K .......... .......... .......... .......... ..        100% 3.54M=0.01s

2026-09-16 09:19:19 (3.54 MB/s) - ‘blogger.googleusercontent.com/img/b/R29vZ2xl/AVvXsEhds2rNEVm4vpZ6oHw-_XqBAYvvOlV0m48mojMyQmcPXJUB9N9kj0XAm2X04D_hvvRhkSEZh9TTSbX0qbEfTQvbYnD5gQLIca99GHAQi9cOLgYlaI9VQAN_1t8Mx7FjVCktJL_FrYfejz0/s320/2D3FFFA6-2E73-48FC-945A-A1BFD7ACB664.jpeg’ へ保存完了 [43013/43013]

--2026-09-16 09:19:20--  https://www.tunnelpoemer.com/2019/06/blog-post_43.html
www.tunnelpoemer.com (www.tunnelpoemer.com)|2404:6800:400b:c005::79|:443 に接続しています... 接続しました。
HTTP による接続要求を送信しました、応答を待っています... 200 OK
長さ: 特定できません [text/html]
‘www.tunnelpoemer.com/2019/06/blog-post_43.html’ に保存中

     0K .......... .......... .......... .......... .......... 3.14M
    50K .....                                                  5.35M=0.02s

2026-09-16 09:19:21 (3.26 MB/s) - ‘www.tunnelpoemer.com/2019/06/blog-post_43.html’ へ保存終了 [56395]

--2026-09-16 09:19:22--  https://blogger.googleusercontent.com/img/b/R29vZ2xl/AVvXsEi4V9gHrZqnuoY7vINk5ugbWt5xnqz8nz5-Nx8wHau3J8MEIbThoSPtOj5usVscB4w4nEc27j7g4sfvxKbUhkWYLZneG68GYMfkftc1Aeezy_ghpVXFXqIeP7YdpHeWfv36Nev9oohf2gM/s320/21232B4D-E75A-4EF7-B58C-0698DAA0A77C.jpeg
blogger.googleusercontent.com (blogger.googleusercontent.com)|2404:6800:400b:c005::84|:443 に接続しています... 接続しました。
HTTP による接続要求を送信しました、応答を待っています... 200 OK
長さ: 20151 (20K) [image/jpeg]
‘blogger.googleusercontent.com/img/b/R29vZ2xl/AVvXsEi4V9gHrZqnuoY7vINk5ugbWt5xnqz8nz5-Nx8wHau3J8MEIbThoSPtOj5usVscB4w4nEc27j7g4sfvxKbUhkWYLZneG68GYMfkftc1Aeezy_ghpVXFXqIeP7YdpHeWfv36Nev9oohf2gM/s320/21232B4D-E75A-4EF7-B58C-0698DAA0A77C.jpeg’ に保存中

     0K .......... .........                                  100% 7.09M=0.003s

2026-09-16 09:19:23 (7.09 MB/s) - ‘blogger.googleusercontent.com/img/b/R29vZ2xl/AVvXsEi4V9gHrZqnuoY7vINk5ugbWt5xnqz8nz5-Nx8wHau3J8MEIbThoSPtOj5usVscB4w4nEc27j7g4sfvxKbUhkWYLZneG68GYMfkftc1Aeezy_ghpVXFXqIeP7YdpHeWfv36Nev9oohf2gM/s320/21232B4D-E75A-4EF7-B58C-0698DAA0A77C.jpeg’ へ保存完了 [20151/20151]

--2026-09-16 09:19:24--  https://www.tunnelpoemer.com/2019/06/blog-post_5.html
www.tunnelpoemer.com (www.tunnelpoemer.com)|2404:6800:400b:c005::79|:443 に接続しています... 接続しました。
HTTP による接続要求を送信しました、応答を待っています... 200 OK
長さ: 特定できません [text/html]
‘www.tunnelpoemer.com/2019/06/blog-post_5.html’ に保存中

     0K .......... .......... .......... .......... .......... 2.52M
    50K ....                                                   4.50M=0.02s

2026-09-16 09:19:25 (2.62 MB/s) - ‘www.tunnelpoemer.com/2019/06/blog-post_5.html’ へ保存終了 [55808]

--2026-09-16 09:19:26--  https://blogger.googleusercontent.com/img/b/R29vZ2xl/AVvXsEisMwiY9fheTUPhj_-TFHL7EBg3sETWbfhf_maLVGQ8pbAP4rsvxSFJgazujxxADlmfVJf_iVga1McwUmAFKsNTYP8VhSXfh5210t_E6n12tMOQqJTIfkZW6ZRFIB2upSMDkPny6LxRpzs/s320/B75F43EA-A84F-4728-B03A-48495058C6A2.jpeg
blogger.googleusercontent.com (blogger.googleusercontent.com)|2404:6800:400b:c005::84|:443 に接続しています... 接続しました。
HTTP による接続要求を送信しました、応答を待っています... 200 OK
長さ: 19374 (19K) [image/jpeg]
‘blogger.googleusercontent.com/img/b/R29vZ2xl/AVvXsEisMwiY9fheTUPhj_-TFHL7EBg3sETWbfhf_maLVGQ8pbAP4rsvxSFJgazujxxADlmfVJf_iVga1McwUmAFKsNTYP8VhSXfh5210t_E6n12tMOQqJTIfkZW6ZRFIB2upSMDkPny6LxRpzs/s320/B75F43EA-A84F-4728-B03A-48495058C6A2.jpeg’ に保存中

     0K .......... ........                                   100% 5.83M=0.003s

2026-09-16 09:19:28 (5.83 MB/s) - ‘blogger.googleusercontent.com/img/b/R29vZ2xl/AVvXsEisMwiY9fheTUPhj_-TFHL7EBg3sETWbfhf_maLVGQ8pbAP4rsvxSFJgazujxxADlmfVJf_iVga1McwUmAFKsNTYP8VhSXfh5210t_E6n12tMOQqJTIfkZW6ZRFIB2upSMDkPny6LxRpzs/s320/B75F43EA-A84F-4728-B03A-48495058C6A2.jpeg’ へ保存完了 [19374/19374]

--2026-09-16 09:19:29--  https://www.tunnelpoemer.com/2019/06/blog-post_63.html
www.tunnelpoemer.com (www.tunnelpoemer.com)|2404:6800:400b:c005::79|:443 に接続しています... 接続しました。
HTTP による接続要求を送信しました、応答を待っています... 200 OK
長さ: 特定できません [text/html]
‘www.tunnelpoemer.com/2019/06/blog-post_63.html’ に保存中

     0K .......... .......... .......... .......... .......... 1.60M
    50K ....                                                   1.70M=0.03s

2026-09-16 09:19:30 (1.60 MB/s) - ‘www.tunnelpoemer.com/2019/06/blog-post_63.html’ へ保存終了 [56119]

--2026-09-16 09:19:31--  https://blogger.googleusercontent.com/img/b/R29vZ2xl/AVvXsEitE_Po-k2KlWP1kjXPk-iqPn_VY4P1YvdBgZZRIA1hhre7PxfNgIz1wwHx6ciE_1jAFdVLXUptAolOwKExBomi1I0IbZNpj7r61vtXo8Y_IYCpTEKsjpoYI8Rgxde4ed5Z0_mZyrPN95Y/s320/11F13CFF-783D-48B6-AA7B-7AF51BD8213F.jpeg
blogger.googleusercontent.com (blogger.googleusercontent.com)|2404:6800:400b:c005::84|:443 に接続しています... 接続しました。
HTTP による接続要求を送信しました、応答を待っています... 200 OK
長さ: 30260 (30K) [image/jpeg]
‘blogger.googleusercontent.com/img/b/R29vZ2xl/AVvXsEitE_Po-k2KlWP1kjXPk-iqPn_VY4P1YvdBgZZRIA1hhre7PxfNgIz1wwHx6ciE_1jAFdVLXUptAolOwKExBomi1I0IbZNpj7r61vtXo8Y_IYCpTEKsjpoYI8Rgxde4ed5Z0_mZyrPN95Y/s320/11F13CFF-783D-48B6-AA7B-7AF51BD8213F.jpeg’ に保存中

     0K .......... .......... .........                       100% 3.80M=0.008s

2026-09-16 09:19:32 (3.80 MB/s) - ‘blogger.googleusercontent.com/img/b/R29vZ2xl/AVvXsEitE_Po-k2KlWP1kjXPk-iqPn_VY4P1YvdBgZZRIA1hhre7PxfNgIz1wwHx6ciE_1jAFdVLXUptAolOwKExBomi1I0IbZNpj7r61vtXo8Y_IYCpTEKsjpoYI8Rgxde4ed5Z0_mZyrPN95Y/s320/11F13CFF-783D-48B6-AA7B-7AF51BD8213F.jpeg’ へ保存完了 [30260/30260]

--2026-09-16 09:19:33--  https://www.tunnelpoemer.com/2019/06/blog-post_6.html
www.tunnelpoemer.com (www.tunnelpoemer.com)|2404:6800:400b:c005::79|:443 に接続しています... 接続しました。
HTTP による接続要求を送信しました、応答を待っています... 200 OK
長さ: 特定できません [text/html]
‘www.tunnelpoemer.com/2019/06/blog-post_6.html’ に保存中

     0K .......... .......... .......... .......... .......... 2.70M
    50K ....                                                   3.57M=0.02s

2026-09-16 09:19:33 (2.76 MB/s) - ‘www.tunnelpoemer.com/2019/06/blog-post_6.html’ へ保存終了 [55898]

--2026-09-16 09:19:35--  https://blogger.googleusercontent.com/img/b/R29vZ2xl/AVvXsEgXoUGlsVK9RFUg-RvyW0a_RFNr_99tWyHhGoQlH-aARIQYs8sa6plLtiY7D_SdoohzcsGCGNmEUFliHVGRwzAfpJcdQb27woXZ8rUWr6cNcl5Yq3uY-zVB1ZcuHcoMJurOqX7jTev-ZUk/s320/3F34124B-D59A-4360-B8F2-AB9C4FE62681.jpeg
blogger.googleusercontent.com (blogger.googleusercontent.com)|2404:6800:400b:c005::84|:443 に接続しています... 接続しました。
HTTP による接続要求を送信しました、応答を待っています... 200 OK
長さ: 33626 (33K) [image/jpeg]
‘blogger.googleusercontent.com/img/b/R29vZ2xl/AVvXsEgXoUGlsVK9RFUg-RvyW0a_RFNr_99tWyHhGoQlH-aARIQYs8sa6plLtiY7D_SdoohzcsGCGNmEUFliHVGRwzAfpJcdQb27woXZ8rUWr6cNcl5Yq3uY-zVB1ZcuHcoMJurOqX7jTev-ZUk/s320/3F34124B-D59A-4360-B8F2-AB9C4FE62681.jpeg’ に保存中

     0K .......... .......... .......... ..                   100% 4.11M=0.008s

2026-09-16 09:19:36 (4.11 MB/s) - ‘blogger.googleusercontent.com/img/b/R29vZ2xl/AVvXsEgXoUGlsVK9RFUg-RvyW0a_RFNr_99tWyHhGoQlH-aARIQYs8sa6plLtiY7D_SdoohzcsGCGNmEUFliHVGRwzAfpJcdQb27woXZ8rUWr6cNcl5Yq3uY-zVB1ZcuHcoMJurOqX7jTev-ZUk/s320/3F34124B-D59A-4360-B8F2-AB9C4FE62681.jpeg’ へ保存完了 [33626/33626]

--2026-09-16 09:19:37--  https://www.tunnelpoemer.com/2019/06/blog-post_76.html
www.tunnelpoemer.com (www.tunnelpoemer.com)|2404:6800:400b:c005::79|:443 に接続しています... 接続しました。
HTTP による接続要求を送信しました、応答を待っています... 200 OK
長さ: 特定できません [text/html]
‘www.tunnelpoemer.com/2019/06/blog-post_76.html’ に保存中

     0K .......... .......... .......... .......... .......... 1.91M
    50K ....                                                   4.04M=0.03s

2026-09-16 09:19:38 (2.00 MB/s) - ‘www.tunnelpoemer.com/2019/06/blog-post_76.html’ へ保存終了 [55916]

--2026-09-16 09:19:39--  https://blogger.googleusercontent.com/img/b/R29vZ2xl/AVvXsEgZptOS41H7I_SACoUavHZrTEhWFwwgXEPu1pM31C81QP5PHlQCobYO4fPt1qhyphenhypheneMAvi_f4ACQLBS0_DJORG1KxHUi4VRdsoxxHDe6dOG7zentYwn_YULfTqtMVM2uLahT7voL84hqNoWU/s320/1963CB5C-450B-49AB-BF08-6CABCF507874.jpeg
blogger.googleusercontent.com (blogger.googleusercontent.com)|2404:6800:400b:c005::84|:443 に接続しています... 接続しました。
HTTP による接続要求を送信しました、応答を待っています... 200 OK
長さ: 21907 (21K) [image/jpeg]
‘blogger.googleusercontent.com/img/b/R29vZ2xl/AVvXsEgZptOS41H7I_SACoUavHZrTEhWFwwgXEPu1pM31C81QP5PHlQCobYO4fPt1qhyphenhypheneMAvi_f4ACQLBS0_DJORG1KxHUi4VRdsoxxHDe6dOG7zentYwn_YULfTqtMVM2uLahT7voL84hqNoWU/s320/1963CB5C-450B-49AB-BF08-6CABCF507874.jpeg’ に保存中

     0K .......... .......... .                               100% 2.80M=0.007s

2026-09-16 09:19:40 (2.80 MB/s) - ‘blogger.googleusercontent.com/img/b/R29vZ2xl/AVvXsEgZptOS41H7I_SACoUavHZrTEhWFwwgXEPu1pM31C81QP5PHlQCobYO4fPt1qhyphenhypheneMAvi_f4ACQLBS0_DJORG1KxHUi4VRdsoxxHDe6dOG7zentYwn_YULfTqtMVM2uLahT7voL84hqNoWU/s320/1963CB5C-450B-49AB-BF08-6CABCF507874.jpeg’ へ保存完了 [21907/21907]

--2026-09-16 09:19:41--  https://www.tunnelpoemer.com/2019/06/blog-post_89.html
www.tunnelpoemer.com (www.tunnelpoemer.com)|2404:6800:400b:c005::79|:443 に接続しています... 接続しました。
HTTP による接続要求を送信しました、応答を待っています... 200 OK
長さ: 特定できません [text/html]
‘www.tunnelpoemer.com/2019/06/blog-post_89.html’ に保存中

     0K .......... .......... .......... .......... .......... 3.15M
    50K ....                                                   2.71M=0.02s

2026-09-16 09:19:42 (3.10 MB/s) - ‘www.tunnelpoemer.com/2019/06/blog-post_89.html’ へ保存終了 [55831]

--2026-09-16 09:19:43--  https://blogger.googleusercontent.com/img/b/R29vZ2xl/AVvXsEjmvWg6syigc_E3FfQEY96Ksa4bsrNx5yl-ycDalAl9jr0QGLzD1vsRGA6IxkYkdgz_rqZorry7QVOdsRZTjVBBRoRV6u7OlxS_nuRAKybL0LWNq900T52QP_2ijlCIpr01pURUtGuU484/s320/584A985A-A6E6-4D12-BBB5-635D026DCA44.jpeg
blogger.googleusercontent.com (blogger.googleusercontent.com)|2404:6800:400b:c005::84|:443 に接続しています... 接続しました。
HTTP による接続要求を送信しました、応答を待っています... 200 OK
長さ: 20655 (20K) [image/jpeg]
‘blogger.googleusercontent.com/img/b/R29vZ2xl/AVvXsEjmvWg6syigc_E3FfQEY96Ksa4bsrNx5yl-ycDalAl9jr0QGLzD1vsRGA6IxkYkdgz_rqZorry7QVOdsRZTjVBBRoRV6u7OlxS_nuRAKybL0LWNq900T52QP_2ijlCIpr01pURUtGuU484/s320/584A985A-A6E6-4D12-BBB5-635D026DCA44.jpeg’ に保存中

     0K .......... ..........                                 100% 8.58M=0.002s

2026-09-16 09:19:45 (8.58 MB/s) - ‘blogger.googleusercontent.com/img/b/R29vZ2xl/AVvXsEjmvWg6syigc_E3FfQEY96Ksa4bsrNx5yl-ycDalAl9jr0QGLzD1vsRGA6IxkYkdgz_rqZorry7QVOdsRZTjVBBRoRV6u7OlxS_nuRAKybL0LWNq900T52QP_2ijlCIpr01pURUtGuU484/s320/584A985A-A6E6-4D12-BBB5-635D026DCA44.jpeg’ へ保存完了 [20655/20655]

--2026-09-16 09:19:46--  https://www.tunnelpoemer.com/2019/06/blog-post.html
www.tunnelpoemer.com (www.tunnelpoemer.com)|2404:6800:400b:c005::79|:443 に接続しています... 接続しました。
HTTP による接続要求を送信しました、応答を待っています... 200 OK
長さ: 特定できません [text/html]
‘www.tunnelpoemer.com/2019/06/blog-post.html’ に保存中

     0K .......... .......... .......... .......... .......... 2.64M
    50K ....                                                   15.8M=0.02s

2026-09-16 09:19:48 (2.85 MB/s) - ‘www.tunnelpoemer.com/2019/06/blog-post.html’ へ保存終了 [56056]

--2026-09-16 09:19:49--  https://blogger.googleusercontent.com/img/b/R29vZ2xl/AVvXsEjCh9V4kiCIOFqdp8-i4v1T_g-kbYXt4JZrjnbBlbLs-De0kKOYIMfJcB_s42yScNaS0mqqZi_1EWm2itu76mq1R2kXtElGawwGwrNmzRnCsmwPGdTitPVQx3hh3-ZgHC7Sm7mR3YpocDY/s320/45E20CAC-4C11-4783-86C4-2DCC9321ABA1.jpeg
blogger.googleusercontent.com (blogger.googleusercontent.com)|2404:6800:400b:c005::84|:443 に接続しています... 接続しました。
HTTP による接続要求を送信しました、応答を待っています... 200 OK
長さ: 31196 (30K) [image/jpeg]
‘blogger.googleusercontent.com/img/b/R29vZ2xl/AVvXsEjCh9V4kiCIOFqdp8-i4v1T_g-kbYXt4JZrjnbBlbLs-De0kKOYIMfJcB_s42yScNaS0mqqZi_1EWm2itu76mq1R2kXtElGawwGwrNmzRnCsmwPGdTitPVQx3hh3-ZgHC7Sm7mR3YpocDY/s320/45E20CAC-4C11-4783-86C4-2DCC9321ABA1.jpeg’ に保存中

     0K .......... .......... ..........                      100% 2.83M=0.01s

2026-09-16 09:19:51 (2.83 MB/s) - ‘blogger.googleusercontent.com/img/b/R29vZ2xl/AVvXsEjCh9V4kiCIOFqdp8-i4v1T_g-kbYXt4JZrjnbBlbLs-De0kKOYIMfJcB_s42yScNaS0mqqZi_1EWm2itu76mq1R2kXtElGawwGwrNmzRnCsmwPGdTitPVQx3hh3-ZgHC7Sm7mR3YpocDY/s320/45E20CAC-4C11-4783-86C4-2DCC9321ABA1.jpeg’ へ保存完了 [31196/31196]

--2026-09-16 09:19:52--  https://www.tunnelpoemer.com/2019/06/go.html
www.tunnelpoemer.com (www.tunnelpoemer.com)|2404:6800:400b:c005::79|:443 に接続しています... 接続しました。
HTTP による接続要求を送信しました、応答を待っています... 200 OK
長さ: 特定できません [text/html]
‘www.tunnelpoemer.com/2019/06/go.html’ に保存中

     0K .......... .......... .......... .......... .......... 3.20M
    50K ....                                                   4.61M=0.02s

2026-09-16 09:19:53 (3.29 MB/s) - ‘www.tunnelpoemer.com/2019/06/go.html’ へ保存終了 [56120]

--2026-09-16 09:19:54--  https://blogger.googleusercontent.com/img/b/R29vZ2xl/AVvXsEgv1yxl6yqsIcOVD-jLg8cJF9e3_VdZpY8zkttLgcLxZotzqvh1c916_A2OvDK5yA-pWaVeeX6nesa4gN8Ef27Ue4iGfWewRLBlByWTWM-YX_zvbRzrgr6cR-UjukbT1G7J1lHMLBGP_Jk/s320/1878C698-A647-416C-97F7-15A5003B6693.jpeg
blogger.googleusercontent.com (blogger.googleusercontent.com)|2404:6800:400b:c005::84|:443 に接続しています... 接続しました。
HTTP による接続要求を送信しました、応答を待っています... 200 OK
長さ: 23487 (23K) [image/jpeg]
‘blogger.googleusercontent.com/img/b/R29vZ2xl/AVvXsEgv1yxl6yqsIcOVD-jLg8cJF9e3_VdZpY8zkttLgcLxZotzqvh1c916_A2OvDK5yA-pWaVeeX6nesa4gN8Ef27Ue4iGfWewRLBlByWTWM-YX_zvbRzrgr6cR-UjukbT1G7J1lHMLBGP_Jk/s320/1878C698-A647-416C-97F7-15A5003B6693.jpeg’ に保存中

     0K .......... .......... ..                              100% 3.54M=0.006s

2026-09-16 09:19:56 (3.54 MB/s) - ‘blogger.googleusercontent.com/img/b/R29vZ2xl/AVvXsEgv1yxl6yqsIcOVD-jLg8cJF9e3_VdZpY8zkttLgcLxZotzqvh1c916_A2OvDK5yA-pWaVeeX6nesa4gN8Ef27Ue4iGfWewRLBlByWTWM-YX_zvbRzrgr6cR-UjukbT1G7J1lHMLBGP_Jk/s320/1878C698-A647-416C-97F7-15A5003B6693.jpeg’ へ保存完了 [23487/23487]

--2026-09-16 09:19:57--  https://www.tunnelpoemer.com/2019/07/3100.html
www.tunnelpoemer.com (www.tunnelpoemer.com)|2404:6800:400b:c005::79|:443 に接続しています... 接続しました。
HTTP による接続要求を送信しました、応答を待っています... 200 OK
長さ: 特定できません [text/html]
‘www.tunnelpoemer.com/2019/07/3100.html’ に保存中

     0K .......... .......... .......... .......... .......... 1.49M
    50K ....                                                   4.93M=0.03s

2026-09-16 09:19:58 (1.59 MB/s) - ‘www.tunnelpoemer.com/2019/07/3100.html’ へ保存終了 [56137]

--2026-09-16 09:19:59--  https://blogger.googleusercontent.com/img/b/R29vZ2xl/AVvXsEjg8X7msXRQ8t4TJh-XvimWRhiacEbEqTbXBcK072JJe-3_xpfy3YoBdcM6MnvJIXiQcQPd_Qs-BgLi24phJqez-ZL6qu68RbSB7lt00RrDrD9V3sUzs8A6lrwTNYVMzd4NRn_qi63Fe2I/s320/CE7873A0-2C09-4A63-A6F3-0E08B5B70A79.jpeg
blogger.googleusercontent.com (blogger.googleusercontent.com)|2404:6800:400b:c005::84|:443 に接続しています... 接続しました。
HTTP による接続要求を送信しました、応答を待っています... 200 OK
長さ: 25186 (25K) [image/jpeg]
‘blogger.googleusercontent.com/img/b/R29vZ2xl/AVvXsEjg8X7msXRQ8t4TJh-XvimWRhiacEbEqTbXBcK072JJe-3_xpfy3YoBdcM6MnvJIXiQcQPd_Qs-BgLi24phJqez-ZL6qu68RbSB7lt00RrDrD9V3sUzs8A6lrwTNYVMzd4NRn_qi63Fe2I/s320/CE7873A0-2C09-4A63-A6F3-0E08B5B70A79.jpeg’ に保存中

     0K .......... .......... ....                            100%  512K=0.05s

2026-09-16 09:20:01 (512 KB/s) - ‘blogger.googleusercontent.com/img/b/R29vZ2xl/AVvXsEjg8X7msXRQ8t4TJh-XvimWRhiacEbEqTbXBcK072JJe-3_xpfy3YoBdcM6MnvJIXiQcQPd_Qs-BgLi24phJqez-ZL6qu68RbSB7lt00RrDrD9V3sUzs8A6lrwTNYVMzd4NRn_qi63Fe2I/s320/CE7873A0-2C09-4A63-A6F3-0E08B5B70A79.jpeg’ へ保存完了 [25186/25186]

--2026-09-16 09:20:02--  https://www.tunnelpoemer.com/2019/07/5300.html
www.tunnelpoemer.com (www.tunnelpoemer.com)|2404:6800:400b:c005::79|:443 に接続しています... 接続しました。
HTTP による接続要求を送信しました、応答を待っています... 200 OK
長さ: 特定できません [text/html]
‘www.tunnelpoemer.com/2019/07/5300.html’ に保存中

     0K .......... .......... .......... .......... ..........  161K
    50K .....                                                  5.38M=0.3s

2026-09-16 09:20:03 (178 KB/s) - ‘www.tunnelpoemer.com/2019/07/5300.html’ へ保存終了 [56557]

--2026-09-16 09:20:04--  https://blogger.googleusercontent.com/img/b/R29vZ2xl/AVvXsEhCIIjTdeB_HTXktA3RIyK-d3RTqJE9NQZ9OhyIz0t78HXEIaDFxR8fc-lXxQdMs7ClPHlgd5z8Mna7moEiwIb3QeH8VnmeZt0GG6py-U7gYAEusjNkNq9__68As5kd4JF6BAgRrYTD_I8/s320/0997BC87-DBCE-4D50-86FA-6DA141602F05.jpeg
blogger.googleusercontent.com (blogger.googleusercontent.com)|2404:6800:400b:c005::84|:443 に接続しています... 接続しました。
HTTP による接続要求を送信しました、応答を待っています... 200 OK
長さ: 30556 (30K) [image/jpeg]
‘blogger.googleusercontent.com/img/b/R29vZ2xl/AVvXsEhCIIjTdeB_HTXktA3RIyK-d3RTqJE9NQZ9OhyIz0t78HXEIaDFxR8fc-lXxQdMs7ClPHlgd5z8Mna7moEiwIb3QeH8VnmeZt0GG6py-U7gYAEusjNkNq9__68As5kd4JF6BAgRrYTD_I8/s320/0997BC87-DBCE-4D50-86FA-6DA141602F05.jpeg’ に保存中

     0K .......... .......... .........                       100% 3.90M=0.007s

2026-09-16 09:20:06 (3.90 MB/s) - ‘blogger.googleusercontent.com/img/b/R29vZ2xl/AVvXsEhCIIjTdeB_HTXktA3RIyK-d3RTqJE9NQZ9OhyIz0t78HXEIaDFxR8fc-lXxQdMs7ClPHlgd5z8Mna7moEiwIb3QeH8VnmeZt0GG6py-U7gYAEusjNkNq9__68As5kd4JF6BAgRrYTD_I8/s320/0997BC87-DBCE-4D50-86FA-6DA141602F05.jpeg’ へ保存完了 [30556/30556]

--2026-09-16 09:20:07--  https://www.tunnelpoemer.com/2019/07/blog-post_0.html
www.tunnelpoemer.com (www.tunnelpoemer.com)|2404:6800:400b:c005::79|:443 に接続しています... 接続しました。
HTTP による接続要求を送信しました、応答を待っています... 200 OK
長さ: 特定できません [text/html]
‘www.tunnelpoemer.com/2019/07/blog-post_0.html’ に保存中

     0K .......... .......... .......... .......... .......... 5.12M
    50K .....                                                  5.82M=0.01s

2026-09-16 09:20:08 (5.18 MB/s) - ‘www.tunnelpoemer.com/2019/07/blog-post_0.html’ へ保存終了 [56455]

--2026-09-16 09:20:09--  https://blogger.googleusercontent.com/img/b/R29vZ2xl/AVvXsEhThWVeqKdY4pUBhe10ElS1CCWw90C-4pv-5cQpf5r08JlJRxX1yTqEsYdJs5jEeuYezuLqj1hpHllpmmf4Eahp-r32vri0LxlNCKrFcTFhpMn1H_hUE9WyOnVsN3iysqaeKzh9h5NHkM0/s320/B7D23CA4-7DC2-4EBF-9F43-F4CB01367275.jpeg
blogger.googleusercontent.com (blogger.googleusercontent.com)|2404:6800:400b:c005::84|:443 に接続しています... 接続しました。
HTTP による接続要求を送信しました、応答を待っています... 200 OK
長さ: 30223 (30K) [image/jpeg]
‘blogger.googleusercontent.com/img/b/R29vZ2xl/AVvXsEhThWVeqKdY4pUBhe10ElS1CCWw90C-4pv-5cQpf5r08JlJRxX1yTqEsYdJs5jEeuYezuLqj1hpHllpmmf4Eahp-r32vri0LxlNCKrFcTFhpMn1H_hUE9WyOnVsN3iysqaeKzh9h5NHkM0/s320/B7D23CA4-7DC2-4EBF-9F43-F4CB01367275.jpeg’ に保存中

     0K .......... .......... .........                       100% 2.45M=0.01s

2026-09-16 09:20:10 (2.45 MB/s) - ‘blogger.googleusercontent.com/img/b/R29vZ2xl/AVvXsEhThWVeqKdY4pUBhe10ElS1CCWw90C-4pv-5cQpf5r08JlJRxX1yTqEsYdJs5jEeuYezuLqj1hpHllpmmf4Eahp-r32vri0LxlNCKrFcTFhpMn1H_hUE9WyOnVsN3iysqaeKzh9h5NHkM0/s320/B7D23CA4-7DC2-4EBF-9F43-F4CB01367275.jpeg’ へ保存完了 [30223/30223]

--2026-09-16 09:20:11--  https://www.tunnelpoemer.com/2019/07/blog-post_12.html
www.tunnelpoemer.com (www.tunnelpoemer.com)|2404:6800:400b:c005::79|:443 に接続しています... 接続しました。
HTTP による接続要求を送信しました、応答を待っています... 200 OK
長さ: 特定できません [text/html]
‘www.tunnelpoemer.com/2019/07/blog-post_12.html’ に保存中

     0K .......... .......... .......... .......... .......... 2.23M
    50K ....                                                   5.41M=0.02s

2026-09-16 09:20:13 (2.35 MB/s) - ‘www.tunnelpoemer.com/2019/07/blog-post_12.html’ へ保存終了 [56267]

--2026-09-16 09:20:14--  https://blogger.googleusercontent.com/img/b/R29vZ2xl/AVvXsEiYW80JHtCYbQBBmMrLgzgrPlBynOJPR6AYNNi0HcYmeIi5ygADm2OBHAfUuA1BsiLKzE1pgqByONhsj_KOYQfu-KHt-Q7W8IAd9X6svrMHkRJuQudAbyDufD5gEj77rQ7bym2I0OZgcF0/s320/0BEE7759-B04E-44F1-8FDE-4EF4E241EB2F.jpeg
blogger.googleusercontent.com (blogger.googleusercontent.com)|2404:6800:400b:c005::84|:443 に接続しています... 接続しました。
HTTP による接続要求を送信しました、応答を待っています... 200 OK
長さ: 21287 (21K) [image/jpeg]
‘blogger.googleusercontent.com/img/b/R29vZ2xl/AVvXsEiYW80JHtCYbQBBmMrLgzgrPlBynOJPR6AYNNi0HcYmeIi5ygADm2OBHAfUuA1BsiLKzE1pgqByONhsj_KOYQfu-KHt-Q7W8IAd9X6svrMHkRJuQudAbyDufD5gEj77rQ7bym2I0OZgcF0/s320/0BEE7759-B04E-44F1-8FDE-4EF4E241EB2F.jpeg’ に保存中

     0K .......... ..........                                 100% 2.54M=0.008s

2026-09-16 09:20:17 (2.54 MB/s) - ‘blogger.googleusercontent.com/img/b/R29vZ2xl/AVvXsEiYW80JHtCYbQBBmMrLgzgrPlBynOJPR6AYNNi0HcYmeIi5ygADm2OBHAfUuA1BsiLKzE1pgqByONhsj_KOYQfu-KHt-Q7W8IAd9X6svrMHkRJuQudAbyDufD5gEj77rQ7bym2I0OZgcF0/s320/0BEE7759-B04E-44F1-8FDE-4EF4E241EB2F.jpeg’ へ保存完了 [21287/21287]

--2026-09-16 09:20:18--  https://www.tunnelpoemer.com/2019/07/blog-post_13.html
www.tunnelpoemer.com (www.tunnelpoemer.com)|2404:6800:400b:c005::79|:443 に接続しています... 接続しました。
HTTP による接続要求を送信しました、応答を待っています... 200 OK
長さ: 特定できません [text/html]
‘www.tunnelpoemer.com/2019/07/blog-post_13.html’ に保存中

     0K .......... .......... .......... .......... .......... 3.47M
    50K .....                                                  8.85M=0.01s

2026-09-16 09:20:19 (3.69 MB/s) - ‘www.tunnelpoemer.com/2019/07/blog-post_13.html’ へ保存終了 [56701]

--2026-09-16 09:20:20--  https://blogger.googleusercontent.com/img/b/R29vZ2xl/AVvXsEjKhotq3J4xSUgn8kQWAGHEedVrfX9s47gFX_7Xkz3rWx9ZTblMM109kn7IGAXQZbnGJu9EbZBTPYS0RAix59EpFulcUv809Dnq-IPGJnuRWeYsjNsbaejkDCmdfrdGxYu-OEMXVRNHeNs/s320/1286E236-8209-48DF-844F-1ED96D87966C.jpeg
blogger.googleusercontent.com (blogger.googleusercontent.com)|2404:6800:400b:c005::84|:443 に接続しています... 接続しました。
HTTP による接続要求を送信しました、応答を待っています... 200 OK
長さ: 22329 (22K) [image/jpeg]
‘blogger.googleusercontent.com/img/b/R29vZ2xl/AVvXsEjKhotq3J4xSUgn8kQWAGHEedVrfX9s47gFX_7Xkz3rWx9ZTblMM109kn7IGAXQZbnGJu9EbZBTPYS0RAix59EpFulcUv809Dnq-IPGJnuRWeYsjNsbaejkDCmdfrdGxYu-OEMXVRNHeNs/s320/1286E236-8209-48DF-844F-1ED96D87966C.jpeg’ に保存中

     0K .......... .......... .                               100% 1.85M=0.01s

2026-09-16 09:20:22 (1.85 MB/s) - ‘blogger.googleusercontent.com/img/b/R29vZ2xl/AVvXsEjKhotq3J4xSUgn8kQWAGHEedVrfX9s47gFX_7Xkz3rWx9ZTblMM109kn7IGAXQZbnGJu9EbZBTPYS0RAix59EpFulcUv809Dnq-IPGJnuRWeYsjNsbaejkDCmdfrdGxYu-OEMXVRNHeNs/s320/1286E236-8209-48DF-844F-1ED96D87966C.jpeg’ へ保存完了 [22329/22329]

--2026-09-16 09:20:23--  https://www.tunnelpoemer.com/2019/07/blog-post_14.html
www.tunnelpoemer.com (www.tunnelpoemer.com)|2404:6800:400b:c005::79|:443 に接続しています... 接続しました。
HTTP による接続要求を送信しました、応答を待っています... 200 OK
長さ: 特定できません [text/html]
‘www.tunnelpoemer.com/2019/07/blog-post_14.html’ に保存中

     0K .......... .......... .......... .......... .......... 3.20M
    50K .....                                                  4.64M=0.02s

2026-09-16 09:20:24 (3.29 MB/s) - ‘www.tunnelpoemer.com/2019/07/blog-post_14.html’ へ保存終了 [56538]

--2026-09-16 09:20:25--  https://blogger.googleusercontent.com/img/b/R29vZ2xl/AVvXsEh10QbckUr1BxS8_L0fr4yM9cYjlk3LjuYXgOglkK53DX7VM16HQHiH3WCwEpC9c6-NxChThR-IzGKCONQtI5UBAuxuXkFocAT60eNJ0S1Kd97sPXJuTbEZZKRY9duDXB-d58dedYKzKbU/s320/27FA76EF-7716-4BA4-8DC0-C844AE68E998.jpeg
blogger.googleusercontent.com (blogger.googleusercontent.com)|2404:6800:400b:c005::84|:443 に接続しています... 接続しました。
HTTP による接続要求を送信しました、応答を待っています... 200 OK
長さ: 23582 (23K) [image/jpeg]
‘blogger.googleusercontent.com/img/b/R29vZ2xl/AVvXsEh10QbckUr1BxS8_L0fr4yM9cYjlk3LjuYXgOglkK53DX7VM16HQHiH3WCwEpC9c6-NxChThR-IzGKCONQtI5UBAuxuXkFocAT60eNJ0S1Kd97sPXJuTbEZZKRY9duDXB-d58dedYKzKbU/s320/27FA76EF-7716-4BA4-8DC0-C844AE68E998.jpeg’ に保存中

     0K .......... .......... ...                             100% 2.68M=0.008s

2026-09-16 09:20:26 (2.68 MB/s) - ‘blogger.googleusercontent.com/img/b/R29vZ2xl/AVvXsEh10QbckUr1BxS8_L0fr4yM9cYjlk3LjuYXgOglkK53DX7VM16HQHiH3WCwEpC9c6-NxChThR-IzGKCONQtI5UBAuxuXkFocAT60eNJ0S1Kd97sPXJuTbEZZKRY9duDXB-d58dedYKzKbU/s320/27FA76EF-7716-4BA4-8DC0-C844AE68E998.jpeg’ へ保存完了 [23582/23582]

--2026-09-16 09:20:27--  https://www.tunnelpoemer.com/2019/07/blog-post_16.html
www.tunnelpoemer.com (www.tunnelpoemer.com)|2404:6800:400b:c005::79|:443 に接続しています... 接続しました。
HTTP による接続要求を送信しました、応答を待っています... 200 OK
長さ: 特定できません [text/html]
‘www.tunnelpoemer.com/2019/07/blog-post_16.html’ に保存中

     0K .......... .......... .......... .......... .......... 3.86M
    50K ......                                                 5.26M=0.01s

2026-09-16 09:20:30 (3.98 MB/s) - ‘www.tunnelpoemer.com/2019/07/blog-post_16.html’ へ保存終了 [57718]

--2026-09-16 09:20:31--  https://blogger.googleusercontent.com/img/b/R29vZ2xl/AVvXsEizXu28hJtJGX0RKD5NrZRNqKDMLysaarEFV603eR_ZPS0v0H4oCuovCkKJLeFDD8YWmQXivGQg7hxhgG1sCTDV36-VzoP_7hC1SqzEutgImMIxTBrtdW8yybun_lz8MObsN95NDHRJhxU/s320/BEB6F283-6557-49C7-A9D5-30355EDA1CD2.jpeg
blogger.googleusercontent.com (blogger.googleusercontent.com)|2404:6800:400b:c005::84|:443 に接続しています... 接続しました。
HTTP による接続要求を送信しました、応答を待っています... 200 OK
長さ: 32452 (32K) [image/jpeg]
‘blogger.googleusercontent.com/img/b/R29vZ2xl/AVvXsEizXu28hJtJGX0RKD5NrZRNqKDMLysaarEFV603eR_ZPS0v0H4oCuovCkKJLeFDD8YWmQXivGQg7hxhgG1sCTDV36-VzoP_7hC1SqzEutgImMIxTBrtdW8yybun_lz8MObsN95NDHRJhxU/s320/BEB6F283-6557-49C7-A9D5-30355EDA1CD2.jpeg’ に保存中

     0K .......... .......... .......... .                    100% 3.52M=0.009s

2026-09-16 09:20:34 (3.52 MB/s) - ‘blogger.googleusercontent.com/img/b/R29vZ2xl/AVvXsEizXu28hJtJGX0RKD5NrZRNqKDMLysaarEFV603eR_ZPS0v0H4oCuovCkKJLeFDD8YWmQXivGQg7hxhgG1sCTDV36-VzoP_7hC1SqzEutgImMIxTBrtdW8yybun_lz8MObsN95NDHRJhxU/s320/BEB6F283-6557-49C7-A9D5-30355EDA1CD2.jpeg’ へ保存完了 [32452/32452]

--2026-09-16 09:20:35--  https://www.tunnelpoemer.com/2019/07/blog-post_19.html
www.tunnelpoemer.com (www.tunnelpoemer.com)|2404:6800:400b:c005::79|:443 に接続しています... 接続しました。
HTTP による接続要求を送信しました、応答を待っています... 200 OK
長さ: 特定できません [text/html]
‘www.tunnelpoemer.com/2019/07/blog-post_19.html’ に保存中

     0K .......... .......... .......... .......... .......... 2.32M
    50K .....                                                  4.61M=0.02s

2026-09-16 09:20:36 (2.44 MB/s) - ‘www.tunnelpoemer.com/2019/07/blog-post_19.html’ へ保存終了 [56900]

--2026-09-16 09:20:37--  https://blogger.googleusercontent.com/img/b/R29vZ2xl/AVvXsEiY21mf4DCFCEWN2jbh-TeOZ8Dpa3YNhjwHWHRtSi-5OfEN7emBJIS6HyPK8qUXq7ksti-Q5VnX6qZVaDfx9p4O5f9fSqvMz98YV19uwBjCegGeyTDfStaoFlvv6oCut9-6iNz-BkZDAYQ/s320/D96FD224-376D-4248-A7C7-57099D180C4A.jpeg
blogger.googleusercontent.com (blogger.googleusercontent.com)|2404:6800:400b:c005::84|:443 に接続しています... 接続しました。
HTTP による接続要求を送信しました、応答を待っています... 200 OK
長さ: 33967 (33K) [image/jpeg]
‘blogger.googleusercontent.com/img/b/R29vZ2xl/AVvXsEiY21mf4DCFCEWN2jbh-TeOZ8Dpa3YNhjwHWHRtSi-5OfEN7emBJIS6HyPK8qUXq7ksti-Q5VnX6qZVaDfx9p4O5f9fSqvMz98YV19uwBjCegGeyTDfStaoFlvv6oCut9-6iNz-BkZDAYQ/s320/D96FD224-376D-4248-A7C7-57099D180C4A.jpeg’ に保存中

     0K .......... .......... .......... ...                  100% 2.86M=0.01s

2026-09-16 09:20:42 (2.86 MB/s) - ‘blogger.googleusercontent.com/img/b/R29vZ2xl/AVvXsEiY21mf4DCFCEWN2jbh-TeOZ8Dpa3YNhjwHWHRtSi-5OfEN7emBJIS6HyPK8qUXq7ksti-Q5VnX6qZVaDfx9p4O5f9fSqvMz98YV19uwBjCegGeyTDfStaoFlvv6oCut9-6iNz-BkZDAYQ/s320/D96FD224-376D-4248-A7C7-57099D180C4A.jpeg’ へ保存完了 [33967/33967]

--2026-09-16 09:20:43--  https://www.tunnelpoemer.com/2019/07/blog-post_20.html
www.tunnelpoemer.com (www.tunnelpoemer.com)|2404:6800:400b:c005::79|:443 に接続しています... 接続しました。
HTTP による接続要求を送信しました、応答を待っています... 200 OK
長さ: 特定できません [text/html]
‘www.tunnelpoemer.com/2019/07/blog-post_20.html’ に保存中

     0K .......... .......... .......... .......... .......... 1.01M
    50K .....                                                  1.54M=0.05s

2026-09-16 09:20:44 (1.04 MB/s) - ‘www.tunnelpoemer.com/2019/07/blog-post_20.html’ へ保存終了 [56352]

--2026-09-16 09:20:46--  https://blogger.googleusercontent.com/img/b/R29vZ2xl/AVvXsEiGbpUxIEij1GUU_98cAzp2tQcsUXq5l1-wFEFxEGfMMtZINSABK_p6VioFwU3OVfn1fxWZZfcAPrwYcbFuNdBlIf_lxLuLhGoWbzU2PPqUIacLOOfbzOaI9b-q0GIP2liLHzod1kx7ryk/s320/3F8C07C5-0470-40EB-854D-E437A3566558.jpeg
blogger.googleusercontent.com (blogger.googleusercontent.com)|2404:6800:400b:c005::84|:443 に接続しています... 接続しました。
HTTP による接続要求を送信しました、応答を待っています... 200 OK
長さ: 26635 (26K) [image/jpeg]
‘blogger.googleusercontent.com/img/b/R29vZ2xl/AVvXsEiGbpUxIEij1GUU_98cAzp2tQcsUXq5l1-wFEFxEGfMMtZINSABK_p6VioFwU3OVfn1fxWZZfcAPrwYcbFuNdBlIf_lxLuLhGoWbzU2PPqUIacLOOfbzOaI9b-q0GIP2liLHzod1kx7ryk/s320/3F8C07C5-0470-40EB-854D-E437A3566558.jpeg’ に保存中

     0K .......... .......... ......                          100% 2.52M=0.01s

2026-09-16 09:20:47 (2.52 MB/s) - ‘blogger.googleusercontent.com/img/b/R29vZ2xl/AVvXsEiGbpUxIEij1GUU_98cAzp2tQcsUXq5l1-wFEFxEGfMMtZINSABK_p6VioFwU3OVfn1fxWZZfcAPrwYcbFuNdBlIf_lxLuLhGoWbzU2PPqUIacLOOfbzOaI9b-q0GIP2liLHzod1kx7ryk/s320/3F8C07C5-0470-40EB-854D-E437A3566558.jpeg’ へ保存完了 [26635/26635]

--2026-09-16 09:20:48--  https://www.tunnelpoemer.com/2019/07/blog-post_21.html
www.tunnelpoemer.com (www.tunnelpoemer.com)|2404:6800:400b:c005::79|:443 に接続しています... 接続しました。
HTTP による接続要求を送信しました、応答を待っています... 200 OK
長さ: 特定できません [text/html]
‘www.tunnelpoemer.com/2019/07/blog-post_21.html’ に保存中

     0K .......... .......... .......... .......... .......... 2.81M
    50K .....                                                  4.10M=0.02s

2026-09-16 09:20:49 (2.90 MB/s) - ‘www.tunnelpoemer.com/2019/07/blog-post_21.html’ へ保存終了 [56339]

--2026-09-16 09:20:50--  https://blogger.googleusercontent.com/img/b/R29vZ2xl/AVvXsEiJnolpfKDkBomOe5jhyphenhyphenDIKXwbitBC5II-JXAmUzWuPvu5n5T3DBMQ3J9TzbyK6FtQuEVg7fmuB03jdVUAnjKPE3GjDnl3t0MmhFIasZ13C-BGIS0IZJh5kIjRHHmv2feMvgYfcD-9wpXA/s320/42B759BD-1DA2-4C4F-9842-DDA1128DA7A9.jpeg
blogger.googleusercontent.com (blogger.googleusercontent.com)|2404:6800:400b:c005::84|:443 に接続しています... 接続しました。
HTTP による接続要求を送信しました、応答を待っています... 200 OK
長さ: 39353 (38K) [image/jpeg]
‘blogger.googleusercontent.com/img/b/R29vZ2xl/AVvXsEiJnolpfKDkBomOe5jhyphenhyphenDIKXwbitBC5II-JXAmUzWuPvu5n5T3DBMQ3J9TzbyK6FtQuEVg7fmuB03jdVUAnjKPE3GjDnl3t0MmhFIasZ13C-BGIS0IZJh5kIjRHHmv2feMvgYfcD-9wpXA/s320/42B759BD-1DA2-4C4F-9842-DDA1128DA7A9.jpeg’ に保存中

     0K .......... .......... .......... ........             100% 2.94M=0.01s

2026-09-16 09:20:52 (2.94 MB/s) - ‘blogger.googleusercontent.com/img/b/R29vZ2xl/AVvXsEiJnolpfKDkBomOe5jhyphenhyphenDIKXwbitBC5II-JXAmUzWuPvu5n5T3DBMQ3J9TzbyK6FtQuEVg7fmuB03jdVUAnjKPE3GjDnl3t0MmhFIasZ13C-BGIS0IZJh5kIjRHHmv2feMvgYfcD-9wpXA/s320/42B759BD-1DA2-4C4F-9842-DDA1128DA7A9.jpeg’ へ保存完了 [39353/39353]

--2026-09-16 09:20:53--  https://www.tunnelpoemer.com/2019/07/blog-post_23.html
www.tunnelpoemer.com (www.tunnelpoemer.com)|2404:6800:400b:c005::79|:443 に接続しています... 接続しました。
HTTP による接続要求を送信しました、応答を待っています... 200 OK
長さ: 特定できません [text/html]
‘www.tunnelpoemer.com/2019/07/blog-post_23.html’ に保存中

     0K .......... .......... .......... .......... .......... 2.97M
    50K ....                                                   5.19M=0.02s

2026-09-16 09:20:55 (3.08 MB/s) - ‘www.tunnelpoemer.com/2019/07/blog-post_23.html’ へ保存終了 [56138]

--2026-09-16 09:20:56--  https://blogger.googleusercontent.com/img/b/R29vZ2xl/AVvXsEjlTKHUIlNhuK-myxgDeJZt5c2Ks2HFw7i7o8W0dmvW2v9_QGDpCbjeRn4K1A85pFPNd1fop_qm9uoM_FCEJYa7oWSrbzfBr2_l9PcdfJUzR1wMTCim1sMpeYFSJHCaplP3mabCWVEDmZ8/s320/6EC0A1AE-3C51-4DE8-ADEE-7D5F947BAB13.jpeg
blogger.googleusercontent.com (blogger.googleusercontent.com)|2404:6800:400b:c005::84|:443 に接続しています... 接続しました。
HTTP による接続要求を送信しました、応答を待っています... 200 OK
長さ: 29770 (29K) [image/jpeg]
‘blogger.googleusercontent.com/img/b/R29vZ2xl/AVvXsEjlTKHUIlNhuK-myxgDeJZt5c2Ks2HFw7i7o8W0dmvW2v9_QGDpCbjeRn4K1A85pFPNd1fop_qm9uoM_FCEJYa7oWSrbzfBr2_l9PcdfJUzR1wMTCim1sMpeYFSJHCaplP3mabCWVEDmZ8/s320/6EC0A1AE-3C51-4DE8-ADEE-7D5F947BAB13.jpeg’ に保存中

     0K .......... .......... .........                       100% 4.19M=0.007s

2026-09-16 09:20:58 (4.19 MB/s) - ‘blogger.googleusercontent.com/img/b/R29vZ2xl/AVvXsEjlTKHUIlNhuK-myxgDeJZt5c2Ks2HFw7i7o8W0dmvW2v9_QGDpCbjeRn4K1A85pFPNd1fop_qm9uoM_FCEJYa7oWSrbzfBr2_l9PcdfJUzR1wMTCim1sMpeYFSJHCaplP3mabCWVEDmZ8/s320/6EC0A1AE-3C51-4DE8-ADEE-7D5F947BAB13.jpeg’ へ保存完了 [29770/29770]

--2026-09-16 09:20:59--  https://www.tunnelpoemer.com/2019/07/blog-post_26.html
www.tunnelpoemer.com (www.tunnelpoemer.com)|2404:6800:400b:c005::79|:443 に接続しています... 接続しました。
HTTP による接続要求を送信しました、応答を待っています... 200 OK
長さ: 特定できません [text/html]
‘www.tunnelpoemer.com/2019/07/blog-post_26.html’ に保存中

     0K .......... .......... .......... .......... .......... 1.89M
    50K .....                                                  4.55M=0.03s

2026-09-16 09:21:01 (2.00 MB/s) - ‘www.tunnelpoemer.com/2019/07/blog-post_26.html’ へ保存終了 [56781]

--2026-09-16 09:21:02--  https://blogger.googleusercontent.com/img/b/R29vZ2xl/AVvXsEi3kKLUmPzLDQuhZTWuYYSbaCO4lzj1TAHl7xyCI_npp0xC7kMPzoqHkAVSSRhDnhv3vIXQxSY8HJPX5LTjVuP2b7gmrJjq8Uf_14AHKm_62FforA_g3wjlcSMc6Z6SJFcW__9S0p0Zfro/s320/894CF930-97C3-4525-BA61-B0D2AAAD4E79.jpeg
blogger.googleusercontent.com (blogger.googleusercontent.com)|2404:6800:400b:c005::84|:443 に接続しています... 接続しました。
HTTP による接続要求を送信しました、応答を待っています... 200 OK
長さ: 30816 (30K) [image/jpeg]
‘blogger.googleusercontent.com/img/b/R29vZ2xl/AVvXsEi3kKLUmPzLDQuhZTWuYYSbaCO4lzj1TAHl7xyCI_npp0xC7kMPzoqHkAVSSRhDnhv3vIXQxSY8HJPX5LTjVuP2b7gmrJjq8Uf_14AHKm_62FforA_g3wjlcSMc6Z6SJFcW__9S0p0Zfro/s320/894CF930-97C3-4525-BA61-B0D2AAAD4E79.jpeg’ に保存中

     0K .......... .......... ..........                      100% 2.07M=0.01s

2026-09-16 09:21:04 (2.07 MB/s) - ‘blogger.googleusercontent.com/img/b/R29vZ2xl/AVvXsEi3kKLUmPzLDQuhZTWuYYSbaCO4lzj1TAHl7xyCI_npp0xC7kMPzoqHkAVSSRhDnhv3vIXQxSY8HJPX5LTjVuP2b7gmrJjq8Uf_14AHKm_62FforA_g3wjlcSMc6Z6SJFcW__9S0p0Zfro/s320/894CF930-97C3-4525-BA61-B0D2AAAD4E79.jpeg’ へ保存完了 [30816/30816]

--2026-09-16 09:21:05--  https://www.tunnelpoemer.com/2019/07/blog-post_27.html
www.tunnelpoemer.com (www.tunnelpoemer.com)|2404:6800:400b:c005::79|:443 に接続しています... 接続しました。
HTTP による接続要求を送信しました、応答を待っています... 200 OK
長さ: 特定できません [text/html]
‘www.tunnelpoemer.com/2019/07/blog-post_27.html’ に保存中

     0K .......... .......... .......... .......... .......... 3.22M
    50K .....                                                  4.70M=0.02s

2026-09-16 09:21:06 (3.32 MB/s) - ‘www.tunnelpoemer.com/2019/07/blog-post_27.html’ へ保存終了 [56717]

--2026-09-16 09:21:07--  https://blogger.googleusercontent.com/img/b/R29vZ2xl/AVvXsEi-pUv5_IsG2rvJTRSzJugr7JbGYjKpVaIdSEPmoGuhbCkvBlmRsn5vwkXnsw-qrmUv0LraAZmD7wmeQ-o7t8jo9Qc8_QajiydYVqj_h3KghyphenhyphenYzdJTZtsZtDDwdV-zOxvoup0ZxvJVhky0/s320/D62722BB-BBD8-43F0-8A9D-E6EDB11E4A00.jpeg
blogger.googleusercontent.com (blogger.googleusercontent.com)|2404:6800:400b:c005::84|:443 に接続しています... 接続しました。
HTTP による接続要求を送信しました、応答を待っています... 200 OK
長さ: 16593 (16K) [image/jpeg]
‘blogger.googleusercontent.com/img/b/R29vZ2xl/AVvXsEi-pUv5_IsG2rvJTRSzJugr7JbGYjKpVaIdSEPmoGuhbCkvBlmRsn5vwkXnsw-qrmUv0LraAZmD7wmeQ-o7t8jo9Qc8_QajiydYVqj_h3KghyphenhyphenYzdJTZtsZtDDwdV-zOxvoup0ZxvJVhky0/s320/D62722BB-BBD8-43F0-8A9D-E6EDB11E4A00.jpeg’ に保存中

     0K .......... ......                                     100% 11.5M=0.001s

2026-09-16 09:21:08 (11.5 MB/s) - ‘blogger.googleusercontent.com/img/b/R29vZ2xl/AVvXsEi-pUv5_IsG2rvJTRSzJugr7JbGYjKpVaIdSEPmoGuhbCkvBlmRsn5vwkXnsw-qrmUv0LraAZmD7wmeQ-o7t8jo9Qc8_QajiydYVqj_h3KghyphenhyphenYzdJTZtsZtDDwdV-zOxvoup0ZxvJVhky0/s320/D62722BB-BBD8-43F0-8A9D-E6EDB11E4A00.jpeg’ へ保存完了 [16593/16593]

--2026-09-16 09:21:09--  https://www.tunnelpoemer.com/2019/07/blog-post_28.html
www.tunnelpoemer.com (www.tunnelpoemer.com)|2404:6800:400b:c005::79|:443 に接続しています... 接続しました。
HTTP による接続要求を送信しました、応答を待っています... 200 OK
長さ: 特定できません [text/html]
‘www.tunnelpoemer.com/2019/07/blog-post_28.html’ に保存中

     0K .......... .......... .......... .......... .......... 2.42M
    50K .....                                                  4.49M=0.02s

2026-09-16 09:21:11 (2.53 MB/s) - ‘www.tunnelpoemer.com/2019/07/blog-post_28.html’ へ保存終了 [56801]

--2026-09-16 09:21:12--  https://blogger.googleusercontent.com/img/b/R29vZ2xl/AVvXsEi1YE6IaUJz8N5APxMoRkyTQ28ElZ7edJelpsg2omA73X5EeyW7EFZXYGYK1rFaythe-adKbGceDySE-4aGErHDSGBaMXpIMGCutXW3mVw__JOuBMtXFk1i9BeMAKPOsUBobh4PBkQ1UVE/s320/20EADA54-0681-4985-9FD9-28A099F35B70.jpeg
blogger.googleusercontent.com (blogger.googleusercontent.com)|2404:6800:400b:c005::84|:443 に接続しています... 接続しました。
HTTP による接続要求を送信しました、応答を待っています... 200 OK
長さ: 15769 (15K) [image/jpeg]
‘blogger.googleusercontent.com/img/b/R29vZ2xl/AVvXsEi1YE6IaUJz8N5APxMoRkyTQ28ElZ7edJelpsg2omA73X5EeyW7EFZXYGYK1rFaythe-adKbGceDySE-4aGErHDSGBaMXpIMGCutXW3mVw__JOuBMtXFk1i9BeMAKPOsUBobh4PBkQ1UVE/s320/20EADA54-0681-4985-9FD9-28A099F35B70.jpeg’ に保存中

     0K .......... .....                                      100% 13.8M=0.001s

2026-09-16 09:21:15 (13.8 MB/s) - ‘blogger.googleusercontent.com/img/b/R29vZ2xl/AVvXsEi1YE6IaUJz8N5APxMoRkyTQ28ElZ7edJelpsg2omA73X5EeyW7EFZXYGYK1rFaythe-adKbGceDySE-4aGErHDSGBaMXpIMGCutXW3mVw__JOuBMtXFk1i9BeMAKPOsUBobh4PBkQ1UVE/s320/20EADA54-0681-4985-9FD9-28A099F35B70.jpeg’ へ保存完了 [15769/15769]

--2026-09-16 09:21:16--  https://www.tunnelpoemer.com/2019/07/blog-post_4.html
www.tunnelpoemer.com (www.tunnelpoemer.com)|2404:6800:400b:c005::79|:443 に接続しています... 接続しました。
HTTP による接続要求を送信しました、応答を待っています... 200 OK
長さ: 特定できません [text/html]
‘www.tunnelpoemer.com/2019/07/blog-post_4.html’ に保存中

     0K .......... .......... .......... .......... .......... 2.35M
    50K .....                                                  16.4M=0.02s

2026-09-16 09:21:17 (2.56 MB/s) - ‘www.tunnelpoemer.com/2019/07/blog-post_4.html’ へ保存終了 [56537]

--2026-09-16 09:21:18--  https://blogger.googleusercontent.com/img/b/R29vZ2xl/AVvXsEjClcmgFriRLIGAAYjGpBNbcnjx1yERgqP5rz_qNQveiyqnAGp0tLnCXdYPQklbViMJC5Gc7Eg03ISo0OEtRnve19Nisc7B06Z7tOtHaTj_58YCYjLzJEFN4VP5doxBW07Y75ZbDVLajJQ/s320/02F5E949-3659-46AC-8F30-95D6F4E30E94.jpeg
blogger.googleusercontent.com (blogger.googleusercontent.com)|2404:6800:400b:c005::84|:443 に接続しています... 接続しました。
HTTP による接続要求を送信しました、応答を待っています... 200 OK
長さ: 26829 (26K) [image/jpeg]
‘blogger.googleusercontent.com/img/b/R29vZ2xl/AVvXsEjClcmgFriRLIGAAYjGpBNbcnjx1yERgqP5rz_qNQveiyqnAGp0tLnCXdYPQklbViMJC5Gc7Eg03ISo0OEtRnve19Nisc7B06Z7tOtHaTj_58YCYjLzJEFN4VP5doxBW07Y75ZbDVLajJQ/s320/02F5E949-3659-46AC-8F30-95D6F4E30E94.jpeg’ に保存中

     0K .......... .......... ......                          100% 2.04M=0.01s

2026-09-16 09:21:19 (2.04 MB/s) - ‘blogger.googleusercontent.com/img/b/R29vZ2xl/AVvXsEjClcmgFriRLIGAAYjGpBNbcnjx1yERgqP5rz_qNQveiyqnAGp0tLnCXdYPQklbViMJC5Gc7Eg03ISo0OEtRnve19Nisc7B06Z7tOtHaTj_58YCYjLzJEFN4VP5doxBW07Y75ZbDVLajJQ/s320/02F5E949-3659-46AC-8F30-95D6F4E30E94.jpeg’ へ保存完了 [26829/26829]

--2026-09-16 09:21:20--  https://www.tunnelpoemer.com/2019/07/blog-post_6.html
www.tunnelpoemer.com (www.tunnelpoemer.com)|2404:6800:400b:c005::79|:443 に接続しています... 接続しました。
HTTP による接続要求を送信しました、応答を待っています... 200 OK
長さ: 特定できません [text/html]
‘www.tunnelpoemer.com/2019/07/blog-post_6.html’ に保存中

     0K .......... .......... .......... .......... .......... 2.35M
    50K .....                                                  9.56M=0.02s

2026-09-16 09:21:21 (2.52 MB/s) - ‘www.tunnelpoemer.com/2019/07/blog-post_6.html’ へ保存終了 [56362]

--2026-09-16 09:21:22--  https://blogger.googleusercontent.com/img/b/R29vZ2xl/AVvXsEhFf7UKf6dMdUkzFC43dNA6R0clbAgZIWWZnksfc8zUA2PZsMBzqWBkZngXIbkWkAIQzQPDOW8vXOcAZ5_ob7hsyKX17kBFtFaDt35NCtF0fHCWDiPKB7Bc5_yHoGDUdBgRO1IvEo798fI/s320/79B1183B-30C1-4267-83B8-389D63E9EBC8.jpeg
blogger.googleusercontent.com (blogger.googleusercontent.com)|2404:6800:400b:c005::84|:443 に接続しています... 接続しました。
HTTP による接続要求を送信しました、応答を待っています... 200 OK
長さ: 16993 (17K) [image/jpeg]
‘blogger.googleusercontent.com/img/b/R29vZ2xl/AVvXsEhFf7UKf6dMdUkzFC43dNA6R0clbAgZIWWZnksfc8zUA2PZsMBzqWBkZngXIbkWkAIQzQPDOW8vXOcAZ5_ob7hsyKX17kBFtFaDt35NCtF0fHCWDiPKB7Bc5_yHoGDUdBgRO1IvEo798fI/s320/79B1183B-30C1-4267-83B8-389D63E9EBC8.jpeg’ に保存中

     0K .......... ......                                     100%  310K=0.05s

2026-09-16 09:21:24 (310 KB/s) - ‘blogger.googleusercontent.com/img/b/R29vZ2xl/AVvXsEhFf7UKf6dMdUkzFC43dNA6R0clbAgZIWWZnksfc8zUA2PZsMBzqWBkZngXIbkWkAIQzQPDOW8vXOcAZ5_ob7hsyKX17kBFtFaDt35NCtF0fHCWDiPKB7Bc5_yHoGDUdBgRO1IvEo798fI/s320/79B1183B-30C1-4267-83B8-389D63E9EBC8.jpeg’ へ保存完了 [16993/16993]

--2026-09-16 09:21:25--  https://www.tunnelpoemer.com/2019/07/blog-post_77.html
www.tunnelpoemer.com (www.tunnelpoemer.com)|2404:6800:400b:c005::79|:443 に接続しています... 接続しました。
HTTP による接続要求を送信しました、応答を待っています... 200 OK
長さ: 特定できません [text/html]
‘www.tunnelpoemer.com/2019/07/blog-post_77.html’ に保存中

     0K .......... .......... .......... .......... .......... 2.59M
    50K .....                                                  5.00M=0.02s

2026-09-16 09:21:29 (2.72 MB/s) - ‘www.tunnelpoemer.com/2019/07/blog-post_77.html’ へ保存終了 [56645]

--2026-09-16 09:21:30--  https://blogger.googleusercontent.com/img/b/R29vZ2xl/AVvXsEj3ZVcg-B94gmyoR3wUE-4Kj4YGLJDdmM0gK6FyM5ECBEU-yltQj2OHNn5xF0Qp1buDmXElzEkxFAZYoCbc8ZC1BelOuZJYYRwGSeOY9e0HSm0ABzbGV3d0Kaw-myd3dBYcUh3O7rXgouk/s320/FA5585D5-8040-40D6-BD35-16027CA4B9E9.jpeg
blogger.googleusercontent.com (blogger.googleusercontent.com)|2404:6800:400b:c005::84|:443 に接続しています... 接続しました。
HTTP による接続要求を送信しました、応答を待っています... 200 OK
長さ: 20983 (20K) [image/jpeg]
‘blogger.googleusercontent.com/img/b/R29vZ2xl/AVvXsEj3ZVcg-B94gmyoR3wUE-4Kj4YGLJDdmM0gK6FyM5ECBEU-yltQj2OHNn5xF0Qp1buDmXElzEkxFAZYoCbc8ZC1BelOuZJYYRwGSeOY9e0HSm0ABzbGV3d0Kaw-myd3dBYcUh3O7rXgouk/s320/FA5585D5-8040-40D6-BD35-16027CA4B9E9.jpeg’ に保存中

     0K .......... ..........                                 100% 11.5M=0.002s

2026-09-16 09:21:32 (11.5 MB/s) - ‘blogger.googleusercontent.com/img/b/R29vZ2xl/AVvXsEj3ZVcg-B94gmyoR3wUE-4Kj4YGLJDdmM0gK6FyM5ECBEU-yltQj2OHNn5xF0Qp1buDmXElzEkxFAZYoCbc8ZC1BelOuZJYYRwGSeOY9e0HSm0ABzbGV3d0Kaw-myd3dBYcUh3O7rXgouk/s320/FA5585D5-8040-40D6-BD35-16027CA4B9E9.jpeg’ へ保存完了 [20983/20983]

--2026-09-16 09:21:33--  https://www.tunnelpoemer.com/2019/07/blog-post_9.html
www.tunnelpoemer.com (www.tunnelpoemer.com)|2404:6800:400b:c005::79|:443 に接続しています... 接続しました。
HTTP による接続要求を送信しました、応答を待っています... 200 OK
長さ: 特定できません [text/html]
‘www.tunnelpoemer.com/2019/07/blog-post_9.html’ に保存中

     0K .......... .......... .......... .......... .......... 1.39M
    50K .....                                                  7.08M=0.04s

2026-09-16 09:21:34 (1.51 MB/s) - ‘www.tunnelpoemer.com/2019/07/blog-post_9.html’ へ保存終了 [56590]

--2026-09-16 09:21:35--  https://blogger.googleusercontent.com/img/b/R29vZ2xl/AVvXsEiHekpbdH34FyrgrCm2iPGumaYjpslb402McrvRAP5V-l8Odg_hH7TpWFw9_9r93V2UbYR5FIVdNO50ajzLM71IQ6HK-34S6i6lZQmCaHso5cLjEZnJXYEmixhkslHyPqk2_pup9cY12E0/s320/4A4C49C4-72E0-495C-A218-C5BC54E0F2A0.jpeg
blogger.googleusercontent.com (blogger.googleusercontent.com)|2404:6800:400b:c005::84|:443 に接続しています... 接続しました。
HTTP による接続要求を送信しました、応答を待っています... 200 OK
長さ: 19385 (19K) [image/jpeg]
‘blogger.googleusercontent.com/img/b/R29vZ2xl/AVvXsEiHekpbdH34FyrgrCm2iPGumaYjpslb402McrvRAP5V-l8Odg_hH7TpWFw9_9r93V2UbYR5FIVdNO50ajzLM71IQ6HK-34S6i6lZQmCaHso5cLjEZnJXYEmixhkslHyPqk2_pup9cY12E0/s320/4A4C49C4-72E0-495C-A218-C5BC54E0F2A0.jpeg’ に保存中

     0K .......... ........                                   100% 8.29M=0.002s

2026-09-16 09:21:37 (8.29 MB/s) - ‘blogger.googleusercontent.com/img/b/R29vZ2xl/AVvXsEiHekpbdH34FyrgrCm2iPGumaYjpslb402McrvRAP5V-l8Odg_hH7TpWFw9_9r93V2UbYR5FIVdNO50ajzLM71IQ6HK-34S6i6lZQmCaHso5cLjEZnJXYEmixhkslHyPqk2_pup9cY12E0/s320/4A4C49C4-72E0-495C-A218-C5BC54E0F2A0.jpeg’ へ保存完了 [19385/19385]

--2026-09-16 09:21:38--  https://www.tunnelpoemer.com/2019/07/blog-post.html
www.tunnelpoemer.com (www.tunnelpoemer.com)|2404:6800:400b:c005::79|:443 に接続しています... 接続しました。
HTTP による接続要求を送信しました、応答を待っています... 200 OK
長さ: 特定できません [text/html]
‘www.tunnelpoemer.com/2019/07/blog-post.html’ に保存中

     0K .......... .......... .......... .......... .......... 1.69M
    50K ....                                                   9.36M=0.03s

2026-09-16 09:21:40 (1.82 MB/s) - ‘www.tunnelpoemer.com/2019/07/blog-post.html’ へ保存終了 [56109]

--2026-09-16 09:21:41--  https://blogger.googleusercontent.com/img/b/R29vZ2xl/AVvXsEhysHsUH3ZQlFE5kHqSRmOBgQoYKDFnz0HpV8wxmKEp1hraGhfCBcwaJAmeAtliR4bQcqAZeCC8DUZhaGGaDwtnKJrLOhl5TYop0msrOx2QCuv5EYz-6qM7_nGa0LCnXJMxHll2u3jAVoM/s320/53CD2295-6BE5-4EC4-BD43-32C4C8EF30C7.jpeg
blogger.googleusercontent.com (blogger.googleusercontent.com)|2404:6800:400b:c005::84|:443 に接続しています... 接続しました。
HTTP による接続要求を送信しました、応答を待っています... 200 OK
長さ: 21977 (21K) [image/jpeg]
‘blogger.googleusercontent.com/img/b/R29vZ2xl/AVvXsEhysHsUH3ZQlFE5kHqSRmOBgQoYKDFnz0HpV8wxmKEp1hraGhfCBcwaJAmeAtliR4bQcqAZeCC8DUZhaGGaDwtnKJrLOhl5TYop0msrOx2QCuv5EYz-6qM7_nGa0LCnXJMxHll2u3jAVoM/s320/53CD2295-6BE5-4EC4-BD43-32C4C8EF30C7.jpeg’ に保存中

     0K .......... .......... .                               100% 2.22M=0.009s

2026-09-16 09:21:42 (2.22 MB/s) - ‘blogger.googleusercontent.com/img/b/R29vZ2xl/AVvXsEhysHsUH3ZQlFE5kHqSRmOBgQoYKDFnz0HpV8wxmKEp1hraGhfCBcwaJAmeAtliR4bQcqAZeCC8DUZhaGGaDwtnKJrLOhl5TYop0msrOx2QCuv5EYz-6qM7_nGa0LCnXJMxHll2u3jAVoM/s320/53CD2295-6BE5-4EC4-BD43-32C4C8EF30C7.jpeg’ へ保存完了 [21977/21977]

--2026-09-16 09:21:43--  https://www.tunnelpoemer.com/2019/07/pakurimura.html
www.tunnelpoemer.com (www.tunnelpoemer.com)|2404:6800:400b:c005::79|:443 に接続しています... 接続しました。
HTTP による接続要求を送信しました、応答を待っています... 200 OK
長さ: 特定できません [text/html]
‘www.tunnelpoemer.com/2019/07/pakurimura.html’ に保存中

     0K .......... .......... .......... .......... .......... 1.93M
    50K .....                                                  3.18M=0.03s

2026-09-16 09:21:44 (2.00 MB/s) - ‘www.tunnelpoemer.com/2019/07/pakurimura.html’ へ保存終了 [56413]

--2026-09-16 09:21:45--  https://blogger.googleusercontent.com/img/b/R29vZ2xl/AVvXsEhLc5GShWDOES3tWrrzqOPTh5CuAosRtpQ73IgA8cr14D6N96C0c8PLN9rlqmodf73LNPrKLfWzG9LAXJUqetFbxG1xDzpjQW39joNTEqeXp6rVYb6YIB-v0irRQcCnjxHhl08hyphenhyphen8uDjmE/s320/9447BC4B-68DC-4CB2-A42D-D2FF7EDE4751.jpeg
blogger.googleusercontent.com (blogger.googleusercontent.com)|2404:6800:400b:c005::84|:443 に接続しています... 接続しました。
HTTP による接続要求を送信しました、応答を待っています... 200 OK
長さ: 17701 (17K) [image/jpeg]
‘blogger.googleusercontent.com/img/b/R29vZ2xl/AVvXsEhLc5GShWDOES3tWrrzqOPTh5CuAosRtpQ73IgA8cr14D6N96C0c8PLN9rlqmodf73LNPrKLfWzG9LAXJUqetFbxG1xDzpjQW39joNTEqeXp6rVYb6YIB-v0irRQcCnjxHhl08hyphenhyphen8uDjmE/s320/9447BC4B-68DC-4CB2-A42D-D2FF7EDE4751.jpeg’ に保存中

     0K .......... .......                                    100% 9.10M=0.002s

2026-09-16 09:21:47 (9.10 MB/s) - ‘blogger.googleusercontent.com/img/b/R29vZ2xl/AVvXsEhLc5GShWDOES3tWrrzqOPTh5CuAosRtpQ73IgA8cr14D6N96C0c8PLN9rlqmodf73LNPrKLfWzG9LAXJUqetFbxG1xDzpjQW39joNTEqeXp6rVYb6YIB-v0irRQcCnjxHhl08hyphenhyphen8uDjmE/s320/9447BC4B-68DC-4CB2-A42D-D2FF7EDE4751.jpeg’ へ保存完了 [17701/17701]

--2026-09-16 09:21:48--  https://www.tunnelpoemer.com/2019/08/1012f.html
www.tunnelpoemer.com (www.tunnelpoemer.com)|2404:6800:400b:c005::79|:443 に接続しています... 接続しました。
HTTP による接続要求を送信しました、応答を待っています... 200 OK
長さ: 特定できません [text/html]
‘www.tunnelpoemer.com/2019/08/1012f.html’ に保存中

     0K .......... .......... .......... .......... .......... 2.67M
    50K ....                                                   6.58M=0.02s

2026-09-16 09:21:49 (2.80 MB/s) - ‘www.tunnelpoemer.com/2019/08/1012f.html’ へ保存終了 [55498]

--2026-09-16 09:21:50--  https://blogger.googleusercontent.com/img/b/R29vZ2xl/AVvXsEiE0a4CYVuoy2EL0bRNjVlqI2NH7QlqGWyKK5wUe-kchYowUXhGxtQQC34Y7YtlsOqG1TyXIlHrng8c7GBcKwZd-rXFbag0pBYsWfFlY4J59JyqEzMkmCbdpqaxHs6e_zFS4MIDzH_thGs/s320/40F5E49D-24DF-40D7-A52D-E477F8BF2E81.jpeg
blogger.googleusercontent.com (blogger.googleusercontent.com)|2404:6800:400b:c005::84|:443 に接続しています... 接続しました。
HTTP による接続要求を送信しました、応答を待っています... 200 OK
長さ: 40049 (39K) [image/jpeg]
‘blogger.googleusercontent.com/img/b/R29vZ2xl/AVvXsEiE0a4CYVuoy2EL0bRNjVlqI2NH7QlqGWyKK5wUe-kchYowUXhGxtQQC34Y7YtlsOqG1TyXIlHrng8c7GBcKwZd-rXFbag0pBYsWfFlY4J59JyqEzMkmCbdpqaxHs6e_zFS4MIDzH_thGs/s320/40F5E49D-24DF-40D7-A52D-E477F8BF2E81.jpeg’ に保存中

     0K .......... .......... .......... .........            100% 3.25M=0.01s

2026-09-16 09:21:52 (3.25 MB/s) - ‘blogger.googleusercontent.com/img/b/R29vZ2xl/AVvXsEiE0a4CYVuoy2EL0bRNjVlqI2NH7QlqGWyKK5wUe-kchYowUXhGxtQQC34Y7YtlsOqG1TyXIlHrng8c7GBcKwZd-rXFbag0pBYsWfFlY4J59JyqEzMkmCbdpqaxHs6e_zFS4MIDzH_thGs/s320/40F5E49D-24DF-40D7-A52D-E477F8BF2E81.jpeg’ へ保存完了 [40049/40049]

--2026-09-16 09:21:53--  https://www.tunnelpoemer.com/2019/08/13.html
www.tunnelpoemer.com (www.tunnelpoemer.com)|2404:6800:400b:c005::79|:443 に接続しています... 接続しました。
HTTP による接続要求を送信しました、応答を待っています... 200 OK
長さ: 特定できません [text/html]
‘www.tunnelpoemer.com/2019/08/13.html’ に保存中

     0K .......... .......... .......... .......... .......... 3.03M
    50K ....                                                   4.89M=0.02s

2026-09-16 09:21:54 (3.12 MB/s) - ‘www.tunnelpoemer.com/2019/08/13.html’ へ保存終了 [55701]

--2026-09-16 09:21:55--  https://blogger.googleusercontent.com/img/b/R29vZ2xl/AVvXsEjkiaL6yyYl6ckuj6DRVXB-WH8hOQb7vYu3HHXTAV1vm3rQ7YeJ5xmc3sWYgIU8dBb2yYBEMrJ-aNOpMnFi89kh5Pn2kckR4mtqYI2aqCmijqq_hxk_t3Am0LWuwRo8f4j7TKga_96DV90/s320/AD118DF6-E237-43B3-A3AC-6D288CEE0F31.jpeg
blogger.googleusercontent.com (blogger.googleusercontent.com)|2404:6800:400b:c005::84|:443 に接続しています... 接続しました。
HTTP による接続要求を送信しました、応答を待っています... 200 OK
長さ: 23273 (23K) [image/jpeg]
‘blogger.googleusercontent.com/img/b/R29vZ2xl/AVvXsEjkiaL6yyYl6ckuj6DRVXB-WH8hOQb7vYu3HHXTAV1vm3rQ7YeJ5xmc3sWYgIU8dBb2yYBEMrJ-aNOpMnFi89kh5Pn2kckR4mtqYI2aqCmijqq_hxk_t3Am0LWuwRo8f4j7TKga_96DV90/s320/AD118DF6-E237-43B3-A3AC-6D288CEE0F31.jpeg’ に保存中

     0K .......... .......... ..                              100% 3.49M=0.006s

2026-09-16 09:21:57 (3.49 MB/s) - ‘blogger.googleusercontent.com/img/b/R29vZ2xl/AVvXsEjkiaL6yyYl6ckuj6DRVXB-WH8hOQb7vYu3HHXTAV1vm3rQ7YeJ5xmc3sWYgIU8dBb2yYBEMrJ-aNOpMnFi89kh5Pn2kckR4mtqYI2aqCmijqq_hxk_t3Am0LWuwRo8f4j7TKga_96DV90/s320/AD118DF6-E237-43B3-A3AC-6D288CEE0F31.jpeg’ へ保存完了 [23273/23273]

--2026-09-16 09:21:58--  https://www.tunnelpoemer.com/2019/08/8604f.html
www.tunnelpoemer.com (www.tunnelpoemer.com)|2404:6800:400b:c005::79|:443 に接続しています... 接続しました。
HTTP による接続要求を送信しました、応答を待っています... 200 OK
長さ: 特定できません [text/html]
‘www.tunnelpoemer.com/2019/08/8604f.html’ に保存中

     0K .......... .......... .......... .......... .......... 3.14M
    50K ....                                                   3.72M=0.02s

2026-09-16 09:21:58 (3.18 MB/s) - ‘www.tunnelpoemer.com/2019/08/8604f.html’ へ保存終了 [55833]

--2026-09-16 09:21:59--  https://blogger.googleusercontent.com/img/b/R29vZ2xl/AVvXsEhbD71tErnrMGJ98x81jXDmpDy5ux6kqQRa9nwte2ry0v5uyY6nRIx31dlVSBAC9Nh_CL8v-a7kFsSKdXaXtz0UEuNcixakmtzYhI25lTDzJB6ikYfx3CZXgZygoRPGBzZocA9s2wqVDAU/s320/E7D80135-EA15-42FB-95CE-091EBDC65F21.jpeg
blogger.googleusercontent.com (blogger.googleusercontent.com)|2404:6800:400b:c005::84|:443 に接続しています... 接続しました。
HTTP による接続要求を送信しました、応答を待っています... 200 OK
長さ: 22969 (22K) [image/jpeg]
‘blogger.googleusercontent.com/img/b/R29vZ2xl/AVvXsEhbD71tErnrMGJ98x81jXDmpDy5ux6kqQRa9nwte2ry0v5uyY6nRIx31dlVSBAC9Nh_CL8v-a7kFsSKdXaXtz0UEuNcixakmtzYhI25lTDzJB6ikYfx3CZXgZygoRPGBzZocA9s2wqVDAU/s320/E7D80135-EA15-42FB-95CE-091EBDC65F21.jpeg’ に保存中

     0K .......... .......... ..                              100% 3.43M=0.006s

2026-09-16 09:22:01 (3.43 MB/s) - ‘blogger.googleusercontent.com/img/b/R29vZ2xl/AVvXsEhbD71tErnrMGJ98x81jXDmpDy5ux6kqQRa9nwte2ry0v5uyY6nRIx31dlVSBAC9Nh_CL8v-a7kFsSKdXaXtz0UEuNcixakmtzYhI25lTDzJB6ikYfx3CZXgZygoRPGBzZocA9s2wqVDAU/s320/E7D80135-EA15-42FB-95CE-091EBDC65F21.jpeg’ へ保存完了 [22969/22969]

--2026-09-16 09:22:02--  https://www.tunnelpoemer.com/2019/08/blog-post_13.html
www.tunnelpoemer.com (www.tunnelpoemer.com)|2404:6800:400b:c005::79|:443 に接続しています... 接続しました。
HTTP による接続要求を送信しました、応答を待っています... 200 OK
長さ: 特定できません [text/html]
‘www.tunnelpoemer.com/2019/08/blog-post_13.html’ に保存中

     0K .......... .......... .......... .......... .......... 2.57M
    50K .....                                                  3.90M=0.02s

2026-09-16 09:22:03 (2.66 MB/s) - ‘www.tunnelpoemer.com/2019/08/blog-post_13.html’ へ保存終了 [56834]

--2026-09-16 09:22:04--  https://blogger.googleusercontent.com/img/b/R29vZ2xl/AVvXsEjlFTkBAruVoyn-se1SsOKuxPgH6v8ZA1dOkDk9lqM66fpHDE9RTDa-cckMLgGiqTYUxSGMJHWN0a8IKpbkV1hoegP_ExKSCJkrzVa81B7WCxoAqCq6kjYJqg8AwDYadAZHhrA1pcNXy_Q/s320/DSCF7287.JPG
blogger.googleusercontent.com (blogger.googleusercontent.com)|2404:6800:400b:c005::84|:443 に接続しています... 接続しました。
HTTP による接続要求を送信しました、応答を待っています... 200 OK
長さ: 46858 (46K) [image/jpeg]
‘blogger.googleusercontent.com/img/b/R29vZ2xl/AVvXsEjlFTkBAruVoyn-se1SsOKuxPgH6v8ZA1dOkDk9lqM66fpHDE9RTDa-cckMLgGiqTYUxSGMJHWN0a8IKpbkV1hoegP_ExKSCJkrzVa81B7WCxoAqCq6kjYJqg8AwDYadAZHhrA1pcNXy_Q/s320/DSCF7287.JPG’ に保存中

     0K .......... .......... .......... .......... .....     100% 3.29M=0.01s

2026-09-16 09:22:06 (3.29 MB/s) - ‘blogger.googleusercontent.com/img/b/R29vZ2xl/AVvXsEjlFTkBAruVoyn-se1SsOKuxPgH6v8ZA1dOkDk9lqM66fpHDE9RTDa-cckMLgGiqTYUxSGMJHWN0a8IKpbkV1hoegP_ExKSCJkrzVa81B7WCxoAqCq6kjYJqg8AwDYadAZHhrA1pcNXy_Q/s320/DSCF7287.JPG’ へ保存完了 [46858/46858]

--2026-09-16 09:22:07--  https://www.tunnelpoemer.com/2019/08/blog-post_14.html
www.tunnelpoemer.com (www.tunnelpoemer.com)|2404:6800:400b:c005::79|:443 に接続しています... 接続しました。
HTTP による接続要求を送信しました、応答を待っています... 200 OK
長さ: 特定できません [text/html]
‘www.tunnelpoemer.com/2019/08/blog-post_14.html’ に保存中

     0K .......... .......... .......... .......... .......... 1.29M
    50K ....                                                   2.13M=0.04s

2026-09-16 09:22:09 (1.34 MB/s) - ‘www.tunnelpoemer.com/2019/08/blog-post_14.html’ へ保存終了 [55946]

--2026-09-16 09:22:10--  https://blogger.googleusercontent.com/img/b/R29vZ2xl/AVvXsEgoSflqjP73AVDvMqusCuWRkbGzg552ffmcYbM8H1BklOq5XE4lra0u8D_BeUuKsrW88rpZD6awfvx9eINbhrAfB2XEsPsaM0oyag5EntyS9mmI4mSwrOIJBrKQ3mKU9Sa2k9s7ULySJZY/s320/15AF7869-EA48-4317-974F-85317A276C52.jpeg
blogger.googleusercontent.com (blogger.googleusercontent.com)|2404:6800:400b:c005::84|:443 に接続しています... 接続しました。
HTTP による接続要求を送信しました、応答を待っています... 200 OK
長さ: 19348 (19K) [image/jpeg]
‘blogger.googleusercontent.com/img/b/R29vZ2xl/AVvXsEgoSflqjP73AVDvMqusCuWRkbGzg552ffmcYbM8H1BklOq5XE4lra0u8D_BeUuKsrW88rpZD6awfvx9eINbhrAfB2XEsPsaM0oyag5EntyS9mmI4mSwrOIJBrKQ3mKU9Sa2k9s7ULySJZY/s320/15AF7869-EA48-4317-974F-85317A276C52.jpeg’ に保存中

     0K .......... ........                                   100% 8.26M=0.002s

2026-09-16 09:22:11 (8.26 MB/s) - ‘blogger.googleusercontent.com/img/b/R29vZ2xl/AVvXsEgoSflqjP73AVDvMqusCuWRkbGzg552ffmcYbM8H1BklOq5XE4lra0u8D_BeUuKsrW88rpZD6awfvx9eINbhrAfB2XEsPsaM0oyag5EntyS9mmI4mSwrOIJBrKQ3mKU9Sa2k9s7ULySJZY/s320/15AF7869-EA48-4317-974F-85317A276C52.jpeg’ へ保存完了 [19348/19348]

--2026-09-16 09:22:12--  https://www.tunnelpoemer.com/2019/08/blog-post_18.html
www.tunnelpoemer.com (www.tunnelpoemer.com)|2404:6800:400b:c005::79|:443 に接続しています... 接続しました。
HTTP による接続要求を送信しました、応答を待っています... 200 OK
長さ: 特定できません [text/html]
‘www.tunnelpoemer.com/2019/08/blog-post_18.html’ に保存中

     0K .......... .......... .......... .......... .......... 2.08M
    50K ....                                                   6.56M=0.02s

2026-09-16 09:22:14 (2.21 MB/s) - ‘www.tunnelpoemer.com/2019/08/blog-post_18.html’ へ保存終了 [55787]

--2026-09-16 09:22:15--  https://blogger.googleusercontent.com/img/b/R29vZ2xl/AVvXsEjNF7bCVoPsim1ezcKFFovpshoauo_iJbpocd-EPFzNOvceWJUiyi6UknsWoeOdmxx-33PqnTHRF9oNNbHEbYQWQggs4m8erwPRtBXxibFwOb9LHxGDoXEoFPPdv7HjXzC8pjyH5oQW_2Y/s320/D3F39AEC-7A7A-49DB-BA6D-0AA1CF46B15B.jpeg
blogger.googleusercontent.com (blogger.googleusercontent.com)|2404:6800:400b:c005::84|:443 に接続しています... 接続しました。
HTTP による接続要求を送信しました、応答を待っています... 200 OK
長さ: 29356 (29K) [image/jpeg]
‘blogger.googleusercontent.com/img/b/R29vZ2xl/AVvXsEjNF7bCVoPsim1ezcKFFovpshoauo_iJbpocd-EPFzNOvceWJUiyi6UknsWoeOdmxx-33PqnTHRF9oNNbHEbYQWQggs4m8erwPRtBXxibFwOb9LHxGDoXEoFPPdv7HjXzC8pjyH5oQW_2Y/s320/D3F39AEC-7A7A-49DB-BA6D-0AA1CF46B15B.jpeg’ に保存中

     0K .......... .......... ........                        100% 3.30M=0.008s

2026-09-16 09:22:17 (3.30 MB/s) - ‘blogger.googleusercontent.com/img/b/R29vZ2xl/AVvXsEjNF7bCVoPsim1ezcKFFovpshoauo_iJbpocd-EPFzNOvceWJUiyi6UknsWoeOdmxx-33PqnTHRF9oNNbHEbYQWQggs4m8erwPRtBXxibFwOb9LHxGDoXEoFPPdv7HjXzC8pjyH5oQW_2Y/s320/D3F39AEC-7A7A-49DB-BA6D-0AA1CF46B15B.jpeg’ へ保存完了 [29356/29356]

--2026-09-16 09:22:18--  https://www.tunnelpoemer.com/2019/08/blog-post_20.html
www.tunnelpoemer.com (www.tunnelpoemer.com)|2404:6800:400b:c005::79|:443 に接続しています... 接続しました。
HTTP による接続要求を送信しました、応答を待っています... 200 OK
長さ: 特定できません [text/html]
‘www.tunnelpoemer.com/2019/08/blog-post_20.html’ に保存中

     0K .......... .......... .......... .......... ..........  566K
    50K ....                                                   1.47M=0.09s

2026-09-16 09:22:19 (598 KB/s) - ‘www.tunnelpoemer.com/2019/08/blog-post_20.html’ へ保存終了 [56019]

--2026-09-16 09:22:20--  https://blogger.googleusercontent.com/img/b/R29vZ2xl/AVvXsEgi6B3jGmEKQEKJQQsmq7_NRVyQ6NNWCNaeZlyOE9z5YAlxK5H9e9KKz2LmqC2YUQWQOjNuGnNAqbu_-InVb_FTwJV9AGC1Q4i63IuxkzsCsS1Zc6idHF59pOEectPmLLY7NQyIbKHqnrk/s320/73AA8552-152E-49E9-8B0A-8646D7596197.jpeg
blogger.googleusercontent.com (blogger.googleusercontent.com)|2404:6800:400b:c005::84|:443 に接続しています... 接続しました。
HTTP による接続要求を送信しました、応答を待っています... 200 OK
長さ: 34807 (34K) [image/jpeg]
‘blogger.googleusercontent.com/img/b/R29vZ2xl/AVvXsEgi6B3jGmEKQEKJQQsmq7_NRVyQ6NNWCNaeZlyOE9z5YAlxK5H9e9KKz2LmqC2YUQWQOjNuGnNAqbu_-InVb_FTwJV9AGC1Q4i63IuxkzsCsS1Zc6idHF59pOEectPmLLY7NQyIbKHqnrk/s320/73AA8552-152E-49E9-8B0A-8646D7596197.jpeg’ に保存中

     0K .......... .......... .......... ...                  100%  963K=0.04s

2026-09-16 09:22:22 (963 KB/s) - ‘blogger.googleusercontent.com/img/b/R29vZ2xl/AVvXsEgi6B3jGmEKQEKJQQsmq7_NRVyQ6NNWCNaeZlyOE9z5YAlxK5H9e9KKz2LmqC2YUQWQOjNuGnNAqbu_-InVb_FTwJV9AGC1Q4i63IuxkzsCsS1Zc6idHF59pOEectPmLLY7NQyIbKHqnrk/s320/73AA8552-152E-49E9-8B0A-8646D7596197.jpeg’ へ保存完了 [34807/34807]

--2026-09-16 09:22:23--  https://www.tunnelpoemer.com/2019/08/blog-post_25.html
www.tunnelpoemer.com (www.tunnelpoemer.com)|2404:6800:400b:c005::79|:443 に接続しています... 接続しました。
HTTP による接続要求を送信しました、応答を待っています... 200 OK
長さ: 特定できません [text/html]
‘www.tunnelpoemer.com/2019/08/blog-post_25.html’ に保存中

     0K .......... .......... .......... .......... .......... 2.59M
    50K ....                                                   3.01M=0.02s

2026-09-16 09:22:24 (2.62 MB/s) - ‘www.tunnelpoemer.com/2019/08/blog-post_25.html’ へ保存終了 [55993]

--2026-09-16 09:22:25--  https://blogger.googleusercontent.com/img/b/R29vZ2xl/AVvXsEh0svB-YgxwqNGpA67E1uYZ80IyY6t2MbwpCfZquVwoswIBqUvGZaAHr5YsaJAFgw2AkLMz_5slUY-6lWodvhC46TleTRqlX2sxgmm2657hPS7YtwBmZvvELWt-lpkXSYuFvX641c__Fgg/s320/32EC10A6-90D5-4492-872A-84CD14AB0A95.jpeg
blogger.googleusercontent.com (blogger.googleusercontent.com)|2404:6800:400b:c005::84|:443 に接続しています... 接続しました。
HTTP による接続要求を送信しました、応答を待っています... 200 OK
長さ: 12220 (12K) [image/jpeg]
‘blogger.googleusercontent.com/img/b/R29vZ2xl/AVvXsEh0svB-YgxwqNGpA67E1uYZ80IyY6t2MbwpCfZquVwoswIBqUvGZaAHr5YsaJAFgw2AkLMz_5slUY-6lWodvhC46TleTRqlX2sxgmm2657hPS7YtwBmZvvELWt-lpkXSYuFvX641c__Fgg/s320/32EC10A6-90D5-4492-872A-84CD14AB0A95.jpeg’ に保存中

     0K .......... .                                          100% 12.0M=0.001s

2026-09-16 09:22:27 (12.0 MB/s) - ‘blogger.googleusercontent.com/img/b/R29vZ2xl/AVvXsEh0svB-YgxwqNGpA67E1uYZ80IyY6t2MbwpCfZquVwoswIBqUvGZaAHr5YsaJAFgw2AkLMz_5slUY-6lWodvhC46TleTRqlX2sxgmm2657hPS7YtwBmZvvELWt-lpkXSYuFvX641c__Fgg/s320/32EC10A6-90D5-4492-872A-84CD14AB0A95.jpeg’ へ保存完了 [12220/12220]

--2026-09-16 09:22:28--  https://www.tunnelpoemer.com/2019/08/blog-post_28.html
www.tunnelpoemer.com (www.tunnelpoemer.com)|2404:6800:400b:c005::79|:443 に接続しています... 接続しました。
HTTP による接続要求を送信しました、応答を待っています... 200 OK
長さ: 特定できません [text/html]
‘www.tunnelpoemer.com/2019/08/blog-post_28.html’ に保存中

     0K .......... .......... .......... .......... .......... 3.38M
    50K ....                                                   10.2M=0.01s

2026-09-16 09:22:28 (3.56 MB/s) - ‘www.tunnelpoemer.com/2019/08/blog-post_28.html’ へ保存終了 [55536]

--2026-09-16 09:22:29--  https://blogger.googleusercontent.com/img/b/R29vZ2xl/AVvXsEgR4HQlVgrCJ_RyGLNsg3EdYfahEVsCCrh_tn-qIQE5xhSKVTklw5Usozg-ow7M06HCroGHOCdsdCsayIro5mTvi4vODqhbnL4spkyOkEyTcGVKsv_0tryf40F_2QYY-WPOAxiFiFdUUxE/s320/E984435E-0D54-41FF-A528-18ED77629305.jpeg
blogger.googleusercontent.com (blogger.googleusercontent.com)|2404:6800:400b:c005::84|:443 に接続しています... 接続しました。
HTTP による接続要求を送信しました、応答を待っています... 200 OK
長さ: 15310 (15K) [image/jpeg]
‘blogger.googleusercontent.com/img/b/R29vZ2xl/AVvXsEgR4HQlVgrCJ_RyGLNsg3EdYfahEVsCCrh_tn-qIQE5xhSKVTklw5Usozg-ow7M06HCroGHOCdsdCsayIro5mTvi4vODqhbnL4spkyOkEyTcGVKsv_0tryf40F_2QYY-WPOAxiFiFdUUxE/s320/E984435E-0D54-41FF-A528-18ED77629305.jpeg’ に保存中

     0K .......... ....                                       100% 3.82M=0.004s

2026-09-16 09:22:30 (3.82 MB/s) - ‘blogger.googleusercontent.com/img/b/R29vZ2xl/AVvXsEgR4HQlVgrCJ_RyGLNsg3EdYfahEVsCCrh_tn-qIQE5xhSKVTklw5Usozg-ow7M06HCroGHOCdsdCsayIro5mTvi4vODqhbnL4spkyOkEyTcGVKsv_0tryf40F_2QYY-WPOAxiFiFdUUxE/s320/E984435E-0D54-41FF-A528-18ED77629305.jpeg’ へ保存完了 [15310/15310]

--2026-09-16 09:22:31--  https://www.tunnelpoemer.com/2019/08/blog-post_5.html
www.tunnelpoemer.com (www.tunnelpoemer.com)|2404:6800:400b:c005::79|:443 に接続しています... 接続しました。
HTTP による接続要求を送信しました、応答を待っています... 200 OK
長さ: 特定できません [text/html]
‘www.tunnelpoemer.com/2019/08/blog-post_5.html’ に保存中

     0K .......... .......... .......... .......... .......... 1.68M
    50K ....                                                   1.68M=0.03s

2026-09-16 09:22:33 (1.68 MB/s) - ‘www.tunnelpoemer.com/2019/08/blog-post_5.html’ へ保存終了 [55948]

--2026-09-16 09:22:34--  https://blogger.googleusercontent.com/img/b/R29vZ2xl/AVvXsEgNzZ4NqVeNbfTZ9klYfRPSemjQ7FYmyNn_Sh5kghrgWGJ-1Kan8rsMgFMM2GPns7qFLlwasUG7dEPN8BzwLxVo5aGHVbQk1S-3vl1MUd9lOwqxzh_dbrdZtIIrfqreToAaqvwbnUL6A2E/s320/24CD7392-41A1-4D74-AB81-1BD7281C8D29.jpeg
blogger.googleusercontent.com (blogger.googleusercontent.com)|2404:6800:400b:c005::84|:443 に接続しています... 接続しました。
HTTP による接続要求を送信しました、応答を待っています... 200 OK
長さ: 24103 (24K) [image/jpeg]
‘blogger.googleusercontent.com/img/b/R29vZ2xl/AVvXsEgNzZ4NqVeNbfTZ9klYfRPSemjQ7FYmyNn_Sh5kghrgWGJ-1Kan8rsMgFMM2GPns7qFLlwasUG7dEPN8BzwLxVo5aGHVbQk1S-3vl1MUd9lOwqxzh_dbrdZtIIrfqreToAaqvwbnUL6A2E/s320/24CD7392-41A1-4D74-AB81-1BD7281C8D29.jpeg’ に保存中

     0K .......... .......... ...                             100% 3.78M=0.006s

2026-09-16 09:22:36 (3.78 MB/s) - ‘blogger.googleusercontent.com/img/b/R29vZ2xl/AVvXsEgNzZ4NqVeNbfTZ9klYfRPSemjQ7FYmyNn_Sh5kghrgWGJ-1Kan8rsMgFMM2GPns7qFLlwasUG7dEPN8BzwLxVo5aGHVbQk1S-3vl1MUd9lOwqxzh_dbrdZtIIrfqreToAaqvwbnUL6A2E/s320/24CD7392-41A1-4D74-AB81-1BD7281C8D29.jpeg’ へ保存完了 [24103/24103]

--2026-09-16 09:22:37--  https://www.tunnelpoemer.com/2019/08/blog-post_77.html
www.tunnelpoemer.com (www.tunnelpoemer.com)|2404:6800:400b:c005::79|:443 に接続しています... 接続しました。
HTTP による接続要求を送信しました、応答を待っています... 200 OK
長さ: 特定できません [text/html]
‘www.tunnelpoemer.com/2019/08/blog-post_77.html’ に保存中

     0K .......... .......... .......... .......... .......... 1.29M
    50K ....                                                   19.6M=0.04s

2026-09-16 09:22:39 (1.40 MB/s) - ‘www.tunnelpoemer.com/2019/08/blog-post_77.html’ へ保存終了 [55672]

--2026-09-16 09:22:40--  https://blogger.googleusercontent.com/img/b/R29vZ2xl/AVvXsEh2-OjOVwwyQmiPVsTLsq7YtIhVm9AM1jHTQnEwSAnhf-ObBFZOfcABY9_jzb4huVMNWQCzaW5ftgo53iMMU7201nXCMG4G8nm7hCadT4DGahtGCfLEWH142hYoRt5GJ-GfbQ1BJoobyDU/s320/0E260AD7-0B89-4E6D-B6E4-CA1A4E982ABA.jpeg
blogger.googleusercontent.com (blogger.googleusercontent.com)|2404:6800:400b:c005::84|:443 に接続しています... 接続しました。
HTTP による接続要求を送信しました、応答を待っています... 200 OK
長さ: 32012 (31K) [image/jpeg]
‘blogger.googleusercontent.com/img/b/R29vZ2xl/AVvXsEh2-OjOVwwyQmiPVsTLsq7YtIhVm9AM1jHTQnEwSAnhf-ObBFZOfcABY9_jzb4huVMNWQCzaW5ftgo53iMMU7201nXCMG4G8nm7hCadT4DGahtGCfLEWH142hYoRt5GJ-GfbQ1BJoobyDU/s320/0E260AD7-0B89-4E6D-B6E4-CA1A4E982ABA.jpeg’ に保存中

     0K .......... .......... .......... .                    100% 2.88M=0.01s

2026-09-16 09:22:42 (2.88 MB/s) - ‘blogger.googleusercontent.com/img/b/R29vZ2xl/AVvXsEh2-OjOVwwyQmiPVsTLsq7YtIhVm9AM1jHTQnEwSAnhf-ObBFZOfcABY9_jzb4huVMNWQCzaW5ftgo53iMMU7201nXCMG4G8nm7hCadT4DGahtGCfLEWH142hYoRt5GJ-GfbQ1BJoobyDU/s320/0E260AD7-0B89-4E6D-B6E4-CA1A4E982ABA.jpeg’ へ保存完了 [32012/32012]

--2026-09-16 09:22:43--  https://www.tunnelpoemer.com/2019/08/blog-post_9.html
www.tunnelpoemer.com (www.tunnelpoemer.com)|2404:6800:400b:c005::79|:443 に接続しています... 接続しました。
HTTP による接続要求を送信しました、応答を待っています... 200 OK
長さ: 特定できません [text/html]
‘www.tunnelpoemer.com/2019/08/blog-post_9.html’ に保存中

     0K .......... .......... .......... .......... .......... 2.99M
    50K ....                                                   8.32M=0.02s

2026-09-16 09:22:43 (3.15 MB/s) - ‘www.tunnelpoemer.com/2019/08/blog-post_9.html’ へ保存終了 [55675]

--2026-09-16 09:22:44--  https://blogger.googleusercontent.com/img/b/R29vZ2xl/AVvXsEhlmZM4jJrMwVPNhrndAzWhOVIcwuX95033qxv-_hm3AeNRFxWlkBUl50Ejn-kqfEhFr4RDEGY9f6W7ydr3c9Qw9fVZVuDCEwyiUHIM49GXEKNBUx7lHZe9VeSqB3Yo4awDlOFK1qn29tk/s320/B0D27B2D-3790-4713-902D-6AA06C0D3C76.jpeg
blogger.googleusercontent.com (blogger.googleusercontent.com)|2404:6800:400b:c005::84|:443 に接続しています... 接続しました。
HTTP による接続要求を送信しました、応答を待っています... 200 OK
長さ: 34337 (34K) [image/jpeg]
‘blogger.googleusercontent.com/img/b/R29vZ2xl/AVvXsEhlmZM4jJrMwVPNhrndAzWhOVIcwuX95033qxv-_hm3AeNRFxWlkBUl50Ejn-kqfEhFr4RDEGY9f6W7ydr3c9Qw9fVZVuDCEwyiUHIM49GXEKNBUx7lHZe9VeSqB3Yo4awDlOFK1qn29tk/s320/B0D27B2D-3790-4713-902D-6AA06C0D3C76.jpeg’ に保存中

     0K .......... .......... .......... ...                  100% 4.33M=0.008s

2026-09-16 09:22:46 (4.33 MB/s) - ‘blogger.googleusercontent.com/img/b/R29vZ2xl/AVvXsEhlmZM4jJrMwVPNhrndAzWhOVIcwuX95033qxv-_hm3AeNRFxWlkBUl50Ejn-kqfEhFr4RDEGY9f6W7ydr3c9Qw9fVZVuDCEwyiUHIM49GXEKNBUx7lHZe9VeSqB3Yo4awDlOFK1qn29tk/s320/B0D27B2D-3790-4713-902D-6AA06C0D3C76.jpeg’ へ保存完了 [34337/34337]

--2026-09-16 09:22:47--  https://www.tunnelpoemer.com/2019/08/blog-post.html
www.tunnelpoemer.com (www.tunnelpoemer.com)|2404:6800:400b:c005::79|:443 に接続しています... 接続しました。
HTTP による接続要求を送信しました、応答を待っています... 200 OK
長さ: 特定できません [text/html]
‘www.tunnelpoemer.com/2019/08/blog-post.html’ に保存中

     0K .......... .......... .......... .......... .......... 3.33M
    50K ....                                                   14.4M=0.01s

2026-09-16 09:22:48 (3.56 MB/s) - ‘www.tunnelpoemer.com/2019/08/blog-post.html’ へ保存終了 [55714]

--2026-09-16 09:22:49--  https://blogger.googleusercontent.com/img/b/R29vZ2xl/AVvXsEhDiSKN14iYnBagQNDYy2kjWEWfPg6w3w5rHQEhX_-A1rCZm5942Ey1DuwE9T4pn0MJJCdnlrOd5nzPyXpt9hCIXQwAmyl1yoyCY39P8jUzqhi6RKfrOFfDgg011x_LyZBkfKj_0dwNQYU/s320/3019967A-BFAC-45E0-9476-FB24E4F16A72.jpeg
blogger.googleusercontent.com (blogger.googleusercontent.com)|2404:6800:400b:c005::84|:443 に接続しています... 接続しました。
HTTP による接続要求を送信しました、応答を待っています... 200 OK
長さ: 35131 (34K) [image/jpeg]
‘blogger.googleusercontent.com/img/b/R29vZ2xl/AVvXsEhDiSKN14iYnBagQNDYy2kjWEWfPg6w3w5rHQEhX_-A1rCZm5942Ey1DuwE9T4pn0MJJCdnlrOd5nzPyXpt9hCIXQwAmyl1yoyCY39P8jUzqhi6RKfrOFfDgg011x_LyZBkfKj_0dwNQYU/s320/3019967A-BFAC-45E0-9476-FB24E4F16A72.jpeg’ に保存中

     0K .......... .......... .......... ....                 100% 2.65M=0.01s

2026-09-16 09:22:51 (2.65 MB/s) - ‘blogger.googleusercontent.com/img/b/R29vZ2xl/AVvXsEhDiSKN14iYnBagQNDYy2kjWEWfPg6w3w5rHQEhX_-A1rCZm5942Ey1DuwE9T4pn0MJJCdnlrOd5nzPyXpt9hCIXQwAmyl1yoyCY39P8jUzqhi6RKfrOFfDgg011x_LyZBkfKj_0dwNQYU/s320/3019967A-BFAC-45E0-9476-FB24E4F16A72.jpeg’ へ保存完了 [35131/35131]

--2026-09-16 09:22:52--  https://www.tunnelpoemer.com/2019/09/8590.html
www.tunnelpoemer.com (www.tunnelpoemer.com)|2404:6800:400b:c005::79|:443 に接続しています... 接続しました。
HTTP による接続要求を送信しました、応答を待っています... 200 OK
長さ: 特定できません [text/html]
‘www.tunnelpoemer.com/2019/09/8590.html’ に保存中

     0K .......... .......... .......... .......... .......... 1.03M
    50K ...                                                    16.1M=0.05s

2026-09-16 09:22:53 (1.11 MB/s) - ‘www.tunnelpoemer.com/2019/09/8590.html’ へ保存終了 [55242]

--2026-09-16 09:22:54--  https://blogger.googleusercontent.com/img/b/R29vZ2xl/AVvXsEjr4-aApMmS5n_obv2h5aFmKYw-okeeII9NrX76p6Ma8LBeDNw7OSCTwziewWZ8X8fsfj7wjn9anXUXlRW9F-pimnVFOjnfFhxhbblK_5K76S05tZKygl_KeUiT2edakAhGKGWTFrLqcWo/s320/0U7A2470.jpg
blogger.googleusercontent.com (blogger.googleusercontent.com)|2404:6800:400b:c005::84|:443 に接続しています... 接続しました。
HTTP による接続要求を送信しました、応答を待っています... 200 OK
長さ: 27879 (27K) [image/jpeg]
‘blogger.googleusercontent.com/img/b/R29vZ2xl/AVvXsEjr4-aApMmS5n_obv2h5aFmKYw-okeeII9NrX76p6Ma8LBeDNw7OSCTwziewWZ8X8fsfj7wjn9anXUXlRW9F-pimnVFOjnfFhxhbblK_5K76S05tZKygl_KeUiT2edakAhGKGWTFrLqcWo/s320/0U7A2470.jpg’ に保存中

     0K .......... .......... .......                         100% 3.54M=0.008s

2026-09-16 09:22:55 (3.54 MB/s) - ‘blogger.googleusercontent.com/img/b/R29vZ2xl/AVvXsEjr4-aApMmS5n_obv2h5aFmKYw-okeeII9NrX76p6Ma8LBeDNw7OSCTwziewWZ8X8fsfj7wjn9anXUXlRW9F-pimnVFOjnfFhxhbblK_5K76S05tZKygl_KeUiT2edakAhGKGWTFrLqcWo/s320/0U7A2470.jpg’ へ保存完了 [27879/27879]

--2026-09-16 09:22:56--  https://www.tunnelpoemer.com/2019/09/blog-post_1.html
www.tunnelpoemer.com (www.tunnelpoemer.com)|2404:6800:400b:c005::79|:443 に接続しています... 接続しました。
HTTP による接続要求を送信しました、応答を待っています... 200 OK
長さ: 特定できません [text/html]
‘www.tunnelpoemer.com/2019/09/blog-post_1.html’ に保存中

     0K .......... .......... .......... .......... .......... 1.25M
    50K ....                                                   15.5M=0.04s

2026-09-16 09:22:58 (1.35 MB/s) - ‘www.tunnelpoemer.com/2019/09/blog-post_1.html’ へ保存終了 [55466]

--2026-09-16 09:22:59--  https://blogger.googleusercontent.com/img/b/R29vZ2xl/AVvXsEg-mkra9lfFamRIu711A96zjz3xIn6Shi8S7zxeeuE9U3UTvoVZjbsCLGlDxPOBCewfMNC6Mi5LvlF5IxGm7f4TeyP4dkf_Pl3Ex_rv8KhXbr8df9RK0QW92PKPPIjn0tDXGJ_FSr-SWzY/s320/65EF0A92-AF6C-4AC1-B5B6-9DA361E10C24.jpeg
blogger.googleusercontent.com (blogger.googleusercontent.com)|2404:6800:400b:c005::84|:443 に接続しています... 接続しました。
HTTP による接続要求を送信しました、応答を待っています... 200 OK
長さ: 26271 (26K) [image/jpeg]
‘blogger.googleusercontent.com/img/b/R29vZ2xl/AVvXsEg-mkra9lfFamRIu711A96zjz3xIn6Shi8S7zxeeuE9U3UTvoVZjbsCLGlDxPOBCewfMNC6Mi5LvlF5IxGm7f4TeyP4dkf_Pl3Ex_rv8KhXbr8df9RK0QW92PKPPIjn0tDXGJ_FSr-SWzY/s320/65EF0A92-AF6C-4AC1-B5B6-9DA361E10C24.jpeg’ に保存中

     0K .......... .......... .....                           100% 2.71M=0.009s

2026-09-16 09:23:01 (2.71 MB/s) - ‘blogger.googleusercontent.com/img/b/R29vZ2xl/AVvXsEg-mkra9lfFamRIu711A96zjz3xIn6Shi8S7zxeeuE9U3UTvoVZjbsCLGlDxPOBCewfMNC6Mi5LvlF5IxGm7f4TeyP4dkf_Pl3Ex_rv8KhXbr8df9RK0QW92PKPPIjn0tDXGJ_FSr-SWzY/s320/65EF0A92-AF6C-4AC1-B5B6-9DA361E10C24.jpeg’ へ保存完了 [26271/26271]

--2026-09-16 09:23:02--  https://www.tunnelpoemer.com/2019/09/blog-post_20.html
www.tunnelpoemer.com (www.tunnelpoemer.com)|2404:6800:400b:c005::79|:443 に接続しています... 接続しました。
HTTP による接続要求を送信しました、応答を待っています... 200 OK
長さ: 特定できません [text/html]
‘www.tunnelpoemer.com/2019/09/blog-post_20.html’ に保存中

     0K .......... .......... .......... .......... .......... 2.05M
    50K ....                                                   2.47M=0.03s

2026-09-16 09:23:03 (2.08 MB/s) - ‘www.tunnelpoemer.com/2019/09/blog-post_20.html’ へ保存終了 [55964]

--2026-09-16 09:23:04--  https://blogger.googleusercontent.com/img/b/R29vZ2xl/AVvXsEjQSxeDpHExt1OdSzrwH8X8D1LizsO_4PdFomIOrpCXwP63TtP7Fyfks9sMmXKbE5Ka5Pcr6jrQIb1P4S8Nx1JrXMJCltEt7dFzJfdYcSazUbf67KFPJBFg5XwqsHv1lfSDA3GTTz-3NW4/s320/24E2761E-EA46-4E33-BACC-D407A19832EE.jpeg
blogger.googleusercontent.com (blogger.googleusercontent.com)|2404:6800:400b:c005::84|:443 に接続しています... 接続しました。
HTTP による接続要求を送信しました、応答を待っています... 200 OK
長さ: 18206 (18K) [image/jpeg]
‘blogger.googleusercontent.com/img/b/R29vZ2xl/AVvXsEjQSxeDpHExt1OdSzrwH8X8D1LizsO_4PdFomIOrpCXwP63TtP7Fyfks9sMmXKbE5Ka5Pcr6jrQIb1P4S8Nx1JrXMJCltEt7dFzJfdYcSazUbf67KFPJBFg5XwqsHv1lfSDA3GTTz-3NW4/s320/24E2761E-EA46-4E33-BACC-D407A19832EE.jpeg’ に保存中

     0K .......... .......                                    100% 6.85M=0.003s

2026-09-16 09:23:06 (6.85 MB/s) - ‘blogger.googleusercontent.com/img/b/R29vZ2xl/AVvXsEjQSxeDpHExt1OdSzrwH8X8D1LizsO_4PdFomIOrpCXwP63TtP7Fyfks9sMmXKbE5Ka5Pcr6jrQIb1P4S8Nx1JrXMJCltEt7dFzJfdYcSazUbf67KFPJBFg5XwqsHv1lfSDA3GTTz-3NW4/s320/24E2761E-EA46-4E33-BACC-D407A19832EE.jpeg’ へ保存完了 [18206/18206]

--2026-09-16 09:23:07--  https://www.tunnelpoemer.com/2019/09/blog-post_27.html
www.tunnelpoemer.com (www.tunnelpoemer.com)|2404:6800:400b:c005::79|:443 に接続しています... 接続しました。
HTTP による接続要求を送信しました、応答を待っています... 200 OK
長さ: 特定できません [text/html]
‘www.tunnelpoemer.com/2019/09/blog-post_27.html’ に保存中

     0K .......... .......... .......... .......... ..........  743K
    50K ....                                                   4.34M=0.07s

2026-09-16 09:23:08 (794 KB/s) - ‘www.tunnelpoemer.com/2019/09/blog-post_27.html’ へ保存終了 [55492]

--2026-09-16 09:23:09--  https://blogger.googleusercontent.com/img/b/R29vZ2xl/AVvXsEj3f2uclaLG1muBTJUR431P7nrpsMJCW4Z_KeqKEibtNfkuw34vMhALVPdTW57rmo5CX7KC1DbC-2pdSKDbl9rne_AIA7772FjiufDltkji5yP69VOLj2LewqKSTpIvtljwxCTAbE9no74/s320/DEF19616-3498-44C9-80C1-B54106F9B4A2.jpeg
blogger.googleusercontent.com (blogger.googleusercontent.com)|2404:6800:400b:c005::84|:443 に接続しています... 接続しました。
HTTP による接続要求を送信しました、応答を待っています... 200 OK
長さ: 25710 (25K) [image/jpeg]
‘blogger.googleusercontent.com/img/b/R29vZ2xl/AVvXsEj3f2uclaLG1muBTJUR431P7nrpsMJCW4Z_KeqKEibtNfkuw34vMhALVPdTW57rmo5CX7KC1DbC-2pdSKDbl9rne_AIA7772FjiufDltkji5yP69VOLj2LewqKSTpIvtljwxCTAbE9no74/s320/DEF19616-3498-44C9-80C1-B54106F9B4A2.jpeg’ に保存中

     0K .......... .......... .....                           100% 2.52M=0.01s

2026-09-16 09:23:11 (2.52 MB/s) - ‘blogger.googleusercontent.com/img/b/R29vZ2xl/AVvXsEj3f2uclaLG1muBTJUR431P7nrpsMJCW4Z_KeqKEibtNfkuw34vMhALVPdTW57rmo5CX7KC1DbC-2pdSKDbl9rne_AIA7772FjiufDltkji5yP69VOLj2LewqKSTpIvtljwxCTAbE9no74/s320/DEF19616-3498-44C9-80C1-B54106F9B4A2.jpeg’ へ保存完了 [25710/25710]

--2026-09-16 09:23:12--  https://www.tunnelpoemer.com/2019/09/blog-post_28.html
www.tunnelpoemer.com (www.tunnelpoemer.com)|2404:6800:400b:c005::79|:443 に接続しています... 接続しました。
HTTP による接続要求を送信しました、応答を待っています... 200 OK
長さ: 特定できません [text/html]
‘www.tunnelpoemer.com/2019/09/blog-post_28.html’ に保存中

     0K .......... .......... .......... .......... .......... 2.90M
    50K ....                                                   5.05M=0.02s

2026-09-16 09:23:14 (3.00 MB/s) - ‘www.tunnelpoemer.com/2019/09/blog-post_28.html’ へ保存終了 [55814]

--2026-09-16 09:23:15--  https://blogger.googleusercontent.com/img/b/R29vZ2xl/AVvXsEjNfINzWwx5H61Jkv6OVMGZduVckYmEWHjB1FlHOfivfYcSy5A8hoaI58j8oFh5ZPEjFtlCgjNyOhezmnmLOS-ouXXsV7LxA7mzrfgG1kkU-QXLuk_11b041ZU0KRXCkvcMDAmvqJ9Uf-8/s320/233E89DC-C838-4DF4-A9C9-DC66A1C0824F.jpeg
blogger.googleusercontent.com (blogger.googleusercontent.com)|2404:6800:400b:c005::84|:443 に接続しています... 接続しました。
HTTP による接続要求を送信しました、応答を待っています... 200 OK
長さ: 18763 (18K) [image/jpeg]
‘blogger.googleusercontent.com/img/b/R29vZ2xl/AVvXsEjNfINzWwx5H61Jkv6OVMGZduVckYmEWHjB1FlHOfivfYcSy5A8hoaI58j8oFh5ZPEjFtlCgjNyOhezmnmLOS-ouXXsV7LxA7mzrfgG1kkU-QXLuk_11b041ZU0KRXCkvcMDAmvqJ9Uf-8/s320/233E89DC-C838-4DF4-A9C9-DC66A1C0824F.jpeg’ に保存中

     0K .......... ........                                   100% 3.72M=0.005s

2026-09-16 09:23:18 (3.72 MB/s) - ‘blogger.googleusercontent.com/img/b/R29vZ2xl/AVvXsEjNfINzWwx5H61Jkv6OVMGZduVckYmEWHjB1FlHOfivfYcSy5A8hoaI58j8oFh5ZPEjFtlCgjNyOhezmnmLOS-ouXXsV7LxA7mzrfgG1kkU-QXLuk_11b041ZU0KRXCkvcMDAmvqJ9Uf-8/s320/233E89DC-C838-4DF4-A9C9-DC66A1C0824F.jpeg’ へ保存完了 [18763/18763]

--2026-09-16 09:23:19--  https://www.tunnelpoemer.com/2019/09/blog-post_2.html
www.tunnelpoemer.com (www.tunnelpoemer.com)|2404:6800:400b:c005::79|:443 に接続しています... 接続しました。
HTTP による接続要求を送信しました、応答を待っています... 200 OK
長さ: 特定できません [text/html]
‘www.tunnelpoemer.com/2019/09/blog-post_2.html’ に保存中

     0K .......... .......... .......... .......... .......... 1.96M
    50K ....                                                   3.44M=0.03s

2026-09-16 09:23:20 (2.03 MB/s) - ‘www.tunnelpoemer.com/2019/09/blog-post_2.html’ へ保存終了 [55538]

--2026-09-16 09:23:21--  https://blogger.googleusercontent.com/img/b/R29vZ2xl/AVvXsEh9u6xo825LhJoOmUuv97t9h38O6abwkqASh7kLcZAXtE-7IunyeihY7Fz_yE8nSlR12m4hxM7XT6DYpXVbT6Xk3gGDV2IPapmK78MgkPwCpxtLXgrcr-4hZ3DZ2HnmtFAmtX91JoA-qVI/s320/F98F5669-4446-4E38-A768-3A2F7C80A345.jpeg
blogger.googleusercontent.com (blogger.googleusercontent.com)|2404:6800:400b:c005::84|:443 に接続しています... 接続しました。
HTTP による接続要求を送信しました、応答を待っています... 200 OK
長さ: 19271 (19K) [image/jpeg]
‘blogger.googleusercontent.com/img/b/R29vZ2xl/AVvXsEh9u6xo825LhJoOmUuv97t9h38O6abwkqASh7kLcZAXtE-7IunyeihY7Fz_yE8nSlR12m4hxM7XT6DYpXVbT6Xk3gGDV2IPapmK78MgkPwCpxtLXgrcr-4hZ3DZ2HnmtFAmtX91JoA-qVI/s320/F98F5669-4446-4E38-A768-3A2F7C80A345.jpeg’ に保存中

     0K .......... ........                                   100% 7.85M=0.002s

2026-09-16 09:23:23 (7.85 MB/s) - ‘blogger.googleusercontent.com/img/b/R29vZ2xl/AVvXsEh9u6xo825LhJoOmUuv97t9h38O6abwkqASh7kLcZAXtE-7IunyeihY7Fz_yE8nSlR12m4hxM7XT6DYpXVbT6Xk3gGDV2IPapmK78MgkPwCpxtLXgrcr-4hZ3DZ2HnmtFAmtX91JoA-qVI/s320/F98F5669-4446-4E38-A768-3A2F7C80A345.jpeg’ へ保存完了 [19271/19271]

--2026-09-16 09:23:24--  https://www.tunnelpoemer.com/2019/09/blog-post_3.html
www.tunnelpoemer.com (www.tunnelpoemer.com)|2404:6800:400b:c005::79|:443 に接続しています... 接続しました。
HTTP による接続要求を送信しました、応答を待っています... 200 OK
長さ: 特定できません [text/html]
‘www.tunnelpoemer.com/2019/09/blog-post_3.html’ に保存中

     0K .......... .......... .......... .......... .......... 2.07M
    50K ....                                                   13.3M=0.02s

2026-09-16 09:23:25 (2.22 MB/s) - ‘www.tunnelpoemer.com/2019/09/blog-post_3.html’ へ保存終了 [55780]

--2026-09-16 09:23:26--  https://blogger.googleusercontent.com/img/b/R29vZ2xl/AVvXsEihcKrSoNlE8UmMA4G0W8wMkoUcBiu15_lOubpzxQ1IiscB2q19s6q8F8zQ0gFf90GSEUlToJXssJmpwBWUm3dn9E3WPJ-xtOBP-3z4HE76J-bOCHtnXAEDHwrLBlCRGPPRxuRts5myfv8/s320/IMG_5446.jpg
blogger.googleusercontent.com (blogger.googleusercontent.com)|2404:6800:400b:c005::84|:443 に接続しています... 接続しました。
HTTP による接続要求を送信しました、応答を待っています... 200 OK
長さ: 13255 (13K) [image/jpeg]
‘blogger.googleusercontent.com/img/b/R29vZ2xl/AVvXsEihcKrSoNlE8UmMA4G0W8wMkoUcBiu15_lOubpzxQ1IiscB2q19s6q8F8zQ0gFf90GSEUlToJXssJmpwBWUm3dn9E3WPJ-xtOBP-3z4HE76J-bOCHtnXAEDHwrLBlCRGPPRxuRts5myfv8/s320/IMG_5446.jpg’ に保存中

     0K .......... ..                                         100% 13.2M=0.001s

2026-09-16 09:23:27 (13.2 MB/s) - ‘blogger.googleusercontent.com/img/b/R29vZ2xl/AVvXsEihcKrSoNlE8UmMA4G0W8wMkoUcBiu15_lOubpzxQ1IiscB2q19s6q8F8zQ0gFf90GSEUlToJXssJmpwBWUm3dn9E3WPJ-xtOBP-3z4HE76J-bOCHtnXAEDHwrLBlCRGPPRxuRts5myfv8/s320/IMG_5446.jpg’ へ保存完了 [13255/13255]

--2026-09-16 09:23:28--  https://www.tunnelpoemer.com/2019/09/blog-post_4.html
www.tunnelpoemer.com (www.tunnelpoemer.com)|2404:6800:400b:c005::79|:443 に接続しています... 接続しました。
HTTP による接続要求を送信しました、応答を待っています... 200 OK
長さ: 特定できません [text/html]
‘www.tunnelpoemer.com/2019/09/blog-post_4.html’ に保存中

     0K .......... .......... .......... .......... .......... 2.23M
    50K ....                                                   1.26M=0.03s

2026-09-16 09:23:29 (2.10 MB/s) - ‘www.tunnelpoemer.com/2019/09/blog-post_4.html’ へ保存終了 [55654]

--2026-09-16 09:23:30--  https://blogger.googleusercontent.com/img/b/R29vZ2xl/AVvXsEhtbV8XRI1OIDtygIyA61DnUb-G22N3p0bHq2568mA9Zfkc__IYKHjKb67TlNCQxqx5ZMO04hqOqwSkaa_TMu8k7U2fBzJwYeyfIrfSHJzGEcaulvybaXRW3-zRQJ_8MXkJavfd4T3hmFE/s320/DE29264C-A755-4BF9-8D01-9FBB1D2E864E.jpeg
blogger.googleusercontent.com (blogger.googleusercontent.com)|2404:6800:400b:c005::84|:443 に接続しています... 接続しました。
HTTP による接続要求を送信しました、応答を待っています... 200 OK
長さ: 24337 (24K) [image/jpeg]
‘blogger.googleusercontent.com/img/b/R29vZ2xl/AVvXsEhtbV8XRI1OIDtygIyA61DnUb-G22N3p0bHq2568mA9Zfkc__IYKHjKb67TlNCQxqx5ZMO04hqOqwSkaa_TMu8k7U2fBzJwYeyfIrfSHJzGEcaulvybaXRW3-zRQJ_8MXkJavfd4T3hmFE/s320/DE29264C-A755-4BF9-8D01-9FBB1D2E864E.jpeg’ に保存中

     0K .......... .......... ...                             100% 3.45M=0.007s

2026-09-16 09:23:31 (3.45 MB/s) - ‘blogger.googleusercontent.com/img/b/R29vZ2xl/AVvXsEhtbV8XRI1OIDtygIyA61DnUb-G22N3p0bHq2568mA9Zfkc__IYKHjKb67TlNCQxqx5ZMO04hqOqwSkaa_TMu8k7U2fBzJwYeyfIrfSHJzGEcaulvybaXRW3-zRQJ_8MXkJavfd4T3hmFE/s320/DE29264C-A755-4BF9-8D01-9FBB1D2E864E.jpeg’ へ保存完了 [24337/24337]

--2026-09-16 09:23:32--  https://www.tunnelpoemer.com/2019/09/blog-post_5.html
www.tunnelpoemer.com (www.tunnelpoemer.com)|2404:6800:400b:c005::79|:443 に接続しています... 接続しました。
HTTP による接続要求を送信しました、応答を待っています... 200 OK
長さ: 特定できません [text/html]
‘www.tunnelpoemer.com/2019/09/blog-post_5.html’ に保存中

     0K .......... .......... .......... .......... .......... 2.71M
    50K ....                                                   5.03M=0.02s

2026-09-16 09:23:35 (2.81 MB/s) - ‘www.tunnelpoemer.com/2019/09/blog-post_5.html’ へ保存終了 [55458]

--2026-09-16 09:23:36--  https://blogger.googleusercontent.com/img/b/R29vZ2xl/AVvXsEg86_ZJ8y6RxKkW2dFj2S0idP6sqU8lfKw6UoPi0KAqm1aixRbqscvjBSzavskwreSrwmlWXBLbShrtEl-LRksqY4vSHYXZEJ8p2ir9r-nwWQ_6tn7QcdpKlo9Nbr3XVZ9-9J6_Lcg3Tv0/s320/36FBAFBB-536C-4FD8-981E-5465D651FB19.jpeg
blogger.googleusercontent.com (blogger.googleusercontent.com)|2404:6800:400b:c005::84|:443 に接続しています... 接続しました。
HTTP による接続要求を送信しました、応答を待っています... 200 OK
長さ: 15985 (16K) [image/jpeg]
‘blogger.googleusercontent.com/img/b/R29vZ2xl/AVvXsEg86_ZJ8y6RxKkW2dFj2S0idP6sqU8lfKw6UoPi0KAqm1aixRbqscvjBSzavskwreSrwmlWXBLbShrtEl-LRksqY4vSHYXZEJ8p2ir9r-nwWQ_6tn7QcdpKlo9Nbr3XVZ9-9J6_Lcg3Tv0/s320/36FBAFBB-536C-4FD8-981E-5465D651FB19.jpeg’ に保存中

     0K .......... .....                                      100% 12.2M=0.001s

2026-09-16 09:23:38 (12.2 MB/s) - ‘blogger.googleusercontent.com/img/b/R29vZ2xl/AVvXsEg86_ZJ8y6RxKkW2dFj2S0idP6sqU8lfKw6UoPi0KAqm1aixRbqscvjBSzavskwreSrwmlWXBLbShrtEl-LRksqY4vSHYXZEJ8p2ir9r-nwWQ_6tn7QcdpKlo9Nbr3XVZ9-9J6_Lcg3Tv0/s320/36FBAFBB-536C-4FD8-981E-5465D651FB19.jpeg’ へ保存完了 [15985/15985]

--2026-09-16 09:23:39--  https://www.tunnelpoemer.com/2019/09/blog-post_6.html
www.tunnelpoemer.com (www.tunnelpoemer.com)|2404:6800:400b:c005::79|:443 に接続しています... 接続しました。
HTTP による接続要求を送信しました、応答を待っています... 200 OK
長さ: 特定できません [text/html]
‘www.tunnelpoemer.com/2019/09/blog-post_6.html’ に保存中

     0K .......... .......... .......... .......... .......... 1.58M
    50K ....                                                   7.48M=0.03s

2026-09-16 09:23:40 (1.69 MB/s) - ‘www.tunnelpoemer.com/2019/09/blog-post_6.html’ へ保存終了 [55577]

--2026-09-16 09:23:41--  https://blogger.googleusercontent.com/img/b/R29vZ2xl/AVvXsEiJqyenm3pIEAHMTkBE0rMFzp9atKEtuflp3FRDgJCnWdE0fVP8XXOwgmTIfsRKya-0fi40ELwhN5jivUXlpOQLMR960BBICbJRPxfnxSAHTpQBkqBJbpzJih16kdt32v_UJtW8Glj1m7U/s320/49084D10-6A0F-41D5-8DFF-30898F805BBD.jpeg
blogger.googleusercontent.com (blogger.googleusercontent.com)|2404:6800:400b:c005::84|:443 に接続しています... 接続しました。
HTTP による接続要求を送信しました、応答を待っています... 200 OK
長さ: 24824 (24K) [image/jpeg]
‘blogger.googleusercontent.com/img/b/R29vZ2xl/AVvXsEiJqyenm3pIEAHMTkBE0rMFzp9atKEtuflp3FRDgJCnWdE0fVP8XXOwgmTIfsRKya-0fi40ELwhN5jivUXlpOQLMR960BBICbJRPxfnxSAHTpQBkqBJbpzJih16kdt32v_UJtW8Glj1m7U/s320/49084D10-6A0F-41D5-8DFF-30898F805BBD.jpeg’ に保存中

     0K .......... .......... ....                            100% 2.11M=0.01s

2026-09-16 09:23:42 (2.11 MB/s) - ‘blogger.googleusercontent.com/img/b/R29vZ2xl/AVvXsEiJqyenm3pIEAHMTkBE0rMFzp9atKEtuflp3FRDgJCnWdE0fVP8XXOwgmTIfsRKya-0fi40ELwhN5jivUXlpOQLMR960BBICbJRPxfnxSAHTpQBkqBJbpzJih16kdt32v_UJtW8Glj1m7U/s320/49084D10-6A0F-41D5-8DFF-30898F805BBD.jpeg’ へ保存完了 [24824/24824]

--2026-09-16 09:23:43--  https://www.tunnelpoemer.com/2019/09/blog-post_8.html
www.tunnelpoemer.com (www.tunnelpoemer.com)|2404:6800:400b:c005::79|:443 に接続しています... 接続しました。
HTTP による接続要求を送信しました、応答を待っています... 200 OK
長さ: 特定できません [text/html]
‘www.tunnelpoemer.com/2019/09/blog-post_8.html’ に保存中

     0K .......... .......... .......... .......... .......... 2.37M
    50K ....                                                   6.60M=0.02s

2026-09-16 09:23:44 (2.51 MB/s) - ‘www.tunnelpoemer.com/2019/09/blog-post_8.html’ へ保存終了 [56194]

--2026-09-16 09:23:45--  https://blogger.googleusercontent.com/img/b/R29vZ2xl/AVvXsEh9NZh9udUo6SC4TqCJd2X4iXxWoxcTFCLbzgUk9yQwLWumit7ZkGRm6Enyr7ICY1aahuppJxUi2RGD4c4mrKflCRWzMs4n3y5JCXwCPvwxohwqZGGOBzuc_dMKeLsdum_3iOHDxQL02Qs/s320/A1DDE24E-A1A7-4E8C-B0E7-EC5936FFA943.jpeg
blogger.googleusercontent.com (blogger.googleusercontent.com)|2404:6800:400b:c005::84|:443 に接続しています... 接続しました。
HTTP による接続要求を送信しました、応答を待っています... 200 OK
長さ: 15413 (15K) [image/jpeg]
‘blogger.googleusercontent.com/img/b/R29vZ2xl/AVvXsEh9NZh9udUo6SC4TqCJd2X4iXxWoxcTFCLbzgUk9yQwLWumit7ZkGRm6Enyr7ICY1aahuppJxUi2RGD4c4mrKflCRWzMs4n3y5JCXwCPvwxohwqZGGOBzuc_dMKeLsdum_3iOHDxQL02Qs/s320/A1DDE24E-A1A7-4E8C-B0E7-EC5936FFA943.jpeg’ に保存中

     0K .......... .....                                      100% 14.5M=0.001s

2026-09-16 09:23:46 (14.5 MB/s) - ‘blogger.googleusercontent.com/img/b/R29vZ2xl/AVvXsEh9NZh9udUo6SC4TqCJd2X4iXxWoxcTFCLbzgUk9yQwLWumit7ZkGRm6Enyr7ICY1aahuppJxUi2RGD4c4mrKflCRWzMs4n3y5JCXwCPvwxohwqZGGOBzuc_dMKeLsdum_3iOHDxQL02Qs/s320/A1DDE24E-A1A7-4E8C-B0E7-EC5936FFA943.jpeg’ へ保存完了 [15413/15413]

--2026-09-16 09:23:47--  https://www.tunnelpoemer.com/2019/09/blog-post.html
www.tunnelpoemer.com (www.tunnelpoemer.com)|2404:6800:400b:c005::79|:443 に接続しています... 接続しました。
HTTP による接続要求を送信しました、応答を待っています... 200 OK
長さ: 特定できません [text/html]
‘www.tunnelpoemer.com/2019/09/blog-post.html’ に保存中

     0K .......... .......... .......... .......... .......... 2.99M
    50K ....                                                   16.2M=0.02s

2026-09-16 09:23:47 (3.20 MB/s) - ‘www.tunnelpoemer.com/2019/09/blog-post.html’ へ保存終了 [55793]

--2026-09-16 09:23:48--  https://blogger.googleusercontent.com/img/b/R29vZ2xl/AVvXsEiQ8chfEq8tUcHCNT-S95MI5yVXcRzu8UVamdhBMLjsHksfQYhvAXslUVBKVLMDp-iivDBsGSozkg1eNNcI6FZfjX351kl6uO_xvRK8Q_CS7u6uX_e7r5Qy6npI9ADr34ybtXB_t6bIclU/s320/7F532F56-4C7D-427A-860F-4A0B1C11D29B.jpeg
blogger.googleusercontent.com (blogger.googleusercontent.com)|2404:6800:400b:c005::84|:443 に接続しています... 接続しました。
HTTP による接続要求を送信しました、応答を待っています... 200 OK
長さ: 18649 (18K) [image/jpeg]
‘blogger.googleusercontent.com/img/b/R29vZ2xl/AVvXsEiQ8chfEq8tUcHCNT-S95MI5yVXcRzu8UVamdhBMLjsHksfQYhvAXslUVBKVLMDp-iivDBsGSozkg1eNNcI6FZfjX351kl6uO_xvRK8Q_CS7u6uX_e7r5Qy6npI9ADr34ybtXB_t6bIclU/s320/7F532F56-4C7D-427A-860F-4A0B1C11D29B.jpeg’ に保存中

     0K .......... ........                                   100% 14.2M=0.001s

2026-09-16 09:23:50 (14.2 MB/s) - ‘blogger.googleusercontent.com/img/b/R29vZ2xl/AVvXsEiQ8chfEq8tUcHCNT-S95MI5yVXcRzu8UVamdhBMLjsHksfQYhvAXslUVBKVLMDp-iivDBsGSozkg1eNNcI6FZfjX351kl6uO_xvRK8Q_CS7u6uX_e7r5Qy6npI9ADr34ybtXB_t6bIclU/s320/7F532F56-4C7D-427A-860F-4A0B1C11D29B.jpeg’ へ保存完了 [18649/18649]

--2026-09-16 09:23:51--  https://www.tunnelpoemer.com/2019/10/07.html
www.tunnelpoemer.com (www.tunnelpoemer.com)|2404:6800:400b:c005::79|:443 に接続しています... 接続しました。
HTTP による接続要求を送信しました、応答を待っています... 200 OK
長さ: 特定できません [text/html]
‘www.tunnelpoemer.com/2019/10/07.html’ に保存中

     0K .......... .......... .......... .......... .......... 3.00M
    50K ...                                                    4.50M=0.02s

2026-09-16 09:23:51 (3.07 MB/s) - ‘www.tunnelpoemer.com/2019/10/07.html’ へ保存終了 [55006]

--2026-09-16 09:23:52--  https://blogger.googleusercontent.com/img/b/R29vZ2xl/AVvXsEhnGlFnmNs3J80m4yFwWD_zLiAeCGYZuxPoYtUhcz5DmyuxvBqMpf3C4aCQTJTfx9vVDyQ_XH8EoYQmSalYjfyHNBpT6YhdYFjQ79surABkQOuvaXs3rsIravCipvfaIYYUWlNXnZow9eg/s320/8D169E61-25E0-4148-8947-7409EAF1AEA2.jpeg
blogger.googleusercontent.com (blogger.googleusercontent.com)|2404:6800:400b:c005::84|:443 に接続しています... 接続しました。
HTTP による接続要求を送信しました、応答を待っています... 200 OK
長さ: 19260 (19K) [image/jpeg]
‘blogger.googleusercontent.com/img/b/R29vZ2xl/AVvXsEhnGlFnmNs3J80m4yFwWD_zLiAeCGYZuxPoYtUhcz5DmyuxvBqMpf3C4aCQTJTfx9vVDyQ_XH8EoYQmSalYjfyHNBpT6YhdYFjQ79surABkQOuvaXs3rsIravCipvfaIYYUWlNXnZow9eg/s320/8D169E61-25E0-4148-8947-7409EAF1AEA2.jpeg’ に保存中

     0K .......... ........                                   100% 12.0M=0.002s

2026-09-16 09:23:54 (12.0 MB/s) - ‘blogger.googleusercontent.com/img/b/R29vZ2xl/AVvXsEhnGlFnmNs3J80m4yFwWD_zLiAeCGYZuxPoYtUhcz5DmyuxvBqMpf3C4aCQTJTfx9vVDyQ_XH8EoYQmSalYjfyHNBpT6YhdYFjQ79surABkQOuvaXs3rsIravCipvfaIYYUWlNXnZow9eg/s320/8D169E61-25E0-4148-8947-7409EAF1AEA2.jpeg’ へ保存完了 [19260/19260]

--2026-09-16 09:23:55--  https://www.tunnelpoemer.com/2019/10/1.html
www.tunnelpoemer.com (www.tunnelpoemer.com)|2404:6800:400b:c005::79|:443 に接続しています... 接続しました。
HTTP による接続要求を送信しました、応答を待っています... 200 OK
長さ: 特定できません [text/html]
‘www.tunnelpoemer.com/2019/10/1.html’ に保存中

     0K .......... .......... .......... .......... .......... 1.96M
    50K ...                                                    3.57M=0.03s

2026-09-16 09:23:56 (2.02 MB/s) - ‘www.tunnelpoemer.com/2019/10/1.html’ へ保存終了 [55202]

--2026-09-16 09:23:57--  https://blogger.googleusercontent.com/img/b/R29vZ2xl/AVvXsEi45VbCPsHGFTjcZGQl9k-ULiWfXNRYiuRg-W9qok-lIZeQgBt4FJWSAmg5aZSiDwbHT2ys4ypIlUHksHemoVZajspEuTfcqRDJoQ6oR2xVzTXnLCmtCrZhWL2I6C80QiBRJdgnVCywJyU/s320/7068D967-45D1-45F7-ABE4-D6D4F9BBC943.jpeg
blogger.googleusercontent.com (blogger.googleusercontent.com)|2404:6800:400b:c005::84|:443 に接続しています... 接続しました。
HTTP による接続要求を送信しました、応答を待っています... 200 OK
長さ: 40171 (39K) [image/jpeg]
‘blogger.googleusercontent.com/img/b/R29vZ2xl/AVvXsEi45VbCPsHGFTjcZGQl9k-ULiWfXNRYiuRg-W9qok-lIZeQgBt4FJWSAmg5aZSiDwbHT2ys4ypIlUHksHemoVZajspEuTfcqRDJoQ6oR2xVzTXnLCmtCrZhWL2I6C80QiBRJdgnVCywJyU/s320/7068D967-45D1-45F7-ABE4-D6D4F9BBC943.jpeg’ に保存中

     0K .......... .......... .......... .........            100% 2.26M=0.02s

2026-09-16 09:23:58 (2.26 MB/s) - ‘blogger.googleusercontent.com/img/b/R29vZ2xl/AVvXsEi45VbCPsHGFTjcZGQl9k-ULiWfXNRYiuRg-W9qok-lIZeQgBt4FJWSAmg5aZSiDwbHT2ys4ypIlUHksHemoVZajspEuTfcqRDJoQ6oR2xVzTXnLCmtCrZhWL2I6C80QiBRJdgnVCywJyU/s320/7068D967-45D1-45F7-ABE4-D6D4F9BBC943.jpeg’ へ保存完了 [40171/40171]

--2026-09-16 09:23:59--  https://www.tunnelpoemer.com/2019/10/2.html
www.tunnelpoemer.com (www.tunnelpoemer.com)|2404:6800:400b:c005::79|:443 に接続しています... 接続しました。
HTTP による接続要求を送信しました、応答を待っています... 200 OK
長さ: 特定できません [text/html]
‘www.tunnelpoemer.com/2019/10/2.html’ に保存中

     0K .......... .......... .......... .......... ..........  336K
    50K ...                                                    4.65M=0.1s

2026-09-16 09:24:00 (361 KB/s) - ‘www.tunnelpoemer.com/2019/10/2.html’ へ保存終了 [55163]

--2026-09-16 09:24:01--  https://blogger.googleusercontent.com/img/b/R29vZ2xl/AVvXsEgF6rbVyI4LdwcRH9qjTtoDpdZfGLuT9c8hr7X_X_SgOJe96aQA1ZCdvuXWf5lUg65SzR_qpJ94Rk8Ez8RSwuokuXzlCdIr7fMu5_4ojQTsO8v0ivOWJAF_i1jdy_XgYhpBhCUcOdc_Ooo/s320/96084DF2-CF20-472C-A55A-2CAA64D37C7C.jpeg
blogger.googleusercontent.com (blogger.googleusercontent.com)|2404:6800:400b:c005::84|:443 に接続しています... 接続しました。
HTTP による接続要求を送信しました、応答を待っています... 200 OK
長さ: 32927 (32K) [image/jpeg]
‘blogger.googleusercontent.com/img/b/R29vZ2xl/AVvXsEgF6rbVyI4LdwcRH9qjTtoDpdZfGLuT9c8hr7X_X_SgOJe96aQA1ZCdvuXWf5lUg65SzR_qpJ94Rk8Ez8RSwuokuXzlCdIr7fMu5_4ojQTsO8v0ivOWJAF_i1jdy_XgYhpBhCUcOdc_Ooo/s320/96084DF2-CF20-472C-A55A-2CAA64D37C7C.jpeg’ に保存中

     0K .......... .......... .......... ..                   100% 2.81M=0.01s

2026-09-16 09:24:03 (2.81 MB/s) - ‘blogger.googleusercontent.com/img/b/R29vZ2xl/AVvXsEgF6rbVyI4LdwcRH9qjTtoDpdZfGLuT9c8hr7X_X_SgOJe96aQA1ZCdvuXWf5lUg65SzR_qpJ94Rk8Ez8RSwuokuXzlCdIr7fMu5_4ojQTsO8v0ivOWJAF_i1jdy_XgYhpBhCUcOdc_Ooo/s320/96084DF2-CF20-472C-A55A-2CAA64D37C7C.jpeg’ へ保存完了 [32927/32927]

--2026-09-16 09:24:04--  https://www.tunnelpoemer.com/2019/10/50-2186.html
www.tunnelpoemer.com (www.tunnelpoemer.com)|2404:6800:400b:c005::79|:443 に接続しています... 接続しました。
HTTP による接続要求を送信しました、応答を待っています... 200 OK
長さ: 特定できません [text/html]
‘www.tunnelpoemer.com/2019/10/50-2186.html’ に保存中

     0K .......... .......... .......... .......... .......... 2.30M
    50K ....                                                   3.60M=0.02s

2026-09-16 09:24:05 (2.37 MB/s) - ‘www.tunnelpoemer.com/2019/10/50-2186.html’ へ保存終了 [55736]

--2026-09-16 09:24:06--  https://blogger.googleusercontent.com/img/b/R29vZ2xl/AVvXsEgo582gDuNvy-rMUwr6Jt8X-oSw52MN1gRCvleqC8Nzum6whu_U8iTmeRsxzxZkYSovG2RN5Emjj4WW6xx3w-_5fvSyqFr7rOw-3X_W4WOpYuXrKkupHCPAXqzzzDIlQj2lZcDa7U176eQ/s320/7234C014-C03C-4E18-895C-FB250C1FCF64.jpeg
blogger.googleusercontent.com (blogger.googleusercontent.com)|2404:6800:400b:c005::84|:443 に接続しています... 接続しました。
HTTP による接続要求を送信しました、応答を待っています... 200 OK
長さ: 28274 (28K) [image/jpeg]
‘blogger.googleusercontent.com/img/b/R29vZ2xl/AVvXsEgo582gDuNvy-rMUwr6Jt8X-oSw52MN1gRCvleqC8Nzum6whu_U8iTmeRsxzxZkYSovG2RN5Emjj4WW6xx3w-_5fvSyqFr7rOw-3X_W4WOpYuXrKkupHCPAXqzzzDIlQj2lZcDa7U176eQ/s320/7234C014-C03C-4E18-895C-FB250C1FCF64.jpeg’ に保存中

     0K .......... .......... .......                         100% 3.20M=0.008s

2026-09-16 09:24:07 (3.20 MB/s) - ‘blogger.googleusercontent.com/img/b/R29vZ2xl/AVvXsEgo582gDuNvy-rMUwr6Jt8X-oSw52MN1gRCvleqC8Nzum6whu_U8iTmeRsxzxZkYSovG2RN5Emjj4WW6xx3w-_5fvSyqFr7rOw-3X_W4WOpYuXrKkupHCPAXqzzzDIlQj2lZcDa7U176eQ/s320/7234C014-C03C-4E18-895C-FB250C1FCF64.jpeg’ へ保存完了 [28274/28274]

--2026-09-16 09:24:08--  https://www.tunnelpoemer.com/2019/10/blog-post_11.html
www.tunnelpoemer.com (www.tunnelpoemer.com)|2404:6800:400b:c005::79|:443 に接続しています... 接続しました。
HTTP による接続要求を送信しました、応答を待っています... 200 OK
長さ: 特定できません [text/html]
‘www.tunnelpoemer.com/2019/10/blog-post_11.html’ に保存中

     0K .......... .......... .......... .......... .......... 2.05M
    50K ....                                                   5.75M=0.02s

2026-09-16 09:24:09 (2.16 MB/s) - ‘www.tunnelpoemer.com/2019/10/blog-post_11.html’ へ保存終了 [55520]

--2026-09-16 09:24:10--  https://blogger.googleusercontent.com/img/b/R29vZ2xl/AVvXsEgDNgZySJsVArVuL8XTxcjPOthNJMGuNb8I6zsUKaqo4JNzHzzgjd0XykvbtodUkS5R0Exl8RoHJye7jE_FQHuFfM2OLTb9YcdhqX_7YXJErFdRPDghLl1F4aojcR6rZDhdT_wS_ulGbFk/s320/186CDD44-5EBB-4111-845A-4F298907DAB5.jpeg
blogger.googleusercontent.com (blogger.googleusercontent.com)|2404:6800:400b:c005::84|:443 に接続しています... 接続しました。
HTTP による接続要求を送信しました、応答を待っています... 200 OK
長さ: 24054 (23K) [image/jpeg]
‘blogger.googleusercontent.com/img/b/R29vZ2xl/AVvXsEgDNgZySJsVArVuL8XTxcjPOthNJMGuNb8I6zsUKaqo4JNzHzzgjd0XykvbtodUkS5R0Exl8RoHJye7jE_FQHuFfM2OLTb9YcdhqX_7YXJErFdRPDghLl1F4aojcR6rZDhdT_wS_ulGbFk/s320/186CDD44-5EBB-4111-845A-4F298907DAB5.jpeg’ に保存中

     0K .......... .......... ...                             100% 2.60M=0.009s

2026-09-16 09:24:12 (2.60 MB/s) - ‘blogger.googleusercontent.com/img/b/R29vZ2xl/AVvXsEgDNgZySJsVArVuL8XTxcjPOthNJMGuNb8I6zsUKaqo4JNzHzzgjd0XykvbtodUkS5R0Exl8RoHJye7jE_FQHuFfM2OLTb9YcdhqX_7YXJErFdRPDghLl1F4aojcR6rZDhdT_wS_ulGbFk/s320/186CDD44-5EBB-4111-845A-4F298907DAB5.jpeg’ へ保存完了 [24054/24054]

--2026-09-16 09:24:13--  https://www.tunnelpoemer.com/2019/10/blog-post_12.html
www.tunnelpoemer.com (www.tunnelpoemer.com)|2404:6800:400b:c005::79|:443 に接続しています... 接続しました。
HTTP による接続要求を送信しました、応答を待っています... 200 OK
長さ: 特定できません [text/html]
‘www.tunnelpoemer.com/2019/10/blog-post_12.html’ に保存中

     0K .......... .......... .......... .......... .......... 1.17M
    50K ...                                                    2.64M=0.04s

2026-09-16 09:24:15 (1.22 MB/s) - ‘www.tunnelpoemer.com/2019/10/blog-post_12.html’ へ保存終了 [55090]

--2026-09-16 09:24:16--  https://blogger.googleusercontent.com/img/b/R29vZ2xl/AVvXsEh-PEVH9zVZKjF4O4gji9f9eS9GmiWR7xGimcsa0UdGkq87wD-ktB8v8iXzR2qKY2eQ3DkNmP2_pacjhc5CQzNxKo3BULVmgDgGESjhixMR4avwmVieUlR-15xw427XTcAb9AJQ7tvJEmQ/s320/5E9887FE-0EC8-49A9-AEFF-5FCE6519DDD1.jpeg
blogger.googleusercontent.com (blogger.googleusercontent.com)|2404:6800:400b:c005::84|:443 に接続しています... 接続しました。
HTTP による接続要求を送信しました、応答を待っています... 200 OK
長さ: 33879 (33K) [image/jpeg]
‘blogger.googleusercontent.com/img/b/R29vZ2xl/AVvXsEh-PEVH9zVZKjF4O4gji9f9eS9GmiWR7xGimcsa0UdGkq87wD-ktB8v8iXzR2qKY2eQ3DkNmP2_pacjhc5CQzNxKo3BULVmgDgGESjhixMR4avwmVieUlR-15xw427XTcAb9AJQ7tvJEmQ/s320/5E9887FE-0EC8-49A9-AEFF-5FCE6519DDD1.jpeg’ に保存中

     0K .......... .......... .......... ...                  100% 1.79M=0.02s

2026-09-16 09:24:18 (1.79 MB/s) - ‘blogger.googleusercontent.com/img/b/R29vZ2xl/AVvXsEh-PEVH9zVZKjF4O4gji9f9eS9GmiWR7xGimcsa0UdGkq87wD-ktB8v8iXzR2qKY2eQ3DkNmP2_pacjhc5CQzNxKo3BULVmgDgGESjhixMR4avwmVieUlR-15xw427XTcAb9AJQ7tvJEmQ/s320/5E9887FE-0EC8-49A9-AEFF-5FCE6519DDD1.jpeg’ へ保存完了 [33879/33879]

--2026-09-16 09:24:19--  https://www.tunnelpoemer.com/2019/10/blog-post_23.html
www.tunnelpoemer.com (www.tunnelpoemer.com)|2404:6800:400b:c005::79|:443 に接続しています... 接続しました。
HTTP による接続要求を送信しました、応答を待っています... 200 OK
長さ: 特定できません [text/html]
‘www.tunnelpoemer.com/2019/10/blog-post_23.html’ に保存中

     0K .......... .......... .......... .......... .......... 2.21M
    50K ....                                                   4.01M=0.02s

2026-09-16 09:24:19 (2.29 MB/s) - ‘www.tunnelpoemer.com/2019/10/blog-post_23.html’ へ保存終了 [55602]

--2026-09-16 09:24:20--  https://blogger.googleusercontent.com/img/b/R29vZ2xl/AVvXsEi2V4VWfG2EkP0Gn8E-tnf8jZEB9XbjXYEuHVh3JZhpiCAXoev0MmFgUnA-iwTTlHzs3DQA3zJ6vf8aiW7iGJVQe2QbSXvwM2EEjJVsLsFFbhDMjbrGb5rron1mvlvl3BhkRwM85pgOB4M/s320/E030CCEC-1BD9-4784-A527-47EAAE657B42.jpeg
blogger.googleusercontent.com (blogger.googleusercontent.com)|2404:6800:400b:c005::84|:443 に接続しています... 接続しました。
HTTP による接続要求を送信しました、応答を待っています... 200 OK
長さ: 32375 (32K) [image/jpeg]
‘blogger.googleusercontent.com/img/b/R29vZ2xl/AVvXsEi2V4VWfG2EkP0Gn8E-tnf8jZEB9XbjXYEuHVh3JZhpiCAXoev0MmFgUnA-iwTTlHzs3DQA3zJ6vf8aiW7iGJVQe2QbSXvwM2EEjJVsLsFFbhDMjbrGb5rron1mvlvl3BhkRwM85pgOB4M/s320/E030CCEC-1BD9-4784-A527-47EAAE657B42.jpeg’ に保存中

     0K .......... .......... .......... .                    100% 2.70M=0.01s

2026-09-16 09:24:22 (2.70 MB/s) - ‘blogger.googleusercontent.com/img/b/R29vZ2xl/AVvXsEi2V4VWfG2EkP0Gn8E-tnf8jZEB9XbjXYEuHVh3JZhpiCAXoev0MmFgUnA-iwTTlHzs3DQA3zJ6vf8aiW7iGJVQe2QbSXvwM2EEjJVsLsFFbhDMjbrGb5rron1mvlvl3BhkRwM85pgOB4M/s320/E030CCEC-1BD9-4784-A527-47EAAE657B42.jpeg’ へ保存完了 [32375/32375]

--2026-09-16 09:24:23--  https://www.tunnelpoemer.com/2019/10/blog-post_27.html
www.tunnelpoemer.com (www.tunnelpoemer.com)|2404:6800:400b:c005::79|:443 に接続しています... 接続しました。
HTTP による接続要求を送信しました、応答を待っています... 200 OK
長さ: 特定できません [text/html]
‘www.tunnelpoemer.com/2019/10/blog-post_27.html’ に保存中

     0K .......... .......... .......... .......... .......... 1.12M
    50K ....                                                   16.8M=0.04s

2026-09-16 09:24:24 (1.21 MB/s) - ‘www.tunnelpoemer.com/2019/10/blog-post_27.html’ へ保存終了 [55512]

--2026-09-16 09:24:25--  https://blogger.googleusercontent.com/img/b/R29vZ2xl/AVvXsEhdb-akup81w0-xio4njgso8MLfADQNNcaFSVQ8NGmiIbtP-UdcKWuWlT5j5M4dTxCOMk6uz0G-qGdMn1phRx2gA0F54SHZ_hi6BgPCOqd-KyQgob5pg79leCLksxTx2uPFlb5Iey3DqIA/s320/E83A7BBE-3105-43F4-8892-A7BFE80AE57E.jpeg
blogger.googleusercontent.com (blogger.googleusercontent.com)|2404:6800:400b:c005::84|:443 に接続しています... 接続しました。
HTTP による接続要求を送信しました、応答を待っています... 200 OK
長さ: 21684 (21K) [image/jpeg]
‘blogger.googleusercontent.com/img/b/R29vZ2xl/AVvXsEhdb-akup81w0-xio4njgso8MLfADQNNcaFSVQ8NGmiIbtP-UdcKWuWlT5j5M4dTxCOMk6uz0G-qGdMn1phRx2gA0F54SHZ_hi6BgPCOqd-KyQgob5pg79leCLksxTx2uPFlb5Iey3DqIA/s320/E83A7BBE-3105-43F4-8892-A7BFE80AE57E.jpeg’ に保存中

     0K .......... .......... .                               100% 3.21M=0.006s

2026-09-16 09:24:26 (3.21 MB/s) - ‘blogger.googleusercontent.com/img/b/R29vZ2xl/AVvXsEhdb-akup81w0-xio4njgso8MLfADQNNcaFSVQ8NGmiIbtP-UdcKWuWlT5j5M4dTxCOMk6uz0G-qGdMn1phRx2gA0F54SHZ_hi6BgPCOqd-KyQgob5pg79leCLksxTx2uPFlb5Iey3DqIA/s320/E83A7BBE-3105-43F4-8892-A7BFE80AE57E.jpeg’ へ保存完了 [21684/21684]

--2026-09-16 09:24:27--  https://www.tunnelpoemer.com/2019/10/blog-post_30.html
www.tunnelpoemer.com (www.tunnelpoemer.com)|2404:6800:400b:c005::79|:443 に接続しています... 接続しました。
HTTP による接続要求を送信しました、応答を待っています... 200 OK
長さ: 特定できません [text/html]
‘www.tunnelpoemer.com/2019/10/blog-post_30.html’ に保存中

     0K .......... .......... .......... .......... .......... 2.37M
    50K ...                                                    6.22M=0.02s

2026-09-16 09:24:28 (2.48 MB/s) - ‘www.tunnelpoemer.com/2019/10/blog-post_30.html’ へ保存終了 [55270]

--2026-09-16 09:24:29--  https://blogger.googleusercontent.com/img/b/R29vZ2xl/AVvXsEjn4Y6cipZUnb7z4dcFQXW6JtTGPXIkIW_Ba0IqfmTG3H_ZxpiiI3yLRAw6Unshbv-wSyPXxFTPDvq8vEc9rH-j6bcnP4ag552sdqJWQYASgaxHi57PokSeS1VRIbE8ungK5JoxNrB04NY/s320/97A848E1-E2E1-4DFD-AFBC-38428FF77937.jpeg
blogger.googleusercontent.com (blogger.googleusercontent.com)|2404:6800:400b:c005::84|:443 に接続しています... 接続しました。
HTTP による接続要求を送信しました、応答を待っています... 200 OK
長さ: 18167 (18K) [image/jpeg]
‘blogger.googleusercontent.com/img/b/R29vZ2xl/AVvXsEjn4Y6cipZUnb7z4dcFQXW6JtTGPXIkIW_Ba0IqfmTG3H_ZxpiiI3yLRAw6Unshbv-wSyPXxFTPDvq8vEc9rH-j6bcnP4ag552sdqJWQYASgaxHi57PokSeS1VRIbE8ungK5JoxNrB04NY/s320/97A848E1-E2E1-4DFD-AFBC-38428FF77937.jpeg’ に保存中

     0K .......... .......                                    100% 11.2M=0.002s

2026-09-16 09:24:31 (11.2 MB/s) - ‘blogger.googleusercontent.com/img/b/R29vZ2xl/AVvXsEjn4Y6cipZUnb7z4dcFQXW6JtTGPXIkIW_Ba0IqfmTG3H_ZxpiiI3yLRAw6Unshbv-wSyPXxFTPDvq8vEc9rH-j6bcnP4ag552sdqJWQYASgaxHi57PokSeS1VRIbE8ungK5JoxNrB04NY/s320/97A848E1-E2E1-4DFD-AFBC-38428FF77937.jpeg’ へ保存完了 [18167/18167]

--2026-09-16 09:24:32--  https://www.tunnelpoemer.com/2019/10/blog-post.html
www.tunnelpoemer.com (www.tunnelpoemer.com)|2404:6800:400b:c005::79|:443 に接続しています... 接続しました。
HTTP による接続要求を送信しました、応答を待っています... 200 OK
長さ: 特定できません [text/html]
‘www.tunnelpoemer.com/2019/10/blog-post.html’ に保存中

     0K .......... .......... .......... .......... ..........  465K
    50K ....                                                   16.3M=0.1s

2026-09-16 09:24:33 (502 KB/s) - ‘www.tunnelpoemer.com/2019/10/blog-post.html’ へ保存終了 [55380]

--2026-09-16 09:24:34--  https://blogger.googleusercontent.com/img/b/R29vZ2xl/AVvXsEixjX4g9jyHnDSAxM0PoVebC4hNIFQfItmxMutVq0icxY4gwYVNheqNvCwUwVyOvieIOV-U0KSmrmslOilTWkUUIqr7TPRiNQNamLCdlhpMz2lWHwYszU2fF9pepaN7G77ox5Qwpqh-JC0/s320/3CB94DA4-90CE-4A8F-AA56-EDD56D4A8ADC.jpeg
blogger.googleusercontent.com (blogger.googleusercontent.com)|2404:6800:400b:c005::84|:443 に接続しています... 接続しました。
HTTP による接続要求を送信しました、応答を待っています... 200 OK
長さ: 22950 (22K) [image/jpeg]
‘blogger.googleusercontent.com/img/b/R29vZ2xl/AVvXsEixjX4g9jyHnDSAxM0PoVebC4hNIFQfItmxMutVq0icxY4gwYVNheqNvCwUwVyOvieIOV-U0KSmrmslOilTWkUUIqr7TPRiNQNamLCdlhpMz2lWHwYszU2fF9pepaN7G77ox5Qwpqh-JC0/s320/3CB94DA4-90CE-4A8F-AA56-EDD56D4A8ADC.jpeg’ に保存中

     0K .......... .......... ..                              100% 3.27M=0.007s

2026-09-16 09:24:36 (3.27 MB/s) - ‘blogger.googleusercontent.com/img/b/R29vZ2xl/AVvXsEixjX4g9jyHnDSAxM0PoVebC4hNIFQfItmxMutVq0icxY4gwYVNheqNvCwUwVyOvieIOV-U0KSmrmslOilTWkUUIqr7TPRiNQNamLCdlhpMz2lWHwYszU2fF9pepaN7G77ox5Qwpqh-JC0/s320/3CB94DA4-90CE-4A8F-AA56-EDD56D4A8ADC.jpeg’ へ保存完了 [22950/22950]

--2026-09-16 09:24:37--  https://www.tunnelpoemer.com/2019/10/h.html
www.tunnelpoemer.com (www.tunnelpoemer.com)|2404:6800:400b:c005::79|:443 に接続しています... 接続しました。
HTTP による接続要求を送信しました、応答を待っています... 200 OK
長さ: 特定できません [text/html]
‘www.tunnelpoemer.com/2019/10/h.html’ に保存中

     0K .......... .......... .......... .......... .......... 2.69M
    50K ....                                                   17.0M=0.02s

2026-09-16 09:24:37 (2.87 MB/s) - ‘www.tunnelpoemer.com/2019/10/h.html’ へ保存終了 [55302]

--2026-09-16 09:24:38--  https://blogger.googleusercontent.com/img/b/R29vZ2xl/AVvXsEjyTJ6Bk34qEMCrfnVLYP2TiHAA5m5_iNWLzuielVmGwdUsw5g_BbYS1m_VxabikDW96Yj-cEvQRdVjOEBu7EiuWhMWUxbBMngxaLY_aOf0Yn5Szf0YBe84Xu4wheDlE_lkXDaABhg46lY/s320/4D950CA1-8CCE-4B4B-920A-595D5B35C8D4.jpeg
blogger.googleusercontent.com (blogger.googleusercontent.com)|2404:6800:400b:c005::84|:443 に接続しています... 接続しました。
HTTP による接続要求を送信しました、応答を待っています... 200 OK
長さ: 32188 (31K) [image/jpeg]
‘blogger.googleusercontent.com/img/b/R29vZ2xl/AVvXsEjyTJ6Bk34qEMCrfnVLYP2TiHAA5m5_iNWLzuielVmGwdUsw5g_BbYS1m_VxabikDW96Yj-cEvQRdVjOEBu7EiuWhMWUxbBMngxaLY_aOf0Yn5Szf0YBe84Xu4wheDlE_lkXDaABhg46lY/s320/4D950CA1-8CCE-4B4B-920A-595D5B35C8D4.jpeg’ に保存中

     0K .......... .......... .......... .                    100% 2.21M=0.01s

2026-09-16 09:24:40 (2.21 MB/s) - ‘blogger.googleusercontent.com/img/b/R29vZ2xl/AVvXsEjyTJ6Bk34qEMCrfnVLYP2TiHAA5m5_iNWLzuielVmGwdUsw5g_BbYS1m_VxabikDW96Yj-cEvQRdVjOEBu7EiuWhMWUxbBMngxaLY_aOf0Yn5Szf0YBe84Xu4wheDlE_lkXDaABhg46lY/s320/4D950CA1-8CCE-4B4B-920A-595D5B35C8D4.jpeg’ へ保存完了 [32188/32188]

--2026-09-16 09:24:41--  https://www.tunnelpoemer.com/2019/10/reiwa.html
www.tunnelpoemer.com (www.tunnelpoemer.com)|2404:6800:400b:c005::79|:443 に接続しています... 接続しました。
HTTP による接続要求を送信しました、応答を待っています... 200 OK
長さ: 特定できません [text/html]
‘www.tunnelpoemer.com/2019/10/reiwa.html’ に保存中

     0K .......... .......... .......... .......... .......... 2.99M
    50K ....                                                   19.9M=0.02s

2026-09-16 09:24:42 (3.20 MB/s) - ‘www.tunnelpoemer.com/2019/10/reiwa.html’ へ保存終了 [55443]

--2026-09-16 09:24:43--  https://blogger.googleusercontent.com/img/b/R29vZ2xl/AVvXsEg9nSArT9R8rbIdrZEMKTBHKyEZJCL-KVnsrfljd_9byRCC5fzAUs_emSks21eM2msL3xiefJ58dFoySAgRNdCVpWjLwavMadNkodqRAW3EqOK1pJ6G9eLfXfffBGGXAlViavLWBymgogo/s320/1C48EF0E-85A3-4EBC-B067-5F22FDF94C9A.jpeg
blogger.googleusercontent.com (blogger.googleusercontent.com)|2404:6800:400b:c005::84|:443 に接続しています... 接続しました。
HTTP による接続要求を送信しました、応答を待っています... 200 OK
長さ: 37706 (37K) [image/jpeg]
‘blogger.googleusercontent.com/img/b/R29vZ2xl/AVvXsEg9nSArT9R8rbIdrZEMKTBHKyEZJCL-KVnsrfljd_9byRCC5fzAUs_emSks21eM2msL3xiefJ58dFoySAgRNdCVpWjLwavMadNkodqRAW3EqOK1pJ6G9eLfXfffBGGXAlViavLWBymgogo/s320/1C48EF0E-85A3-4EBC-B067-5F22FDF94C9A.jpeg’ に保存中

     0K .......... .......... .......... ......               100% 2.46M=0.01s

2026-09-16 09:24:45 (2.46 MB/s) - ‘blogger.googleusercontent.com/img/b/R29vZ2xl/AVvXsEg9nSArT9R8rbIdrZEMKTBHKyEZJCL-KVnsrfljd_9byRCC5fzAUs_emSks21eM2msL3xiefJ58dFoySAgRNdCVpWjLwavMadNkodqRAW3EqOK1pJ6G9eLfXfffBGGXAlViavLWBymgogo/s320/1C48EF0E-85A3-4EBC-B067-5F22FDF94C9A.jpeg’ へ保存完了 [37706/37706]

--2026-09-16 09:24:46--  https://www.tunnelpoemer.com/2019/11/03.html
www.tunnelpoemer.com (www.tunnelpoemer.com)|2404:6800:400b:c005::79|:443 に接続しています... 接続しました。
HTTP による接続要求を送信しました、応答を待っています... 200 OK
長さ: 特定できません [text/html]
‘www.tunnelpoemer.com/2019/11/03.html’ に保存中

     0K .......... .......... .......... .......... .......... 1.41M
    50K ...                                                    16.0M=0.03s

2026-09-16 09:24:47 (1.51 MB/s) - ‘www.tunnelpoemer.com/2019/11/03.html’ へ保存終了 [55115]

--2026-09-16 09:24:48--  https://blogger.googleusercontent.com/img/b/R29vZ2xl/AVvXsEgi1TflWgDZcHZCrLeH7bs80mTipzpYjWcVSLVQgh-PkwrnrStXNy-fyxEhpMqB0CNzvH7sOq0xwrZRcBpjyNpA8Z5_Hng-7wAaQnR4oiBdzcMdhe5T71XrfePmcaPuGaPfLiCSl7AtnXg/s320/CD5788FE-CEBF-446B-9F3A-1163EC384844.jpeg
blogger.googleusercontent.com (blogger.googleusercontent.com)|2404:6800:400b:c005::84|:443 に接続しています... 接続しました。
HTTP による接続要求を送信しました、応答を待っています... 200 OK
長さ: 18086 (18K) [image/jpeg]
‘blogger.googleusercontent.com/img/b/R29vZ2xl/AVvXsEgi1TflWgDZcHZCrLeH7bs80mTipzpYjWcVSLVQgh-PkwrnrStXNy-fyxEhpMqB0CNzvH7sOq0xwrZRcBpjyNpA8Z5_Hng-7wAaQnR4oiBdzcMdhe5T71XrfePmcaPuGaPfLiCSl7AtnXg/s320/CD5788FE-CEBF-446B-9F3A-1163EC384844.jpeg’ に保存中

     0K .......... .......                                    100% 12.1M=0.001s

2026-09-16 09:24:49 (12.1 MB/s) - ‘blogger.googleusercontent.com/img/b/R29vZ2xl/AVvXsEgi1TflWgDZcHZCrLeH7bs80mTipzpYjWcVSLVQgh-PkwrnrStXNy-fyxEhpMqB0CNzvH7sOq0xwrZRcBpjyNpA8Z5_Hng-7wAaQnR4oiBdzcMdhe5T71XrfePmcaPuGaPfLiCSl7AtnXg/s320/CD5788FE-CEBF-446B-9F3A-1163EC384844.jpeg’ へ保存完了 [18086/18086]

--2026-09-16 09:24:50--  https://www.tunnelpoemer.com/2019/11/blog-post_10.html
www.tunnelpoemer.com (www.tunnelpoemer.com)|2404:6800:400b:c005::79|:443 に接続しています... 接続しました。
HTTP による接続要求を送信しました、応答を待っています... 200 OK
長さ: 特定できません [text/html]
‘www.tunnelpoemer.com/2019/11/blog-post_10.html’ に保存中

     0K .......... .......... .......... .......... .......... 2.92M
    50K ...                                                    2.96M=0.02s

2026-09-16 09:24:52 (2.92 MB/s) - ‘www.tunnelpoemer.com/2019/11/blog-post_10.html’ へ保存終了 [54597]

--2026-09-16 09:24:53--  https://blogger.googleusercontent.com/img/b/R29vZ2xl/AVvXsEjq6elfiW_BmW5meWJ2-CiFNiR7EwkhYw1gYlqQXaBN1RxBq-70A1RenQHwNsTnnL_PKAbJxE3UblY3FKYP1qSXMTwzCbsIab65O1qWW9743RyrMzq1kai9EnhZ20f0oLMCRqHlZZRvrS0/s320/08467A37-1392-4C54-98DF-B0518089093B.jpeg
blogger.googleusercontent.com (blogger.googleusercontent.com)|2404:6800:400b:c005::84|:443 に接続しています... 接続しました。
HTTP による接続要求を送信しました、応答を待っています... 200 OK
長さ: 38141 (37K) [image/jpeg]
‘blogger.googleusercontent.com/img/b/R29vZ2xl/AVvXsEjq6elfiW_BmW5meWJ2-CiFNiR7EwkhYw1gYlqQXaBN1RxBq-70A1RenQHwNsTnnL_PKAbJxE3UblY3FKYP1qSXMTwzCbsIab65O1qWW9743RyrMzq1kai9EnhZ20f0oLMCRqHlZZRvrS0/s320/08467A37-1392-4C54-98DF-B0518089093B.jpeg’ に保存中

     0K .......... .......... .......... .......              100% 3.61M=0.01s

2026-09-16 09:24:55 (3.61 MB/s) - ‘blogger.googleusercontent.com/img/b/R29vZ2xl/AVvXsEjq6elfiW_BmW5meWJ2-CiFNiR7EwkhYw1gYlqQXaBN1RxBq-70A1RenQHwNsTnnL_PKAbJxE3UblY3FKYP1qSXMTwzCbsIab65O1qWW9743RyrMzq1kai9EnhZ20f0oLMCRqHlZZRvrS0/s320/08467A37-1392-4C54-98DF-B0518089093B.jpeg’ へ保存完了 [38141/38141]

--2026-09-16 09:24:56--  https://www.tunnelpoemer.com/2019/11/blog-post_16.html
www.tunnelpoemer.com (www.tunnelpoemer.com)|2404:6800:400b:c005::79|:443 に接続しています... 接続しました。
HTTP による接続要求を送信しました、応答を待っています... 200 OK
長さ: 特定できません [text/html]
‘www.tunnelpoemer.com/2019/11/blog-post_16.html’ に保存中

     0K .......... .......... .......... .......... .......... 2.38M
    50K ...                                                    6.41M=0.02s

2026-09-16 09:24:57 (2.47 MB/s) - ‘www.tunnelpoemer.com/2019/11/blog-post_16.html’ へ保存終了 [54642]

--2026-09-16 09:24:58--  https://blogger.googleusercontent.com/img/b/R29vZ2xl/AVvXsEjgz8lN6JsGqysBRfx6XjnImdhiPnwPYqaWw-1Gv2nFqPwkbeMIBwJCWdaIdJqM0NZpB6Oa-dzl5Lap3H-m7UW9R3VBKuyZbdWwvO6jHSx9c6e4QD1QtCUs2WCS6AXGXhYVKiXVhKrnKJA/s320/F249A4A4-0844-4900-BE7C-169FE6D1CEEA.jpeg
blogger.googleusercontent.com (blogger.googleusercontent.com)|2404:6800:400b:c005::84|:443 に接続しています... 接続しました。
HTTP による接続要求を送信しました、応答を待っています... 200 OK
長さ: 21247 (21K) [image/jpeg]
‘blogger.googleusercontent.com/img/b/R29vZ2xl/AVvXsEjgz8lN6JsGqysBRfx6XjnImdhiPnwPYqaWw-1Gv2nFqPwkbeMIBwJCWdaIdJqM0NZpB6Oa-dzl5Lap3H-m7UW9R3VBKuyZbdWwvO6jHSx9c6e4QD1QtCUs2WCS6AXGXhYVKiXVhKrnKJA/s320/F249A4A4-0844-4900-BE7C-169FE6D1CEEA.jpeg’ に保存中

     0K .......... ..........                                 100% 6.79M=0.003s

2026-09-16 09:25:00 (6.79 MB/s) - ‘blogger.googleusercontent.com/img/b/R29vZ2xl/AVvXsEjgz8lN6JsGqysBRfx6XjnImdhiPnwPYqaWw-1Gv2nFqPwkbeMIBwJCWdaIdJqM0NZpB6Oa-dzl5Lap3H-m7UW9R3VBKuyZbdWwvO6jHSx9c6e4QD1QtCUs2WCS6AXGXhYVKiXVhKrnKJA/s320/F249A4A4-0844-4900-BE7C-169FE6D1CEEA.jpeg’ へ保存完了 [21247/21247]

--2026-09-16 09:25:01--  https://www.tunnelpoemer.com/2019/11/blog-post_24.html
www.tunnelpoemer.com (www.tunnelpoemer.com)|2404:6800:400b:c005::79|:443 に接続しています... 接続しました。
HTTP による接続要求を送信しました、応答を待っています... 200 OK
長さ: 特定できません [text/html]
‘www.tunnelpoemer.com/2019/11/blog-post_24.html’ に保存中

     0K .......... .......... .......... .......... .......... 2.10M
    50K ...                                                    6.84M=0.02s

2026-09-16 09:25:01 (2.20 MB/s) - ‘www.tunnelpoemer.com/2019/11/blog-post_24.html’ へ保存終了 [54959]

--2026-09-16 09:25:02--  https://blogger.googleusercontent.com/img/b/R29vZ2xl/AVvXsEjSNgTGG3zC3K8j1fSxt7MibJI3EypjIkBg-x-VvdMNhMqZU004AwrZhOfkTX6q2LJ6OlfUuugOcCyNlctdUiK47oP5_jKOg-etlskaYWooNrr9-aXahcTHYRNWVhFqIzE11poZz1ZnnBo/s320/277CD4C8-D44A-45A2-BA92-813EB531F953.jpeg
blogger.googleusercontent.com (blogger.googleusercontent.com)|2404:6800:400b:c005::84|:443 に接続しています... 接続しました。
HTTP による接続要求を送信しました、応答を待っています... 200 OK
長さ: 25968 (25K) [image/jpeg]
‘blogger.googleusercontent.com/img/b/R29vZ2xl/AVvXsEjSNgTGG3zC3K8j1fSxt7MibJI3EypjIkBg-x-VvdMNhMqZU004AwrZhOfkTX6q2LJ6OlfUuugOcCyNlctdUiK47oP5_jKOg-etlskaYWooNrr9-aXahcTHYRNWVhFqIzE11poZz1ZnnBo/s320/277CD4C8-D44A-45A2-BA92-813EB531F953.jpeg’ に保存中

     0K .......... .......... .....                           100% 2.66M=0.009s

2026-09-16 09:25:04 (2.66 MB/s) - ‘blogger.googleusercontent.com/img/b/R29vZ2xl/AVvXsEjSNgTGG3zC3K8j1fSxt7MibJI3EypjIkBg-x-VvdMNhMqZU004AwrZhOfkTX6q2LJ6OlfUuugOcCyNlctdUiK47oP5_jKOg-etlskaYWooNrr9-aXahcTHYRNWVhFqIzE11poZz1ZnnBo/s320/277CD4C8-D44A-45A2-BA92-813EB531F953.jpeg’ へ保存完了 [25968/25968]

--2026-09-16 09:25:05--  https://www.tunnelpoemer.com/2019/11/blog-post_26.html
www.tunnelpoemer.com (www.tunnelpoemer.com)|2404:6800:400b:c005::79|:443 に接続しています... 接続しました。
HTTP による接続要求を送信しました、応答を待っています... 200 OK
長さ: 特定できません [text/html]
‘www.tunnelpoemer.com/2019/11/blog-post_26.html’ に保存中

     0K .......... .......... .......... .......... ..........  711K
    50K ...                                                    2.77M=0.07s

2026-09-16 09:25:05 (749 KB/s) - ‘www.tunnelpoemer.com/2019/11/blog-post_26.html’ へ保存終了 [54958]

--2026-09-16 09:25:06--  https://blogger.googleusercontent.com/img/b/R29vZ2xl/AVvXsEgdjvHWrJeH507xISP7ERug4LqI78MeQAz8ZwpIjpXXCg_cgJ-k6iZhVGfvwoYCJSn3Tob-L-6lRExKBT9m8kx_Aw806OdYIdKqeT4upPyJrKrLw7YOSszSVs979IcnuiYpTcfu461dOxg/s320/D7ED18DB-F1D3-4A09-A086-9931A05648A9.jpeg
blogger.googleusercontent.com (blogger.googleusercontent.com)|2404:6800:400b:c005::84|:443 に接続しています... 接続しました。
HTTP による接続要求を送信しました、応答を待っています... 200 OK
長さ: 30659 (30K) [image/jpeg]
‘blogger.googleusercontent.com/img/b/R29vZ2xl/AVvXsEgdjvHWrJeH507xISP7ERug4LqI78MeQAz8ZwpIjpXXCg_cgJ-k6iZhVGfvwoYCJSn3Tob-L-6lRExKBT9m8kx_Aw806OdYIdKqeT4upPyJrKrLw7YOSszSVs979IcnuiYpTcfu461dOxg/s320/D7ED18DB-F1D3-4A09-A086-9931A05648A9.jpeg’ に保存中

     0K .......... .......... .........                       100% 3.81M=0.008s

2026-09-16 09:25:08 (3.81 MB/s) - ‘blogger.googleusercontent.com/img/b/R29vZ2xl/AVvXsEgdjvHWrJeH507xISP7ERug4LqI78MeQAz8ZwpIjpXXCg_cgJ-k6iZhVGfvwoYCJSn3Tob-L-6lRExKBT9m8kx_Aw806OdYIdKqeT4upPyJrKrLw7YOSszSVs979IcnuiYpTcfu461dOxg/s320/D7ED18DB-F1D3-4A09-A086-9931A05648A9.jpeg’ へ保存完了 [30659/30659]

--2026-09-16 09:25:09--  https://www.tunnelpoemer.com/2019/11/blog-post_5.html
www.tunnelpoemer.com (www.tunnelpoemer.com)|2404:6800:400b:c005::79|:443 に接続しています... 接続しました。
HTTP による接続要求を送信しました、応答を待っています... 200 OK
長さ: 特定できません [text/html]
‘www.tunnelpoemer.com/2019/11/blog-post_5.html’ に保存中

     0K .......... .......... .......... .......... .......... 2.63M
    50K ...                                                    19.5M=0.02s

2026-09-16 09:25:10 (2.79 MB/s) - ‘www.tunnelpoemer.com/2019/11/blog-post_5.html’ へ保存終了 [54839]

--2026-09-16 09:25:11--  https://blogger.googleusercontent.com/img/b/R29vZ2xl/AVvXsEh8herqphty0zF9QomImnXeol8nqxpGJ-W_kQQhbjtRSmwji1iSG3TEQ4qw3FIvW28TPEe-VhUe7n2vTa-qhlP3fJzuqDbRYQo68U_nOcTICWlWz9fAfwLu_K0qcst1bsTxzstniTakytM/s320/C82BCA1C-66DF-47C0-96A8-8DFA6639AA98.jpeg
blogger.googleusercontent.com (blogger.googleusercontent.com)|2404:6800:400b:c005::84|:443 に接続しています... 接続しました。
HTTP による接続要求を送信しました、応答を待っています... 200 OK
長さ: 17455 (17K) [image/jpeg]
‘blogger.googleusercontent.com/img/b/R29vZ2xl/AVvXsEh8herqphty0zF9QomImnXeol8nqxpGJ-W_kQQhbjtRSmwji1iSG3TEQ4qw3FIvW28TPEe-VhUe7n2vTa-qhlP3fJzuqDbRYQo68U_nOcTICWlWz9fAfwLu_K0qcst1bsTxzstniTakytM/s320/C82BCA1C-66DF-47C0-96A8-8DFA6639AA98.jpeg’ に保存中

     0K .......... .......                                    100% 12.6M=0.001s

2026-09-16 09:25:13 (12.6 MB/s) - ‘blogger.googleusercontent.com/img/b/R29vZ2xl/AVvXsEh8herqphty0zF9QomImnXeol8nqxpGJ-W_kQQhbjtRSmwji1iSG3TEQ4qw3FIvW28TPEe-VhUe7n2vTa-qhlP3fJzuqDbRYQo68U_nOcTICWlWz9fAfwLu_K0qcst1bsTxzstniTakytM/s320/C82BCA1C-66DF-47C0-96A8-8DFA6639AA98.jpeg’ へ保存完了 [17455/17455]

--2026-09-16 09:25:14--  https://www.tunnelpoemer.com/2019/11/blog-post.html
www.tunnelpoemer.com (www.tunnelpoemer.com)|2404:6800:400b:c005::79|:443 に接続しています... 接続しました。
HTTP による接続要求を送信しました、応答を待っています... 200 OK
長さ: 特定できません [text/html]
‘www.tunnelpoemer.com/2019/11/blog-post.html’ に保存中

     0K .......... .......... .......... .......... .......... 2.44M
    50K ...                                                    22.8M=0.02s

2026-09-16 09:25:15 (2.58 MB/s) - ‘www.tunnelpoemer.com/2019/11/blog-post.html’ へ保存終了 [54596]

--2026-09-16 09:25:16--  https://blogger.googleusercontent.com/img/b/R29vZ2xl/AVvXsEjn14q5kdptOJGoXeNTnxr28wmTzacviNcMMHklE9ieC1dHNkVUl66LXLxXw1oMmsrAnyUKWwf_yywUTUay6s9SUWjqr46qaAc8WTJh9c1tLCrGKW9dQcRM_7PH0d57DjnD53S_CoG8LuM/s320/016928CC-0F10-4772-889E-1495008D0519.jpeg
blogger.googleusercontent.com (blogger.googleusercontent.com)|2404:6800:400b:c005::84|:443 に接続しています... 接続しました。
HTTP による接続要求を送信しました、応答を待っています... 200 OK
長さ: 9599 (9.4K) [image/jpeg]
‘blogger.googleusercontent.com/img/b/R29vZ2xl/AVvXsEjn14q5kdptOJGoXeNTnxr28wmTzacviNcMMHklE9ieC1dHNkVUl66LXLxXw1oMmsrAnyUKWwf_yywUTUay6s9SUWjqr46qaAc8WTJh9c1tLCrGKW9dQcRM_7PH0d57DjnD53S_CoG8LuM/s320/016928CC-0F10-4772-889E-1495008D0519.jpeg’ に保存中

     0K .........                                             100% 10.2M=0.001s

2026-09-16 09:25:18 (10.2 MB/s) - ‘blogger.googleusercontent.com/img/b/R29vZ2xl/AVvXsEjn14q5kdptOJGoXeNTnxr28wmTzacviNcMMHklE9ieC1dHNkVUl66LXLxXw1oMmsrAnyUKWwf_yywUTUay6s9SUWjqr46qaAc8WTJh9c1tLCrGKW9dQcRM_7PH0d57DjnD53S_CoG8LuM/s320/016928CC-0F10-4772-889E-1495008D0519.jpeg’ へ保存完了 [9599/9599]

--2026-09-16 09:25:19--  https://www.tunnelpoemer.com/2019/12/0.html
www.tunnelpoemer.com (www.tunnelpoemer.com)|2404:6800:400b:c005::79|:443 に接続しています... 接続しました。
HTTP による接続要求を送信しました、応答を待っています... 200 OK
長さ: 特定できません [text/html]
‘www.tunnelpoemer.com/2019/12/0.html’ に保存中

     0K .......... .......... .......... .......... .......... 2.15M
    50K ...                                                    4.26M=0.02s

2026-09-16 09:25:21 (2.22 MB/s) - ‘www.tunnelpoemer.com/2019/12/0.html’ へ保存終了 [54956]

--2026-09-16 09:25:22--  https://blogger.googleusercontent.com/img/b/R29vZ2xl/AVvXsEiZTS4DGrWAQUNwwEMZZKR9GxJok1lfd51ICvn3sMuuXOZbMK46xFFjYAzGnjegWtPNbbF0sg-7h9Z95cHrZr52P625XgLhtvWCTAqjGLhA-mmaqs8iuCGLfwREwFZ24xrE15HKDlu1nxY/s320/C364E055-6932-439D-8E6E-C2B2FDD3AC44.jpeg
blogger.googleusercontent.com (blogger.googleusercontent.com)|2404:6800:400b:c005::84|:443 に接続しています... 接続しました。
HTTP による接続要求を送信しました、応答を待っています... 200 OK
長さ: 22548 (22K) [image/jpeg]
‘blogger.googleusercontent.com/img/b/R29vZ2xl/AVvXsEiZTS4DGrWAQUNwwEMZZKR9GxJok1lfd51ICvn3sMuuXOZbMK46xFFjYAzGnjegWtPNbbF0sg-7h9Z95cHrZr52P625XgLhtvWCTAqjGLhA-mmaqs8iuCGLfwREwFZ24xrE15HKDlu1nxY/s320/C364E055-6932-439D-8E6E-C2B2FDD3AC44.jpeg’ に保存中

     0K .......... .......... ..                              100% 2.35M=0.009s

2026-09-16 09:25:23 (2.35 MB/s) - ‘blogger.googleusercontent.com/img/b/R29vZ2xl/AVvXsEiZTS4DGrWAQUNwwEMZZKR9GxJok1lfd51ICvn3sMuuXOZbMK46xFFjYAzGnjegWtPNbbF0sg-7h9Z95cHrZr52P625XgLhtvWCTAqjGLhA-mmaqs8iuCGLfwREwFZ24xrE15HKDlu1nxY/s320/C364E055-6932-439D-8E6E-C2B2FDD3AC44.jpeg’ へ保存完了 [22548/22548]

--2026-09-16 09:25:24--  https://www.tunnelpoemer.com/2019/12/blog-post.html
www.tunnelpoemer.com (www.tunnelpoemer.com)|2404:6800:400b:c005::79|:443 に接続しています... 接続しました。
HTTP による接続要求を送信しました、応答を待っています... 200 OK
長さ: 特定できません [text/html]
‘www.tunnelpoemer.com/2019/12/blog-post.html’ に保存中

     0K .......... .......... .......... .......... .......... 1.42M
    50K ..                                                     21.6M=0.03s

2026-09-16 09:25:26 (1.50 MB/s) - ‘www.tunnelpoemer.com/2019/12/blog-post.html’ へ保存終了 [54168]

--2026-09-16 09:25:27--  https://blogger.googleusercontent.com/img/b/R29vZ2xl/AVvXsEhlaHJDS3e2p7LppPLYzazrg6BYYsWdmdar2Y5dEj4PkjfFJfFiVg1erU-0t40Y4-j0Ve0Iv36AA7ta4mvX2ZTYlaOypHZJ3fR04giKSpUsIHrOQxByCj6VclWylk7jzSwRjBdziWqyxAs/s320/IMG_4537.jpg
blogger.googleusercontent.com (blogger.googleusercontent.com)|2404:6800:400b:c005::84|:443 に接続しています... 接続しました。
HTTP による接続要求を送信しました、応答を待っています... 200 OK
長さ: 37713 (37K) [image/jpeg]
‘blogger.googleusercontent.com/img/b/R29vZ2xl/AVvXsEhlaHJDS3e2p7LppPLYzazrg6BYYsWdmdar2Y5dEj4PkjfFJfFiVg1erU-0t40Y4-j0Ve0Iv36AA7ta4mvX2ZTYlaOypHZJ3fR04giKSpUsIHrOQxByCj6VclWylk7jzSwRjBdziWqyxAs/s320/IMG_4537.jpg’ に保存中

     0K .......... .......... .......... ......               100%  619K=0.06s

2026-09-16 09:25:28 (619 KB/s) - ‘blogger.googleusercontent.com/img/b/R29vZ2xl/AVvXsEhlaHJDS3e2p7LppPLYzazrg6BYYsWdmdar2Y5dEj4PkjfFJfFiVg1erU-0t40Y4-j0Ve0Iv36AA7ta4mvX2ZTYlaOypHZJ3fR04giKSpUsIHrOQxByCj6VclWylk7jzSwRjBdziWqyxAs/s320/IMG_4537.jpg’ へ保存完了 [37713/37713]

--2026-09-16 09:25:29--  https://www.tunnelpoemer.com/2020/01/blog-post_16.html
www.tunnelpoemer.com (www.tunnelpoemer.com)|2404:6800:400b:c005::79|:443 に接続しています... 接続しました。
HTTP による接続要求を送信しました、応答を待っています... 200 OK
長さ: 特定できません [text/html]
‘www.tunnelpoemer.com/2020/01/blog-post_16.html’ に保存中

     0K .......... .......... .......... .......... .......... 2.06M
    50K ...                                                    2.86M=0.03s

2026-09-16 09:25:30 (2.10 MB/s) - ‘www.tunnelpoemer.com/2020/01/blog-post_16.html’ へ保存終了 [55181]

--2026-09-16 09:25:31--  https://blogger.googleusercontent.com/img/b/R29vZ2xl/AVvXsEgNwWm1GCy_VQS-VAon3RmOmiaWjfBrmDcJclWKfx-nhLMESHHMTU86bQJ-hwjRk5Cfj8YarDJJgJeq7RH4ASdlgLrZynhPOiMR_uT0lWjtJwNPkxitIrGOhAdpFegtanLi59K-TBCQ9-k/s320/37D00F83-D2F5-4E10-A148-134A242632D5.jpeg
blogger.googleusercontent.com (blogger.googleusercontent.com)|2404:6800:400b:c005::84|:443 に接続しています... 接続しました。
HTTP による接続要求を送信しました、応答を待っています... 200 OK
長さ: 29906 (29K) [image/jpeg]
‘blogger.googleusercontent.com/img/b/R29vZ2xl/AVvXsEgNwWm1GCy_VQS-VAon3RmOmiaWjfBrmDcJclWKfx-nhLMESHHMTU86bQJ-hwjRk5Cfj8YarDJJgJeq7RH4ASdlgLrZynhPOiMR_uT0lWjtJwNPkxitIrGOhAdpFegtanLi59K-TBCQ9-k/s320/37D00F83-D2F5-4E10-A148-134A242632D5.jpeg’ に保存中

     0K .......... .......... .........                       100% 2.14M=0.01s

2026-09-16 09:25:33 (2.14 MB/s) - ‘blogger.googleusercontent.com/img/b/R29vZ2xl/AVvXsEgNwWm1GCy_VQS-VAon3RmOmiaWjfBrmDcJclWKfx-nhLMESHHMTU86bQJ-hwjRk5Cfj8YarDJJgJeq7RH4ASdlgLrZynhPOiMR_uT0lWjtJwNPkxitIrGOhAdpFegtanLi59K-TBCQ9-k/s320/37D00F83-D2F5-4E10-A148-134A242632D5.jpeg’ へ保存完了 [29906/29906]

--2026-09-16 09:25:34--  https://www.tunnelpoemer.com/2020/01/blog-post_17.html
www.tunnelpoemer.com (www.tunnelpoemer.com)|2404:6800:400b:c005::79|:443 に接続しています... 接続しました。
HTTP による接続要求を送信しました、応答を待っています... 200 OK
長さ: 特定できません [text/html]
‘www.tunnelpoemer.com/2020/01/blog-post_17.html’ に保存中

     0K .......... .......... .......... .......... .......... 3.05M
    50K ....                                                   14.9M=0.02s

2026-09-16 09:25:34 (3.24 MB/s) - ‘www.tunnelpoemer.com/2020/01/blog-post_17.html’ へ保存終了 [55357]

--2026-09-16 09:25:35--  https://blogger.googleusercontent.com/img/b/R29vZ2xl/AVvXsEg3L6nsqG2S6NV3uf55EbK5X3xEoU-q1Wxn2efmttvAZ-8I5JBqwVpHuX_mVtGSWt_w6556T3ZwnrattmK8epMl96INB0PM94C9-92voKt4BLHRWChoAq1RE3a2MzDVtrPG7SP2taftBr4/s320/6E6D40F2-DB2E-47B0-AF5D-27094973B9C0.jpeg
blogger.googleusercontent.com (blogger.googleusercontent.com)|2404:6800:400b:c005::84|:443 に接続しています... 接続しました。
HTTP による接続要求を送信しました、応答を待っています... 200 OK
長さ: 32603 (32K) [image/jpeg]
‘blogger.googleusercontent.com/img/b/R29vZ2xl/AVvXsEg3L6nsqG2S6NV3uf55EbK5X3xEoU-q1Wxn2efmttvAZ-8I5JBqwVpHuX_mVtGSWt_w6556T3ZwnrattmK8epMl96INB0PM94C9-92voKt4BLHRWChoAq1RE3a2MzDVtrPG7SP2taftBr4/s320/6E6D40F2-DB2E-47B0-AF5D-27094973B9C0.jpeg’ に保存中

     0K .......... .......... .......... .                    100% 3.54M=0.009s

2026-09-16 09:25:36 (3.54 MB/s) - ‘blogger.googleusercontent.com/img/b/R29vZ2xl/AVvXsEg3L6nsqG2S6NV3uf55EbK5X3xEoU-q1Wxn2efmttvAZ-8I5JBqwVpHuX_mVtGSWt_w6556T3ZwnrattmK8epMl96INB0PM94C9-92voKt4BLHRWChoAq1RE3a2MzDVtrPG7SP2taftBr4/s320/6E6D40F2-DB2E-47B0-AF5D-27094973B9C0.jpeg’ へ保存完了 [32603/32603]

--2026-09-16 09:25:37--  https://www.tunnelpoemer.com/2020/01/blog-post_20.html
www.tunnelpoemer.com (www.tunnelpoemer.com)|2404:6800:400b:c005::79|:443 に接続しています... 接続しました。
HTTP による接続要求を送信しました、応答を待っています... 200 OK
長さ: 特定できません [text/html]
‘www.tunnelpoemer.com/2020/01/blog-post_20.html’ に保存中

     0K .......... .......... .......... .......... .......... 1.20M
    50K ...                                                    14.3M=0.04s

2026-09-16 09:25:38 (1.29 MB/s) - ‘www.tunnelpoemer.com/2020/01/blog-post_20.html’ へ保存終了 [55207]

--2026-09-16 09:25:39--  https://blogger.googleusercontent.com/img/b/R29vZ2xl/AVvXsEjJcsP3dAN8vSvIUB2Jxp4gLWHDTHuve-n_gKPBZg09XBNOfzkcWfq4qzATTxPYKf-cnV-QT5V7Kpa3wbW5-rYCWqz8QEgncQDChE-NyETHcxsqf69EiprN7Vu6PTWFM5Arc8pmAgAiGxs/s320/A73EC5A1-1960-46DE-8EE6-5C8697640515.jpeg
blogger.googleusercontent.com (blogger.googleusercontent.com)|2404:6800:400b:c005::84|:443 に接続しています... 接続しました。
HTTP による接続要求を送信しました、応答を待っています... 200 OK
長さ: 39626 (39K) [image/jpeg]
‘blogger.googleusercontent.com/img/b/R29vZ2xl/AVvXsEjJcsP3dAN8vSvIUB2Jxp4gLWHDTHuve-n_gKPBZg09XBNOfzkcWfq4qzATTxPYKf-cnV-QT5V7Kpa3wbW5-rYCWqz8QEgncQDChE-NyETHcxsqf69EiprN7Vu6PTWFM5Arc8pmAgAiGxs/s320/A73EC5A1-1960-46DE-8EE6-5C8697640515.jpeg’ に保存中

     0K .......... .......... .......... ........             100% 2.62M=0.01s

2026-09-16 09:25:40 (2.62 MB/s) - ‘blogger.googleusercontent.com/img/b/R29vZ2xl/AVvXsEjJcsP3dAN8vSvIUB2Jxp4gLWHDTHuve-n_gKPBZg09XBNOfzkcWfq4qzATTxPYKf-cnV-QT5V7Kpa3wbW5-rYCWqz8QEgncQDChE-NyETHcxsqf69EiprN7Vu6PTWFM5Arc8pmAgAiGxs/s320/A73EC5A1-1960-46DE-8EE6-5C8697640515.jpeg’ へ保存完了 [39626/39626]

--2026-09-16 09:25:41--  https://www.tunnelpoemer.com/2020/01/blog-post_21.html
www.tunnelpoemer.com (www.tunnelpoemer.com)|2404:6800:400b:c005::79|:443 に接続しています... 接続しました。
HTTP による接続要求を送信しました、応答を待っています... 200 OK
長さ: 特定できません [text/html]
‘www.tunnelpoemer.com/2020/01/blog-post_21.html’ に保存中

     0K .......... .......... .......... .......... .......... 1.12M
    50K ...                                                    24.9M=0.04s

2026-09-16 09:25:42 (1.20 MB/s) - ‘www.tunnelpoemer.com/2020/01/blog-post_21.html’ へ保存終了 [54998]

--2026-09-16 09:25:43--  https://blogger.googleusercontent.com/img/b/R29vZ2xl/AVvXsEgOyWJ4yS8d8uQ51wAReXvbJF_HPMoguIsmopio71qSqvF2L01-nMC9y6mJQY9BDBpbroo8NSW5c9Xsue_YXaTiQ5obcWclz7XKE0fwnLL8xwcYKjbGPwNTT7-O9ObC8XRYVAud6apocNc/s320/37C4469A-6F20-4AE3-BA00-B529AC633D00.jpeg
blogger.googleusercontent.com (blogger.googleusercontent.com)|2404:6800:400b:c005::84|:443 に接続しています... 接続しました。
HTTP による接続要求を送信しました、応答を待っています... 200 OK
長さ: 40326 (39K) [image/jpeg]
‘blogger.googleusercontent.com/img/b/R29vZ2xl/AVvXsEgOyWJ4yS8d8uQ51wAReXvbJF_HPMoguIsmopio71qSqvF2L01-nMC9y6mJQY9BDBpbroo8NSW5c9Xsue_YXaTiQ5obcWclz7XKE0fwnLL8xwcYKjbGPwNTT7-O9ObC8XRYVAud6apocNc/s320/37C4469A-6F20-4AE3-BA00-B529AC633D00.jpeg’ に保存中

     0K .......... .......... .......... .........            100% 2.52M=0.02s

2026-09-16 09:25:45 (2.52 MB/s) - ‘blogger.googleusercontent.com/img/b/R29vZ2xl/AVvXsEgOyWJ4yS8d8uQ51wAReXvbJF_HPMoguIsmopio71qSqvF2L01-nMC9y6mJQY9BDBpbroo8NSW5c9Xsue_YXaTiQ5obcWclz7XKE0fwnLL8xwcYKjbGPwNTT7-O9ObC8XRYVAud6apocNc/s320/37C4469A-6F20-4AE3-BA00-B529AC633D00.jpeg’ へ保存完了 [40326/40326]

--2026-09-16 09:25:46--  https://www.tunnelpoemer.com/2020/01/blog-post_24.html
www.tunnelpoemer.com (www.tunnelpoemer.com)|2404:6800:400b:c005::79|:443 に接続しています... 接続しました。
HTTP による接続要求を送信しました、応答を待っています... 200 OK
長さ: 特定できません [text/html]
‘www.tunnelpoemer.com/2020/01/blog-post_24.html’ に保存中

     0K .......... .......... .......... .......... .......... 2.40M
    50K ....                                                   3.26M=0.02s

2026-09-16 09:25:47 (2.45 MB/s) - ‘www.tunnelpoemer.com/2020/01/blog-post_24.html’ へ保存終了 [55691]

--2026-09-16 09:25:48--  https://blogger.googleusercontent.com/img/b/R29vZ2xl/AVvXsEiUtVasTTqsJTQAXGo4gwdirc40RBk3gnI7Cd52sKaomeM7ofsh4Xy5or2DaihrBr6hYzWJE27cmAiSONn4aMPsa6KJgAqmrreO-WCbAIRERFSURKwpqX-28_D2V6CUgguD0TK4sKTY6dY/s320/10F6D92A-4282-44BF-8A0B-C8535868A615.jpeg
blogger.googleusercontent.com (blogger.googleusercontent.com)|2404:6800:400b:c005::84|:443 に接続しています... 接続しました。
HTTP による接続要求を送信しました、応答を待っています... 200 OK
長さ: 28089 (27K) [image/jpeg]
‘blogger.googleusercontent.com/img/b/R29vZ2xl/AVvXsEiUtVasTTqsJTQAXGo4gwdirc40RBk3gnI7Cd52sKaomeM7ofsh4Xy5or2DaihrBr6hYzWJE27cmAiSONn4aMPsa6KJgAqmrreO-WCbAIRERFSURKwpqX-28_D2V6CUgguD0TK4sKTY6dY/s320/10F6D92A-4282-44BF-8A0B-C8535868A615.jpeg’ に保存中

     0K .......... .......... .......                         100% 2.39M=0.01s

2026-09-16 09:25:49 (2.39 MB/s) - ‘blogger.googleusercontent.com/img/b/R29vZ2xl/AVvXsEiUtVasTTqsJTQAXGo4gwdirc40RBk3gnI7Cd52sKaomeM7ofsh4Xy5or2DaihrBr6hYzWJE27cmAiSONn4aMPsa6KJgAqmrreO-WCbAIRERFSURKwpqX-28_D2V6CUgguD0TK4sKTY6dY/s320/10F6D92A-4282-44BF-8A0B-C8535868A615.jpeg’ へ保存完了 [28089/28089]

--2026-09-16 09:25:50--  https://www.tunnelpoemer.com/2020/01/blog-post_27.html
www.tunnelpoemer.com (www.tunnelpoemer.com)|2404:6800:400b:c005::79|:443 に接続しています... 接続しました。
HTTP による接続要求を送信しました、応答を待っています... 200 OK
長さ: 特定できません [text/html]
‘www.tunnelpoemer.com/2020/01/blog-post_27.html’ に保存中

     0K .......... .......... .......... .......... .......... 2.41M
    50K ...                                                    13.8M=0.02s

2026-09-16 09:25:51 (2.56 MB/s) - ‘www.tunnelpoemer.com/2020/01/blog-post_27.html’ へ保存終了 [55016]

--2026-09-16 09:25:52--  https://blogger.googleusercontent.com/img/b/R29vZ2xl/AVvXsEgnfEYsdiaNuUvEN1hQoKEmDy4_rInjoF8dNCk6ADi37VUVxseT0PhziPQo98vbLvRBwpkKApcH-N9Gx2eQlS26BLc8yOkl6JBrgr3c5susT_DRtGoEAiHziRwJAAdHq1F1PNN89aIKGBw/s320/IMG_5961.jpg
blogger.googleusercontent.com (blogger.googleusercontent.com)|2404:6800:400b:c005::84|:443 に接続しています... 接続しました。
HTTP による接続要求を送信しました、応答を待っています... 200 OK
長さ: 25952 (25K) [image/jpeg]
‘blogger.googleusercontent.com/img/b/R29vZ2xl/AVvXsEgnfEYsdiaNuUvEN1hQoKEmDy4_rInjoF8dNCk6ADi37VUVxseT0PhziPQo98vbLvRBwpkKApcH-N9Gx2eQlS26BLc8yOkl6JBrgr3c5susT_DRtGoEAiHziRwJAAdHq1F1PNN89aIKGBw/s320/IMG_5961.jpg’ に保存中

     0K .......... .......... .....                           100% 2.81M=0.009s

2026-09-16 09:25:54 (2.81 MB/s) - ‘blogger.googleusercontent.com/img/b/R29vZ2xl/AVvXsEgnfEYsdiaNuUvEN1hQoKEmDy4_rInjoF8dNCk6ADi37VUVxseT0PhziPQo98vbLvRBwpkKApcH-N9Gx2eQlS26BLc8yOkl6JBrgr3c5susT_DRtGoEAiHziRwJAAdHq1F1PNN89aIKGBw/s320/IMG_5961.jpg’ へ保存完了 [25952/25952]

--2026-09-16 09:25:55--  https://www.tunnelpoemer.com/2020/01/blog-post_31.html
www.tunnelpoemer.com (www.tunnelpoemer.com)|2404:6800:400b:c005::79|:443 に接続しています... 接続しました。
HTTP による接続要求を送信しました、応答を待っています... 200 OK
長さ: 特定できません [text/html]
‘www.tunnelpoemer.com/2020/01/blog-post_31.html’ に保存中

     0K .......... .......... .......... .......... .......... 2.22M
    50K ...                                                    20.3M=0.02s

2026-09-16 09:25:56 (2.37 MB/s) - ‘www.tunnelpoemer.com/2020/01/blog-post_31.html’ へ保存終了 [55124]

--2026-09-16 09:25:57--  https://blogger.googleusercontent.com/img/b/R29vZ2xl/AVvXsEjq8xR9Q6QtTtJpwa1B7zZn1iypaRRpwq6oIdm8ma2pc1jWIi__KWt2RXXP9AR-frV562YvRGl0YX-CA3XV0z3Is-ij_mLGiuhC4gfw62bSosOX4eWiUlxjUBg1gBk2dCGZamSMnVIkF2Q/s320/A0A9E884-A484-4364-AD20-F053AFEB5A2A.jpeg
blogger.googleusercontent.com (blogger.googleusercontent.com)|2404:6800:400b:c005::84|:443 に接続しています... 接続しました。
HTTP による接続要求を送信しました、応答を待っています... 200 OK
長さ: 26876 (26K) [image/jpeg]
‘blogger.googleusercontent.com/img/b/R29vZ2xl/AVvXsEjq8xR9Q6QtTtJpwa1B7zZn1iypaRRpwq6oIdm8ma2pc1jWIi__KWt2RXXP9AR-frV562YvRGl0YX-CA3XV0z3Is-ij_mLGiuhC4gfw62bSosOX4eWiUlxjUBg1gBk2dCGZamSMnVIkF2Q/s320/A0A9E884-A484-4364-AD20-F053AFEB5A2A.jpeg’ に保存中

     0K .......... .......... ......                          100% 2.60M=0.01s

2026-09-16 09:25:58 (2.60 MB/s) - ‘blogger.googleusercontent.com/img/b/R29vZ2xl/AVvXsEjq8xR9Q6QtTtJpwa1B7zZn1iypaRRpwq6oIdm8ma2pc1jWIi__KWt2RXXP9AR-frV562YvRGl0YX-CA3XV0z3Is-ij_mLGiuhC4gfw62bSosOX4eWiUlxjUBg1gBk2dCGZamSMnVIkF2Q/s320/A0A9E884-A484-4364-AD20-F053AFEB5A2A.jpeg’ へ保存完了 [26876/26876]

--2026-09-16 09:25:59--  https://www.tunnelpoemer.com/2020/01/blog-post.html
www.tunnelpoemer.com (www.tunnelpoemer.com)|2404:6800:400b:c005::79|:443 に接続しています... 接続しました。
HTTP による接続要求を送信しました、応答を待っています... 200 OK
長さ: 特定できません [text/html]
‘www.tunnelpoemer.com/2020/01/blog-post.html’ に保存中

     0K .......... .......... .......... .......... .......... 2.90M
    50K ...                                                    3.08M=0.02s

2026-09-16 09:26:01 (2.91 MB/s) - ‘www.tunnelpoemer.com/2020/01/blog-post.html’ へ保存終了 [54890]

--2026-09-16 09:26:02--  https://blogger.googleusercontent.com/img/b/R29vZ2xl/AVvXsEh5EUA2060Rv0egqOgc6L1_Se5jNS89QkMNMr2ZrHaX7hwtNFjM-poJcGH6V3jv2VI0tUElv2rEr4Yznwx_efsbeuAwIBxqAV1Eac2A_jIOaL2xQBYeJn7w-xjLeacJdSGHMVBnJzHTfog/s320/9A6C34CC-F15B-4781-BB83-5642431EC49E.jpeg
blogger.googleusercontent.com (blogger.googleusercontent.com)|2404:6800:400b:c005::84|:443 に接続しています... 接続しました。
HTTP による接続要求を送信しました、応答を待っています... 200 OK
長さ: 40549 (40K) [image/jpeg]
‘blogger.googleusercontent.com/img/b/R29vZ2xl/AVvXsEh5EUA2060Rv0egqOgc6L1_Se5jNS89QkMNMr2ZrHaX7hwtNFjM-poJcGH6V3jv2VI0tUElv2rEr4Yznwx_efsbeuAwIBxqAV1Eac2A_jIOaL2xQBYeJn7w-xjLeacJdSGHMVBnJzHTfog/s320/9A6C34CC-F15B-4781-BB83-5642431EC49E.jpeg’ に保存中

     0K .......... .......... .......... .........            100% 2.95M=0.01s

2026-09-16 09:26:05 (2.95 MB/s) - ‘blogger.googleusercontent.com/img/b/R29vZ2xl/AVvXsEh5EUA2060Rv0egqOgc6L1_Se5jNS89QkMNMr2ZrHaX7hwtNFjM-poJcGH6V3jv2VI0tUElv2rEr4Yznwx_efsbeuAwIBxqAV1Eac2A_jIOaL2xQBYeJn7w-xjLeacJdSGHMVBnJzHTfog/s320/9A6C34CC-F15B-4781-BB83-5642431EC49E.jpeg’ へ保存完了 [40549/40549]

--2026-09-16 09:26:06--  https://www.tunnelpoemer.com/2020/01/c.html
www.tunnelpoemer.com (www.tunnelpoemer.com)|2404:6800:400b:c005::79|:443 に接続しています... 接続しました。
HTTP による接続要求を送信しました、応答を待っています... 200 OK
長さ: 特定できません [text/html]
‘www.tunnelpoemer.com/2020/01/c.html’ に保存中

     0K .......... .......... .......... .......... .......... 2.55M
    50K ...                                                    2.70M=0.02s

2026-09-16 09:26:07 (2.56 MB/s) - ‘www.tunnelpoemer.com/2020/01/c.html’ へ保存終了 [55262]

--2026-09-16 09:26:08--  https://blogger.googleusercontent.com/img/b/R29vZ2xl/AVvXsEiff_F4N0thVSUlj5Ym5mpLsREdHiIQ224rKA8ylyhOZSkrH5cbvoEBXdJLWlm5gh2ZiZX6LUGJXGTMew3cjH8xlFJO07kye48pqoMyvMvR94PEOdJkBvrl3HcXCP0cBI0_2CJ0vHSvFms/s320/7E4ECDF3-2BDF-4A0C-8538-7A9C372D0BF6.jpeg
blogger.googleusercontent.com (blogger.googleusercontent.com)|2404:6800:400b:c005::84|:443 に接続しています... 接続しました。
HTTP による接続要求を送信しました、応答を待っています... 200 OK
長さ: 21895 (21K) [image/jpeg]
‘blogger.googleusercontent.com/img/b/R29vZ2xl/AVvXsEiff_F4N0thVSUlj5Ym5mpLsREdHiIQ224rKA8ylyhOZSkrH5cbvoEBXdJLWlm5gh2ZiZX6LUGJXGTMew3cjH8xlFJO07kye48pqoMyvMvR94PEOdJkBvrl3HcXCP0cBI0_2CJ0vHSvFms/s320/7E4ECDF3-2BDF-4A0C-8538-7A9C372D0BF6.jpeg’ に保存中

     0K .......... .......... .                               100% 2.81M=0.007s

2026-09-16 09:26:09 (2.81 MB/s) - ‘blogger.googleusercontent.com/img/b/R29vZ2xl/AVvXsEiff_F4N0thVSUlj5Ym5mpLsREdHiIQ224rKA8ylyhOZSkrH5cbvoEBXdJLWlm5gh2ZiZX6LUGJXGTMew3cjH8xlFJO07kye48pqoMyvMvR94PEOdJkBvrl3HcXCP0cBI0_2CJ0vHSvFms/s320/7E4ECDF3-2BDF-4A0C-8538-7A9C372D0BF6.jpeg’ へ保存完了 [21895/21895]

--2026-09-16 09:26:10--  https://www.tunnelpoemer.com/2020/02/blog-post_4.html
www.tunnelpoemer.com (www.tunnelpoemer.com)|2404:6800:400b:c005::79|:443 に接続しています... 接続しました。
HTTP による接続要求を送信しました、応答を待っています... 200 OK
長さ: 特定できません [text/html]
‘www.tunnelpoemer.com/2020/02/blog-post_4.html’ に保存中

     0K .......... .......... .......... .......... .......... 3.34M
    50K ...                                                    15.8M=0.01s

2026-09-16 09:26:11 (3.51 MB/s) - ‘www.tunnelpoemer.com/2020/02/blog-post_4.html’ へ保存終了 [54550]

--2026-09-16 09:26:12--  https://blogger.googleusercontent.com/img/b/R29vZ2xl/AVvXsEjXXQye6bBzH3s1jFAoBF68WkQkwXNuDT0oYzZRPHkfAvZTn4XYTHe2Ib4_6wU5w-wKqcnZkdXw7AkwIum1DQjtVCSE_miMVp9z5lgeJ8MpCJjBYbLydqW23gE7yYko4jZo9w9cLyo0QFY/s320/AFE11A70-F660-4C33-BD1E-B82CDE391CD8.jpeg
blogger.googleusercontent.com (blogger.googleusercontent.com)|2404:6800:400b:c005::84|:443 に接続しています... 接続しました。
HTTP による接続要求を送信しました、応答を待っています... 200 OK
長さ: 24059 (23K) [image/jpeg]
‘blogger.googleusercontent.com/img/b/R29vZ2xl/AVvXsEjXXQye6bBzH3s1jFAoBF68WkQkwXNuDT0oYzZRPHkfAvZTn4XYTHe2Ib4_6wU5w-wKqcnZkdXw7AkwIum1DQjtVCSE_miMVp9z5lgeJ8MpCJjBYbLydqW23gE7yYko4jZo9w9cLyo0QFY/s320/AFE11A70-F660-4C33-BD1E-B82CDE391CD8.jpeg’ に保存中

     0K .......... .......... ...                             100% 3.53M=0.006s

2026-09-16 09:26:13 (3.53 MB/s) - ‘blogger.googleusercontent.com/img/b/R29vZ2xl/AVvXsEjXXQye6bBzH3s1jFAoBF68WkQkwXNuDT0oYzZRPHkfAvZTn4XYTHe2Ib4_6wU5w-wKqcnZkdXw7AkwIum1DQjtVCSE_miMVp9z5lgeJ8MpCJjBYbLydqW23gE7yYko4jZo9w9cLyo0QFY/s320/AFE11A70-F660-4C33-BD1E-B82CDE391CD8.jpeg’ へ保存完了 [24059/24059]

--2026-09-16 09:26:14--  https://www.tunnelpoemer.com/2020/02/blog-post_9.html
www.tunnelpoemer.com (www.tunnelpoemer.com)|2404:6800:400b:c005::79|:443 に接続しています... 接続しました。
HTTP による接続要求を送信しました、応答を待っています... 200 OK
長さ: 特定できません [text/html]
‘www.tunnelpoemer.com/2020/02/blog-post_9.html’ に保存中

     0K .......... .......... .......... .......... .......... 2.99M
    50K ...                                                    18.9M=0.02s

2026-09-16 09:26:16 (3.15 MB/s) - ‘www.tunnelpoemer.com/2020/02/blog-post_9.html’ へ保存終了 [54482]

--2026-09-16 09:26:17--  https://blogger.googleusercontent.com/img/b/R29vZ2xl/AVvXsEjGAl1TMj-KEN9kTtZC-BnpWA35vbhC-AOEt839OtxCF6YnljHiXij3AkqxLvEW2K5Q6uGtKwLr9g8n8OR1q5FJTf1SCm00Fahr_fKwIdhIERi3oIlX6hOz192oZc2LYvBW3ccuxnMmJuM/s320/830346E1-DC48-4A06-895B-A6D98328CC64.jpeg
blogger.googleusercontent.com (blogger.googleusercontent.com)|2404:6800:400b:c005::84|:443 に接続しています... 接続しました。
HTTP による接続要求を送信しました、応答を待っています... 200 OK
長さ: 20797 (20K) [image/jpeg]
‘blogger.googleusercontent.com/img/b/R29vZ2xl/AVvXsEjGAl1TMj-KEN9kTtZC-BnpWA35vbhC-AOEt839OtxCF6YnljHiXij3AkqxLvEW2K5Q6uGtKwLr9g8n8OR1q5FJTf1SCm00Fahr_fKwIdhIERi3oIlX6hOz192oZc2LYvBW3ccuxnMmJuM/s320/830346E1-DC48-4A06-895B-A6D98328CC64.jpeg’ に保存中

     0K .......... ..........                                 100% 17.2M=0.001s

2026-09-16 09:26:19 (17.2 MB/s) - ‘blogger.googleusercontent.com/img/b/R29vZ2xl/AVvXsEjGAl1TMj-KEN9kTtZC-BnpWA35vbhC-AOEt839OtxCF6YnljHiXij3AkqxLvEW2K5Q6uGtKwLr9g8n8OR1q5FJTf1SCm00Fahr_fKwIdhIERi3oIlX6hOz192oZc2LYvBW3ccuxnMmJuM/s320/830346E1-DC48-4A06-895B-A6D98328CC64.jpeg’ へ保存完了 [20797/20797]

--2026-09-16 09:26:20--  https://www.tunnelpoemer.com/2020/02/blog-post.html
www.tunnelpoemer.com (www.tunnelpoemer.com)|2404:6800:400b:c005::79|:443 に接続しています... 接続しました。
HTTP による接続要求を送信しました、応答を待っています... 200 OK
長さ: 特定できません [text/html]
‘www.tunnelpoemer.com/2020/02/blog-post.html’ に保存中

     0K .......... .......... .......... .......... .......... 3.32M
    50K ..                                                     2.00M=0.02s

2026-09-16 09:26:22 (3.20 MB/s) - ‘www.tunnelpoemer.com/2020/02/blog-post.html’ へ保存終了 [54248]

--2026-09-16 09:26:23--  https://blogger.googleusercontent.com/img/b/R29vZ2xl/AVvXsEhIMY5ft5JcBdsfW3ZhLJKXfM77Y5ILhRl4alMyI5vWwHKWUNr-CP4CGEIHx13EM6DqgzYBaE3MDtc1FIniRt7I1FZZGpN3WmiTgOJuN-rF8bEZRkiMxlsAx3lEhoNKW-aIQeE9u8W68aA/s320/929AF131-F78E-4072-854A-EDF1972948E0.jpeg
blogger.googleusercontent.com (blogger.googleusercontent.com)|2404:6800:400b:c005::84|:443 に接続しています... 接続しました。
HTTP による接続要求を送信しました、応答を待っています... 200 OK
長さ: 32182 (31K) [image/jpeg]
‘blogger.googleusercontent.com/img/b/R29vZ2xl/AVvXsEhIMY5ft5JcBdsfW3ZhLJKXfM77Y5ILhRl4alMyI5vWwHKWUNr-CP4CGEIHx13EM6DqgzYBaE3MDtc1FIniRt7I1FZZGpN3WmiTgOJuN-rF8bEZRkiMxlsAx3lEhoNKW-aIQeE9u8W68aA/s320/929AF131-F78E-4072-854A-EDF1972948E0.jpeg’ に保存中

     0K .......... .......... .......... .                    100% 2.29M=0.01s

2026-09-16 09:26:25 (2.29 MB/s) - ‘blogger.googleusercontent.com/img/b/R29vZ2xl/AVvXsEhIMY5ft5JcBdsfW3ZhLJKXfM77Y5ILhRl4alMyI5vWwHKWUNr-CP4CGEIHx13EM6DqgzYBaE3MDtc1FIniRt7I1FZZGpN3WmiTgOJuN-rF8bEZRkiMxlsAx3lEhoNKW-aIQeE9u8W68aA/s320/929AF131-F78E-4072-854A-EDF1972948E0.jpeg’ へ保存完了 [32182/32182]

--2026-09-16 09:26:26--  https://www.tunnelpoemer.com/2020/03/1523f.html
www.tunnelpoemer.com (www.tunnelpoemer.com)|2404:6800:400b:c005::79|:443 に接続しています... 接続しました。
HTTP による接続要求を送信しました、応答を待っています... 200 OK
長さ: 特定できません [text/html]
‘www.tunnelpoemer.com/2020/03/1523f.html’ に保存中

     0K .......... .......... .......... .......... .......... 2.97M
    50K ...                                                     171K=0.04s

2026-09-16 09:26:27 (1.36 MB/s) - ‘www.tunnelpoemer.com/2020/03/1523f.html’ へ保存終了 [55114]

--2026-09-16 09:26:28--  https://blogger.googleusercontent.com/img/b/R29vZ2xl/AVvXsEhB4Oc90J9zZlTL_Pj3_uMi7Wc7WBjvHcXDf5exmKvU1EE0FJLlvqVmn-v3HNlxWF6EKYTGJ_p0QlewJcSeZp7yK8UI8SEIWRP_gJcjC9q3PhufuHrv1Zh8F2w6bOrDHMs9nqrRQ2aHn-o/s320/AC4469E3-9484-4083-9567-C883E7E932E6.jpeg
blogger.googleusercontent.com (blogger.googleusercontent.com)|2404:6800:400b:c005::84|:443 に接続しています... 接続しました。
HTTP による接続要求を送信しました、応答を待っています... 200 OK
長さ: 34623 (34K) [image/jpeg]
‘blogger.googleusercontent.com/img/b/R29vZ2xl/AVvXsEhB4Oc90J9zZlTL_Pj3_uMi7Wc7WBjvHcXDf5exmKvU1EE0FJLlvqVmn-v3HNlxWF6EKYTGJ_p0QlewJcSeZp7yK8UI8SEIWRP_gJcjC9q3PhufuHrv1Zh8F2w6bOrDHMs9nqrRQ2aHn-o/s320/AC4469E3-9484-4083-9567-C883E7E932E6.jpeg’ に保存中

     0K .......... .......... .......... ...                  100% 2.88M=0.01s

2026-09-16 09:26:30 (2.88 MB/s) - ‘blogger.googleusercontent.com/img/b/R29vZ2xl/AVvXsEhB4Oc90J9zZlTL_Pj3_uMi7Wc7WBjvHcXDf5exmKvU1EE0FJLlvqVmn-v3HNlxWF6EKYTGJ_p0QlewJcSeZp7yK8UI8SEIWRP_gJcjC9q3PhufuHrv1Zh8F2w6bOrDHMs9nqrRQ2aHn-o/s320/AC4469E3-9484-4083-9567-C883E7E932E6.jpeg’ へ保存完了 [34623/34623]

--2026-09-16 09:26:31--  https://www.tunnelpoemer.com/2020/03/830.html
www.tunnelpoemer.com (www.tunnelpoemer.com)|2404:6800:400b:c005::79|:443 に接続しています... 接続しました。
HTTP による接続要求を送信しました、応答を待っています... 200 OK
長さ: 特定できません [text/html]
‘www.tunnelpoemer.com/2020/03/830.html’ に保存中

     0K .......... .......... .......... .......... ..........  788K
    50K ...                                                     431K=0.07s

2026-09-16 09:26:32 (746 KB/s) - ‘www.tunnelpoemer.com/2020/03/830.html’ へ保存終了 [54909]

--2026-09-16 09:26:33--  https://blogger.googleusercontent.com/img/b/R29vZ2xl/AVvXsEg9PU9pzOiqfnYlh6K5z6ULgWxAcvM3P81qMt9s3L9g6H0isGKdTrcA-pYbn5i5xJiZgaRESlnncKb_iDTqUMVVy3DOnLFcyJJy-uIrhO4HveEPCVVmRajRgBzgdmGt_kHN6Xa7n4y8GFw/s320/54A8A98C-602F-4C78-A898-AA3ED163BA98.jpeg
blogger.googleusercontent.com (blogger.googleusercontent.com)|2404:6800:400b:c005::84|:443 に接続しています... 接続しました。
HTTP による接続要求を送信しました、応答を待っています... 200 OK
長さ: 27730 (27K) [image/jpeg]
‘blogger.googleusercontent.com/img/b/R29vZ2xl/AVvXsEg9PU9pzOiqfnYlh6K5z6ULgWxAcvM3P81qMt9s3L9g6H0isGKdTrcA-pYbn5i5xJiZgaRESlnncKb_iDTqUMVVy3DOnLFcyJJy-uIrhO4HveEPCVVmRajRgBzgdmGt_kHN6Xa7n4y8GFw/s320/54A8A98C-602F-4C78-A898-AA3ED163BA98.jpeg’ に保存中

     0K .......... .......... .......                         100% 3.16M=0.008s

2026-09-16 09:26:35 (3.16 MB/s) - ‘blogger.googleusercontent.com/img/b/R29vZ2xl/AVvXsEg9PU9pzOiqfnYlh6K5z6ULgWxAcvM3P81qMt9s3L9g6H0isGKdTrcA-pYbn5i5xJiZgaRESlnncKb_iDTqUMVVy3DOnLFcyJJy-uIrhO4HveEPCVVmRajRgBzgdmGt_kHN6Xa7n4y8GFw/s320/54A8A98C-602F-4C78-A898-AA3ED163BA98.jpeg’ へ保存完了 [27730/27730]

--2026-09-16 09:26:36--  https://www.tunnelpoemer.com/2020/03/blog-post_16.html
www.tunnelpoemer.com (www.tunnelpoemer.com)|2404:6800:400b:c005::79|:443 に接続しています... 接続しました。
HTTP による接続要求を送信しました、応答を待っています... 200 OK
長さ: 特定できません [text/html]
‘www.tunnelpoemer.com/2020/03/blog-post_16.html’ に保存中

     0K .......... .......... .......... .......... .......... 3.49M
    50K ....                                                   17.9M=0.01s

2026-09-16 09:26:37 (3.72 MB/s) - ‘www.tunnelpoemer.com/2020/03/blog-post_16.html’ へ保存終了 [55434]

--2026-09-16 09:26:38--  https://blogger.googleusercontent.com/img/b/R29vZ2xl/AVvXsEgPwIMHKFscN7tQChERteV9SEmukkZ3j-9HJ1gjsy0HRaqdO90oDjEXMGUYElXR9t-PY4vupIhukqETU0JIg-YV76BGXnwRKN1QeBPMtMPiJzMwgHTLHvFiOHf7BLvlQW5fhY7XdpF2C34/s320/D2E5503D-1902-4CBD-A866-E67409D100A0.jpeg
blogger.googleusercontent.com (blogger.googleusercontent.com)|2404:6800:400b:c005::84|:443 に接続しています... 接続しました。
HTTP による接続要求を送信しました、応答を待っています... 200 OK
長さ: 23469 (23K) [image/jpeg]
‘blogger.googleusercontent.com/img/b/R29vZ2xl/AVvXsEgPwIMHKFscN7tQChERteV9SEmukkZ3j-9HJ1gjsy0HRaqdO90oDjEXMGUYElXR9t-PY4vupIhukqETU0JIg-YV76BGXnwRKN1QeBPMtMPiJzMwgHTLHvFiOHf7BLvlQW5fhY7XdpF2C34/s320/D2E5503D-1902-4CBD-A866-E67409D100A0.jpeg’ に保存中

     0K .......... .......... ..                              100% 2.52M=0.009s

2026-09-16 09:26:40 (2.52 MB/s) - ‘blogger.googleusercontent.com/img/b/R29vZ2xl/AVvXsEgPwIMHKFscN7tQChERteV9SEmukkZ3j-9HJ1gjsy0HRaqdO90oDjEXMGUYElXR9t-PY4vupIhukqETU0JIg-YV76BGXnwRKN1QeBPMtMPiJzMwgHTLHvFiOHf7BLvlQW5fhY7XdpF2C34/s320/D2E5503D-1902-4CBD-A866-E67409D100A0.jpeg’ へ保存完了 [23469/23469]

--2026-09-16 09:26:41--  https://www.tunnelpoemer.com/2020/03/blog-post_19.html
www.tunnelpoemer.com (www.tunnelpoemer.com)|2404:6800:400b:c005::79|:443 に接続しています... 接続しました。
HTTP による接続要求を送信しました、応答を待っています... 200 OK
長さ: 特定できません [text/html]
‘www.tunnelpoemer.com/2020/03/blog-post_19.html’ に保存中

     0K .......... .......... .......... .......... .......... 3.03M
    50K ...                                                    8.15M=0.02s

2026-09-16 09:26:41 (3.17 MB/s) - ‘www.tunnelpoemer.com/2020/03/blog-post_19.html’ へ保存終了 [55081]

--2026-09-16 09:26:42--  https://blogger.googleusercontent.com/img/b/R29vZ2xl/AVvXsEiH4Q5L6drKaBpx3fTvbs2LKT4KBzwMq-b1eH8bx9lsNQf1MbD1vOtuzZpe1FLEziT3uSdnk8RHTxceZHaAqSYbpODcselFd2pfg_NfLO7oO1OUOXdD7w_yuwgGuDSZc0OpXqdoDfABGoM/s320/F7142CAF-D894-4BD6-95B0-D1544F922F3D.jpeg
blogger.googleusercontent.com (blogger.googleusercontent.com)|2404:6800:400b:c005::84|:443 に接続しています... 接続しました。
HTTP による接続要求を送信しました、応答を待っています... 200 OK
長さ: 25882 (25K) [image/jpeg]
‘blogger.googleusercontent.com/img/b/R29vZ2xl/AVvXsEiH4Q5L6drKaBpx3fTvbs2LKT4KBzwMq-b1eH8bx9lsNQf1MbD1vOtuzZpe1FLEziT3uSdnk8RHTxceZHaAqSYbpODcselFd2pfg_NfLO7oO1OUOXdD7w_yuwgGuDSZc0OpXqdoDfABGoM/s320/F7142CAF-D894-4BD6-95B0-D1544F922F3D.jpeg’ に保存中

     0K .......... .......... .....                           100% 3.57M=0.007s

2026-09-16 09:26:53 (3.57 MB/s) - ‘blogger.googleusercontent.com/img/b/R29vZ2xl/AVvXsEiH4Q5L6drKaBpx3fTvbs2LKT4KBzwMq-b1eH8bx9lsNQf1MbD1vOtuzZpe1FLEziT3uSdnk8RHTxceZHaAqSYbpODcselFd2pfg_NfLO7oO1OUOXdD7w_yuwgGuDSZc0OpXqdoDfABGoM/s320/F7142CAF-D894-4BD6-95B0-D1544F922F3D.jpeg’ へ保存完了 [25882/25882]

--2026-09-16 09:26:54--  https://www.tunnelpoemer.com/2020/03/blog-post_21.html
www.tunnelpoemer.com (www.tunnelpoemer.com)|2404:6800:400b:c005::79|:443 に接続しています... 接続しました。
HTTP による接続要求を送信しました、応答を待っています... 200 OK
長さ: 特定できません [text/html]
‘www.tunnelpoemer.com/2020/03/blog-post_21.html’ に保存中

     0K .......... .......... .......... .......... .......... 2.20M
    50K ...                                                    21.1M=0.02s

2026-09-16 09:26:55 (2.34 MB/s) - ‘www.tunnelpoemer.com/2020/03/blog-post_21.html’ へ保存終了 [54967]

--2026-09-16 09:26:56--  https://blogger.googleusercontent.com/img/b/R29vZ2xl/AVvXsEjhMPbRpIKl3bU4D1PqXwIMNRgDb0INICfbpTSBTrRuGKkAigeAdi7KvS9IOsFXhAh_LhcidJvdy3KVcQrJi2pfPotz-Ug0gD828m-c25AI-rsnPGp6H4ZRIeBGo2kge48dWjrdORNIsyc/s320/969272DC-979E-4D42-B545-DE55583C4EF0.jpeg
blogger.googleusercontent.com (blogger.googleusercontent.com)|2404:6800:400b:c005::84|:443 に接続しています... 接続しました。
HTTP による接続要求を送信しました、応答を待っています... 200 OK
長さ: 30703 (30K) [image/jpeg]
‘blogger.googleusercontent.com/img/b/R29vZ2xl/AVvXsEjhMPbRpIKl3bU4D1PqXwIMNRgDb0INICfbpTSBTrRuGKkAigeAdi7KvS9IOsFXhAh_LhcidJvdy3KVcQrJi2pfPotz-Ug0gD828m-c25AI-rsnPGp6H4ZRIeBGo2kge48dWjrdORNIsyc/s320/969272DC-979E-4D42-B545-DE55583C4EF0.jpeg’ に保存中

     0K .......... .......... .........                       100% 4.21M=0.007s

2026-09-16 09:26:58 (4.21 MB/s) - ‘blogger.googleusercontent.com/img/b/R29vZ2xl/AVvXsEjhMPbRpIKl3bU4D1PqXwIMNRgDb0INICfbpTSBTrRuGKkAigeAdi7KvS9IOsFXhAh_LhcidJvdy3KVcQrJi2pfPotz-Ug0gD828m-c25AI-rsnPGp6H4ZRIeBGo2kge48dWjrdORNIsyc/s320/969272DC-979E-4D42-B545-DE55583C4EF0.jpeg’ へ保存完了 [30703/30703]

--2026-09-16 09:26:59--  https://www.tunnelpoemer.com/2020/03/blog-post_30.html
www.tunnelpoemer.com (www.tunnelpoemer.com)|2404:6800:400b:c005::79|:443 に接続しています... 接続しました。
HTTP による接続要求を送信しました、応答を待っています... 200 OK
長さ: 特定できません [text/html]
‘www.tunnelpoemer.com/2020/03/blog-post_30.html’ に保存中

     0K .......... .......... .......... .......... .......... 1.72M
    50K ...                                                    5.40M=0.03s

2026-09-16 09:27:00 (1.81 MB/s) - ‘www.tunnelpoemer.com/2020/03/blog-post_30.html’ へ保存終了 [54901]

--2026-09-16 09:27:01--  https://blogger.googleusercontent.com/img/b/R29vZ2xl/AVvXsEi21z3G_HOZjISaFN5C9m7aT71_8DN_yELx-jxgJ8pvzz-2HDk4jo7eT_oX87hJqvVzwOwfFe8hiNW-0jb2z87c23Q-XPwgiDOSXUFISCm0cmpCuI05BylKZDDhYf3WCQ5m8v-wk9WrRlw/s320/732513EF-BC83-4C4A-BCB1-929859F4039B.jpeg
blogger.googleusercontent.com (blogger.googleusercontent.com)|2404:6800:400b:c005::84|:443 に接続しています... 接続しました。
HTTP による接続要求を送信しました、応答を待っています... 200 OK
長さ: 38087 (37K) [image/jpeg]
‘blogger.googleusercontent.com/img/b/R29vZ2xl/AVvXsEi21z3G_HOZjISaFN5C9m7aT71_8DN_yELx-jxgJ8pvzz-2HDk4jo7eT_oX87hJqvVzwOwfFe8hiNW-0jb2z87c23Q-XPwgiDOSXUFISCm0cmpCuI05BylKZDDhYf3WCQ5m8v-wk9WrRlw/s320/732513EF-BC83-4C4A-BCB1-929859F4039B.jpeg’ に保存中

     0K .......... .......... .......... .......              100% 3.46M=0.01s

2026-09-16 09:27:03 (3.46 MB/s) - ‘blogger.googleusercontent.com/img/b/R29vZ2xl/AVvXsEi21z3G_HOZjISaFN5C9m7aT71_8DN_yELx-jxgJ8pvzz-2HDk4jo7eT_oX87hJqvVzwOwfFe8hiNW-0jb2z87c23Q-XPwgiDOSXUFISCm0cmpCuI05BylKZDDhYf3WCQ5m8v-wk9WrRlw/s320/732513EF-BC83-4C4A-BCB1-929859F4039B.jpeg’ へ保存完了 [38087/38087]

--2026-09-16 09:27:04--  https://www.tunnelpoemer.com/2020/03/blog-post_58.html
www.tunnelpoemer.com (www.tunnelpoemer.com)|2404:6800:400b:c005::79|:443 に接続しています... 接続しました。
HTTP による接続要求を送信しました、応答を待っています... 200 OK
長さ: 特定できません [text/html]
‘www.tunnelpoemer.com/2020/03/blog-post_58.html’ に保存中

     0K .......... .......... .......... .......... .......... 2.70M
    50K ...                                                    4.44M=0.02s

2026-09-16 09:27:06 (2.78 MB/s) - ‘www.tunnelpoemer.com/2020/03/blog-post_58.html’ へ保存終了 [55234]

--2026-09-16 09:27:07--  https://blogger.googleusercontent.com/img/b/R29vZ2xl/AVvXsEjjVPOxJAEGVjJ8HmSQxfrfZ09rtGSPSUdnS_9R4S7I9EHrJIvbjtSyWsRGwHEqZlnzDoa-JNnHm_dyivim7fnUwZA9dHvPfvUqippe1xmZ7THI_HqeDM0Y-DH4hzMZrEnfb8C9DHRGAA8/s320/55F5752F-B265-4974-93DC-9F3B90D68DB9.jpeg
blogger.googleusercontent.com (blogger.googleusercontent.com)|2404:6800:400b:c005::84|:443 に接続しています... 接続しました。
HTTP による接続要求を送信しました、応答を待っています... 200 OK
長さ: 26805 (26K) [image/jpeg]
‘blogger.googleusercontent.com/img/b/R29vZ2xl/AVvXsEjjVPOxJAEGVjJ8HmSQxfrfZ09rtGSPSUdnS_9R4S7I9EHrJIvbjtSyWsRGwHEqZlnzDoa-JNnHm_dyivim7fnUwZA9dHvPfvUqippe1xmZ7THI_HqeDM0Y-DH4hzMZrEnfb8C9DHRGAA8/s320/55F5752F-B265-4974-93DC-9F3B90D68DB9.jpeg’ に保存中

     0K .......... .......... ......                          100% 3.49M=0.007s

2026-09-16 09:27:09 (3.49 MB/s) - ‘blogger.googleusercontent.com/img/b/R29vZ2xl/AVvXsEjjVPOxJAEGVjJ8HmSQxfrfZ09rtGSPSUdnS_9R4S7I9EHrJIvbjtSyWsRGwHEqZlnzDoa-JNnHm_dyivim7fnUwZA9dHvPfvUqippe1xmZ7THI_HqeDM0Y-DH4hzMZrEnfb8C9DHRGAA8/s320/55F5752F-B265-4974-93DC-9F3B90D68DB9.jpeg’ へ保存完了 [26805/26805]

--2026-09-16 09:27:10--  https://www.tunnelpoemer.com/2020/03/blog-post_6.html
www.tunnelpoemer.com (www.tunnelpoemer.com)|2404:6800:400b:c005::79|:443 に接続しています... 接続しました。
HTTP による接続要求を送信しました、応答を待っています... 200 OK
長さ: 特定できません [text/html]
‘www.tunnelpoemer.com/2020/03/blog-post_6.html’ に保存中

     0K .......... .......... .......... .......... .......... 1.82M
    50K ...                                                    1.88M=0.03s

2026-09-16 09:27:11 (1.82 MB/s) - ‘www.tunnelpoemer.com/2020/03/blog-post_6.html’ へ保存終了 [54882]

--2026-09-16 09:27:12--  https://blogger.googleusercontent.com/img/b/R29vZ2xl/AVvXsEhZC8R3nNqeLjSCjrwzymWSkrsmtK0gaqK3ivqOxMQHFUAShLhHXheHSajcb_O3fAvjDofr8xgHMIBsoSW3v_DrXsTCO3iZExwq_XRwt0wuyQLUxv2BW5ynpZLkKa_ftLGpQWSm7Rd87B8/s320/A074C7E8-E53F-430B-AA93-E36EBD7529EB.jpeg
blogger.googleusercontent.com (blogger.googleusercontent.com)|2404:6800:400b:c005::84|:443 に接続しています... 接続しました。
HTTP による接続要求を送信しました、応答を待っています... 200 OK
長さ: 18846 (18K) [image/jpeg]
‘blogger.googleusercontent.com/img/b/R29vZ2xl/AVvXsEhZC8R3nNqeLjSCjrwzymWSkrsmtK0gaqK3ivqOxMQHFUAShLhHXheHSajcb_O3fAvjDofr8xgHMIBsoSW3v_DrXsTCO3iZExwq_XRwt0wuyQLUxv2BW5ynpZLkKa_ftLGpQWSm7Rd87B8/s320/A074C7E8-E53F-430B-AA93-E36EBD7529EB.jpeg’ に保存中

     0K .......... ........                                   100% 6.77M=0.003s

2026-09-16 09:27:13 (6.77 MB/s) - ‘blogger.googleusercontent.com/img/b/R29vZ2xl/AVvXsEhZC8R3nNqeLjSCjrwzymWSkrsmtK0gaqK3ivqOxMQHFUAShLhHXheHSajcb_O3fAvjDofr8xgHMIBsoSW3v_DrXsTCO3iZExwq_XRwt0wuyQLUxv2BW5ynpZLkKa_ftLGpQWSm7Rd87B8/s320/A074C7E8-E53F-430B-AA93-E36EBD7529EB.jpeg’ へ保存完了 [18846/18846]

--2026-09-16 09:27:14--  https://www.tunnelpoemer.com/2020/03/blog-post.html
www.tunnelpoemer.com (www.tunnelpoemer.com)|2404:6800:400b:c005::79|:443 に接続しています... 接続しました。
HTTP による接続要求を送信しました、応答を待っています... 200 OK
長さ: 特定できません [text/html]
‘www.tunnelpoemer.com/2020/03/blog-post.html’ に保存中

     0K .......... .......... .......... .......... .......... 3.36M
    50K ...                                                    5.72M=0.02s

2026-09-16 09:27:15 (3.46 MB/s) - ‘www.tunnelpoemer.com/2020/03/blog-post.html’ へ保存終了 [55148]

--2026-09-16 09:27:16--  https://blogger.googleusercontent.com/img/b/R29vZ2xl/AVvXsEjC8O4WgBmx9HdcG5ufOMYxDKcT-vT393U0bVhgOrSyMXtDiwow6NStKzh22KBJAUrwv7jW3pT5wu5WTBUlL90_mNcBu1ZCqNE-pbhb7npT2tJ8-yTVHAHs5ZZbpUaWxTVGV3rxj0pQ8f8/s320/D3236F0F-0B05-4A67-ACF6-7E7989534CB8.jpeg
blogger.googleusercontent.com (blogger.googleusercontent.com)|2404:6800:400b:c005::84|:443 に接続しています... 接続しました。
HTTP による接続要求を送信しました、応答を待っています... 200 OK
長さ: 22994 (22K) [image/jpeg]
‘blogger.googleusercontent.com/img/b/R29vZ2xl/AVvXsEjC8O4WgBmx9HdcG5ufOMYxDKcT-vT393U0bVhgOrSyMXtDiwow6NStKzh22KBJAUrwv7jW3pT5wu5WTBUlL90_mNcBu1ZCqNE-pbhb7npT2tJ8-yTVHAHs5ZZbpUaWxTVGV3rxj0pQ8f8/s320/D3236F0F-0B05-4A67-ACF6-7E7989534CB8.jpeg’ に保存中

     0K .......... .......... ..                              100% 3.27M=0.007s

2026-09-16 09:27:17 (3.27 MB/s) - ‘blogger.googleusercontent.com/img/b/R29vZ2xl/AVvXsEjC8O4WgBmx9HdcG5ufOMYxDKcT-vT393U0bVhgOrSyMXtDiwow6NStKzh22KBJAUrwv7jW3pT5wu5WTBUlL90_mNcBu1ZCqNE-pbhb7npT2tJ8-yTVHAHs5ZZbpUaWxTVGV3rxj0pQ8f8/s320/D3236F0F-0B05-4A67-ACF6-7E7989534CB8.jpeg’ へ保存完了 [22994/22994]

--2026-09-16 09:27:18--  https://www.tunnelpoemer.com/2020/04/blog-post_25.html
www.tunnelpoemer.com (www.tunnelpoemer.com)|2404:6800:400b:c005::79|:443 に接続しています... 接続しました。
HTTP による接続要求を送信しました、応答を待っています... 200 OK
長さ: 特定できません [text/html]
‘www.tunnelpoemer.com/2020/04/blog-post_25.html’ に保存中

     0K .......... .......... .......... .......... .......... 2.49M
    50K ...                                                    17.0M=0.02s

2026-09-16 09:27:20 (2.63 MB/s) - ‘www.tunnelpoemer.com/2020/04/blog-post_25.html’ へ保存終了 [54702]

--2026-09-16 09:27:21--  https://blogger.googleusercontent.com/img/b/R29vZ2xl/AVvXsEhqda34ETCb0UyQy4aR2Opl3fF9lBEpcTrCs8ZbVNxBpIYGpsoxvOry2g7MpSld9GK_TmUgcap2uegnBLjUVBL79Un0mD1bQLBBwRzeV5IUMX5jt7xkVUNQoxhfjSHRwLtCYkjoab-nfVs/s320/FEA76713-E1EC-4B82-8745-70B97E493765.jpeg
blogger.googleusercontent.com (blogger.googleusercontent.com)|2404:6800:400b:c005::84|:443 に接続しています... 接続しました。
HTTP による接続要求を送信しました、応答を待っています... 200 OK
長さ: 33378 (33K) [image/jpeg]
‘blogger.googleusercontent.com/img/b/R29vZ2xl/AVvXsEhqda34ETCb0UyQy4aR2Opl3fF9lBEpcTrCs8ZbVNxBpIYGpsoxvOry2g7MpSld9GK_TmUgcap2uegnBLjUVBL79Un0mD1bQLBBwRzeV5IUMX5jt7xkVUNQoxhfjSHRwLtCYkjoab-nfVs/s320/FEA76713-E1EC-4B82-8745-70B97E493765.jpeg’ に保存中

     0K .......... .......... .......... ..                   100% 2.40M=0.01s

2026-09-16 09:27:23 (2.40 MB/s) - ‘blogger.googleusercontent.com/img/b/R29vZ2xl/AVvXsEhqda34ETCb0UyQy4aR2Opl3fF9lBEpcTrCs8ZbVNxBpIYGpsoxvOry2g7MpSld9GK_TmUgcap2uegnBLjUVBL79Un0mD1bQLBBwRzeV5IUMX5jt7xkVUNQoxhfjSHRwLtCYkjoab-nfVs/s320/FEA76713-E1EC-4B82-8745-70B97E493765.jpeg’ へ保存完了 [33378/33378]

--2026-09-16 09:27:24--  https://www.tunnelpoemer.com/2020/04/blog-post_27.html
www.tunnelpoemer.com (www.tunnelpoemer.com)|2404:6800:400b:c005::79|:443 に接続しています... 接続しました。
HTTP による接続要求を送信しました、応答を待っています... 200 OK
長さ: 特定できません [text/html]
‘www.tunnelpoemer.com/2020/04/blog-post_27.html’ に保存中

     0K .......... .......... .......... .......... .......... 2.27M
    50K ...                                                    1.97M=0.02s

2026-09-16 09:27:25 (2.25 MB/s) - ‘www.tunnelpoemer.com/2020/04/blog-post_27.html’ へ保存終了 [54278]

--2026-09-16 09:27:26--  https://blogger.googleusercontent.com/img/b/R29vZ2xl/AVvXsEie8-FJkI24Om9FVGvgEnfM6np4QEmYC5tORGoZAQhjClUKbdLvsfUuq-9F6dDMA_21ZinZTR4wXwPrVopG-WkNTGHB970lOmpEe5GIDYaomLEO0xDw80bCN-Q_gOSS3z_8RPn-20EtC0c/s320/IMG_9767.jpg
blogger.googleusercontent.com (blogger.googleusercontent.com)|2404:6800:400b:c005::84|:443 に接続しています... 接続しました。
HTTP による接続要求を送信しました、応答を待っています... 200 OK
長さ: 34268 (33K) [image/jpeg]
‘blogger.googleusercontent.com/img/b/R29vZ2xl/AVvXsEie8-FJkI24Om9FVGvgEnfM6np4QEmYC5tORGoZAQhjClUKbdLvsfUuq-9F6dDMA_21ZinZTR4wXwPrVopG-WkNTGHB970lOmpEe5GIDYaomLEO0xDw80bCN-Q_gOSS3z_8RPn-20EtC0c/s320/IMG_9767.jpg’ に保存中

     0K .......... .......... .......... ...                  100% 1.74M=0.02s

2026-09-16 09:27:41 (1.74 MB/s) - ‘blogger.googleusercontent.com/img/b/R29vZ2xl/AVvXsEie8-FJkI24Om9FVGvgEnfM6np4QEmYC5tORGoZAQhjClUKbdLvsfUuq-9F6dDMA_21ZinZTR4wXwPrVopG-WkNTGHB970lOmpEe5GIDYaomLEO0xDw80bCN-Q_gOSS3z_8RPn-20EtC0c/s320/IMG_9767.jpg’ へ保存完了 [34268/34268]

--2026-09-16 09:27:42--  https://www.tunnelpoemer.com/2020/04/blog-post.html
www.tunnelpoemer.com (www.tunnelpoemer.com)|2404:6800:400b:c005::79|:443 に接続しています... 接続しました。
HTTP による接続要求を送信しました、応答を待っています... 200 OK
長さ: 特定できません [text/html]
‘www.tunnelpoemer.com/2020/04/blog-post.html’ に保存中

     0K .......... .......... .......... .......... .......... 1023K
    50K ...                                                    2.66M=0.05s

2026-09-16 09:27:44 (1.04 MB/s) - ‘www.tunnelpoemer.com/2020/04/blog-post.html’ へ保存終了 [54434]

--2026-09-16 09:27:45--  https://blogger.googleusercontent.com/img/b/R29vZ2xl/AVvXsEjlceNBtZIAxdfILaXjnZrNJn7tdJshcV2uRY4bBsxU0CgPE_RSXGOsM3z28ukZuVzLzTfzo_R1jbCG6ElFuDQWeETUP7Wkq0N4gy2q68B2CHA3kcezwXeKGHgI1hG6PPqhoLiqzNCJDps/s320/20FA41E2-AADC-450F-BF4F-0381180EF308.jpeg
blogger.googleusercontent.com (blogger.googleusercontent.com)|2404:6800:400b:c005::84|:443 に接続しています... 接続しました。
HTTP による接続要求を送信しました、応答を待っています... 200 OK
長さ: 28271 (28K) [image/jpeg]
‘blogger.googleusercontent.com/img/b/R29vZ2xl/AVvXsEjlceNBtZIAxdfILaXjnZrNJn7tdJshcV2uRY4bBsxU0CgPE_RSXGOsM3z28ukZuVzLzTfzo_R1jbCG6ElFuDQWeETUP7Wkq0N4gy2q68B2CHA3kcezwXeKGHgI1hG6PPqhoLiqzNCJDps/s320/20FA41E2-AADC-450F-BF4F-0381180EF308.jpeg’ に保存中

     0K .......... .......... .......                         100% 2.18M=0.01s

2026-09-16 09:27:46 (2.18 MB/s) - ‘blogger.googleusercontent.com/img/b/R29vZ2xl/AVvXsEjlceNBtZIAxdfILaXjnZrNJn7tdJshcV2uRY4bBsxU0CgPE_RSXGOsM3z28ukZuVzLzTfzo_R1jbCG6ElFuDQWeETUP7Wkq0N4gy2q68B2CHA3kcezwXeKGHgI1hG6PPqhoLiqzNCJDps/s320/20FA41E2-AADC-450F-BF4F-0381180EF308.jpeg’ へ保存完了 [28271/28271]

--2026-09-16 09:27:47--  https://www.tunnelpoemer.com/2020/05/8606f.html
www.tunnelpoemer.com (www.tunnelpoemer.com)|2404:6800:400b:c005::79|:443 に接続しています... 接続しました。
HTTP による接続要求を送信しました、応答を待っています... 200 OK
長さ: 特定できません [text/html]
‘www.tunnelpoemer.com/2020/05/8606f.html’ に保存中

     0K .......... .......... .......... .......... .......... 1.83M
    50K ....                                                   13.9M=0.03s

2026-09-16 09:27:47 (1.96 MB/s) - ‘www.tunnelpoemer.com/2020/05/8606f.html’ へ保存終了 [55442]

--2026-09-16 09:27:48--  https://blogger.googleusercontent.com/img/b/R29vZ2xl/AVvXsEg6_-lMWKDUHvAADBS8Azb53aujZlZFlbzNzRxVlqYm2_BAhGGDxBHbJDN4tEW2AHr5sDg_Hjq6hZavuwvzqlHyQF4VbdCyNNUvpWjzCE1aWfnSSxk-ynrxWhQir8AcLRSC0n2imxzzjcU/s320/9A1E176A-4664-4882-985A-1551ECD0BA34.jpeg
blogger.googleusercontent.com (blogger.googleusercontent.com)|2404:6800:400b:c005::84|:443 に接続しています... 接続しました。
HTTP による接続要求を送信しました、応答を待っています... 200 OK
長さ: 29027 (28K) [image/jpeg]
‘blogger.googleusercontent.com/img/b/R29vZ2xl/AVvXsEg6_-lMWKDUHvAADBS8Azb53aujZlZFlbzNzRxVlqYm2_BAhGGDxBHbJDN4tEW2AHr5sDg_Hjq6hZavuwvzqlHyQF4VbdCyNNUvpWjzCE1aWfnSSxk-ynrxWhQir8AcLRSC0n2imxzzjcU/s320/9A1E176A-4664-4882-985A-1551ECD0BA34.jpeg’ に保存中

     0K .......... .......... ........                        100% 2.54M=0.01s

2026-09-16 09:27:50 (2.54 MB/s) - ‘blogger.googleusercontent.com/img/b/R29vZ2xl/AVvXsEg6_-lMWKDUHvAADBS8Azb53aujZlZFlbzNzRxVlqYm2_BAhGGDxBHbJDN4tEW2AHr5sDg_Hjq6hZavuwvzqlHyQF4VbdCyNNUvpWjzCE1aWfnSSxk-ynrxWhQir8AcLRSC0n2imxzzjcU/s320/9A1E176A-4664-4882-985A-1551ECD0BA34.jpeg’ へ保存完了 [29027/29027]

--2026-09-16 09:27:51--  https://www.tunnelpoemer.com/2020/05/blog-post_13.html
www.tunnelpoemer.com (www.tunnelpoemer.com)|2404:6800:400b:c005::79|:443 に接続しています... 接続しました。
HTTP による接続要求を送信しました、応答を待っています... 200 OK
長さ: 特定できません [text/html]
‘www.tunnelpoemer.com/2020/05/blog-post_13.html’ に保存中

     0K .......... .......... .......... .......... .......... 2.31M
    50K ....                                                   1.94M=0.02s

2026-09-16 09:27:51 (2.28 MB/s) - ‘www.tunnelpoemer.com/2020/05/blog-post_13.html’ へ保存終了 [55377]

--2026-09-16 09:27:52--  https://blogger.googleusercontent.com/img/b/R29vZ2xl/AVvXsEheR89Eti6rUPBG7tZzV5F3vwjoqv5hZGvI40TnMrw5M1jb7rWJX4wdySXbcLdMY0gai2l5T8SDH2PYM7Afhy4oujT6rSmJcHCqdiTmyp_ESmE8t7Yx9lnGcgs04d4W-uCQGED_yypGnoU/s320/CB8F4343-F03F-431B-8804-A8ABEDAC1F4B.jpeg
blogger.googleusercontent.com (blogger.googleusercontent.com)|2404:6800:400b:c005::84|:443 に接続しています... 接続しました。
HTTP による接続要求を送信しました、応答を待っています... 200 OK
長さ: 26421 (26K) [image/jpeg]
‘blogger.googleusercontent.com/img/b/R29vZ2xl/AVvXsEheR89Eti6rUPBG7tZzV5F3vwjoqv5hZGvI40TnMrw5M1jb7rWJX4wdySXbcLdMY0gai2l5T8SDH2PYM7Afhy4oujT6rSmJcHCqdiTmyp_ESmE8t7Yx9lnGcgs04d4W-uCQGED_yypGnoU/s320/CB8F4343-F03F-431B-8804-A8ABEDAC1F4B.jpeg’ に保存中

     0K .......... .......... .....                           100%  652K=0.04s

2026-09-16 09:27:54 (652 KB/s) - ‘blogger.googleusercontent.com/img/b/R29vZ2xl/AVvXsEheR89Eti6rUPBG7tZzV5F3vwjoqv5hZGvI40TnMrw5M1jb7rWJX4wdySXbcLdMY0gai2l5T8SDH2PYM7Afhy4oujT6rSmJcHCqdiTmyp_ESmE8t7Yx9lnGcgs04d4W-uCQGED_yypGnoU/s320/CB8F4343-F03F-431B-8804-A8ABEDAC1F4B.jpeg’ へ保存完了 [26421/26421]

--2026-09-16 09:27:55--  https://www.tunnelpoemer.com/2020/05/blog-post_14.html
www.tunnelpoemer.com (www.tunnelpoemer.com)|2404:6800:400b:c005::79|:443 に接続しています... 接続しました。
HTTP による接続要求を送信しました、応答を待っています... 200 OK
長さ: 特定できません [text/html]
‘www.tunnelpoemer.com/2020/05/blog-post_14.html’ に保存中

     0K .......... .......... .......... .......... .......... 2.71M
    50K ....                                                   6.18M=0.02s

2026-09-16 09:27:56 (2.84 MB/s) - ‘www.tunnelpoemer.com/2020/05/blog-post_14.html’ へ保存終了 [55702]

--2026-09-16 09:27:57--  https://blogger.googleusercontent.com/img/b/R29vZ2xl/AVvXsEiwOf9KHaoZlMxiSEBMMl9QNCmeB0Eo5h0sPXSb32Tf1kgn0gZnNcEM2oHpQNN4NfxMoNazHN7x9web7j6DPUMuj1-b2yuzhM6cinskWtSCW0cOvLZRY1azVNEkExI0QbyCrF36tuBIPzs/s320/695B658E-1204-4B93-9545-C9F23AB37D84.jpeg
blogger.googleusercontent.com (blogger.googleusercontent.com)|2404:6800:400b:c005::84|:443 に接続しています... 接続しました。
HTTP による接続要求を送信しました、応答を待っています... 200 OK
長さ: 37483 (37K) [image/jpeg]
‘blogger.googleusercontent.com/img/b/R29vZ2xl/AVvXsEiwOf9KHaoZlMxiSEBMMl9QNCmeB0Eo5h0sPXSb32Tf1kgn0gZnNcEM2oHpQNN4NfxMoNazHN7x9web7j6DPUMuj1-b2yuzhM6cinskWtSCW0cOvLZRY1azVNEkExI0QbyCrF36tuBIPzs/s320/695B658E-1204-4B93-9545-C9F23AB37D84.jpeg’ に保存中

     0K .......... .......... .......... ......               100% 2.80M=0.01s

2026-09-16 09:27:58 (2.80 MB/s) - ‘blogger.googleusercontent.com/img/b/R29vZ2xl/AVvXsEiwOf9KHaoZlMxiSEBMMl9QNCmeB0Eo5h0sPXSb32Tf1kgn0gZnNcEM2oHpQNN4NfxMoNazHN7x9web7j6DPUMuj1-b2yuzhM6cinskWtSCW0cOvLZRY1azVNEkExI0QbyCrF36tuBIPzs/s320/695B658E-1204-4B93-9545-C9F23AB37D84.jpeg’ へ保存完了 [37483/37483]

--2026-09-16 09:27:59--  https://www.tunnelpoemer.com/2020/05/blog-post_18.html
www.tunnelpoemer.com (www.tunnelpoemer.com)|2404:6800:400b:c005::79|:443 に接続しています... 接続しました。
HTTP による接続要求を送信しました、応答を待っています... 200 OK
長さ: 特定できません [text/html]
‘www.tunnelpoemer.com/2020/05/blog-post_18.html’ に保存中

     0K .......... .......... .......... .......... .......... 3.26M
    50K ....                                                   3.57M=0.02s

2026-09-16 09:28:00 (3.28 MB/s) - ‘www.tunnelpoemer.com/2020/05/blog-post_18.html’ へ保存終了 [55387]

--2026-09-16 09:28:01--  https://blogger.googleusercontent.com/img/b/R29vZ2xl/AVvXsEhaTbZpVMsANImTG8ndcsE7yL3eCNlgPydhW-pIkeRJL2-Fz4h1ED1I99QCSk4BCtbfbS5DQCImdTZ1bi0r_gI9F_JLCNTzzvQM1wJvmugJ1q1oyDAnkMaszvgBSi7-vCPMWgq4yza351E/s320/08D83AB3-6A20-4A87-BA77-75019B0FCE9A.jpeg
blogger.googleusercontent.com (blogger.googleusercontent.com)|2404:6800:400b:c005::84|:443 に接続しています... 接続しました。
HTTP による接続要求を送信しました、応答を待っています... 200 OK
長さ: 19477 (19K) [image/jpeg]
‘blogger.googleusercontent.com/img/b/R29vZ2xl/AVvXsEhaTbZpVMsANImTG8ndcsE7yL3eCNlgPydhW-pIkeRJL2-Fz4h1ED1I99QCSk4BCtbfbS5DQCImdTZ1bi0r_gI9F_JLCNTzzvQM1wJvmugJ1q1oyDAnkMaszvgBSi7-vCPMWgq4yza351E/s320/08D83AB3-6A20-4A87-BA77-75019B0FCE9A.jpeg’ に保存中

     0K .......... .........                                  100% 12.2M=0.002s

2026-09-16 09:28:03 (12.2 MB/s) - ‘blogger.googleusercontent.com/img/b/R29vZ2xl/AVvXsEhaTbZpVMsANImTG8ndcsE7yL3eCNlgPydhW-pIkeRJL2-Fz4h1ED1I99QCSk4BCtbfbS5DQCImdTZ1bi0r_gI9F_JLCNTzzvQM1wJvmugJ1q1oyDAnkMaszvgBSi7-vCPMWgq4yza351E/s320/08D83AB3-6A20-4A87-BA77-75019B0FCE9A.jpeg’ へ保存完了 [19477/19477]

--2026-09-16 09:28:04--  https://www.tunnelpoemer.com/2020/05/blog-post_26.html
www.tunnelpoemer.com (www.tunnelpoemer.com)|2404:6800:400b:c005::79|:443 に接続しています... 接続しました。
HTTP による接続要求を送信しました、応答を待っています... 200 OK
長さ: 特定できません [text/html]
‘www.tunnelpoemer.com/2020/05/blog-post_26.html’ に保存中

     0K .......... .......... .......... .......... .......... 1.33M
    50K ...                                                    9.36M=0.04s

2026-09-16 09:28:05 (1.42 MB/s) - ‘www.tunnelpoemer.com/2020/05/blog-post_26.html’ へ保存終了 [55261]

--2026-09-16 09:28:06--  https://blogger.googleusercontent.com/img/b/R29vZ2xl/AVvXsEjoyBbMvSjEBC82w5boGnbdMRbdAnKLyr-e3UDI3jv2z6d7caInPv7FAS2BsARhMqRMtGDDRPVaDrNmQipzwAnH6ukJh_twAB8lUCnB0cBW-RMYd5ep8X6BxYrhl67YScD6gQRHAKCRNkI/s320/D411F8AE-602C-4F86-9146-7F4D57CEA68D.jpeg
blogger.googleusercontent.com (blogger.googleusercontent.com)|2404:6800:400b:c005::84|:443 に接続しています... 接続しました。
HTTP による接続要求を送信しました、応答を待っています... 200 OK
長さ: 24468 (24K) [image/jpeg]
‘blogger.googleusercontent.com/img/b/R29vZ2xl/AVvXsEjoyBbMvSjEBC82w5boGnbdMRbdAnKLyr-e3UDI3jv2z6d7caInPv7FAS2BsARhMqRMtGDDRPVaDrNmQipzwAnH6ukJh_twAB8lUCnB0cBW-RMYd5ep8X6BxYrhl67YScD6gQRHAKCRNkI/s320/D411F8AE-602C-4F86-9146-7F4D57CEA68D.jpeg’ に保存中

     0K .......... .......... ...                             100% 3.21M=0.007s

2026-09-16 09:28:09 (3.21 MB/s) - ‘blogger.googleusercontent.com/img/b/R29vZ2xl/AVvXsEjoyBbMvSjEBC82w5boGnbdMRbdAnKLyr-e3UDI3jv2z6d7caInPv7FAS2BsARhMqRMtGDDRPVaDrNmQipzwAnH6ukJh_twAB8lUCnB0cBW-RMYd5ep8X6BxYrhl67YScD6gQRHAKCRNkI/s320/D411F8AE-602C-4F86-9146-7F4D57CEA68D.jpeg’ へ保存完了 [24468/24468]

--2026-09-16 09:28:10--  https://www.tunnelpoemer.com/2020/05/blog-post_28.html
www.tunnelpoemer.com (www.tunnelpoemer.com)|2404:6800:400b:c005::79|:443 に接続しています... 接続しました。
HTTP による接続要求を送信しました、応答を待っています... 200 OK
長さ: 特定できません [text/html]
‘www.tunnelpoemer.com/2020/05/blog-post_28.html’ に保存中

     0K .......... .......... .......... .......... ..........  530K
    50K ...                                                    1.94M=0.1s

2026-09-16 09:28:10 (558 KB/s) - ‘www.tunnelpoemer.com/2020/05/blog-post_28.html’ へ保存終了 [55033]

--2026-09-16 09:28:11--  https://blogger.googleusercontent.com/img/b/R29vZ2xl/AVvXsEidTbbURTexRSLOU-XD2gTwJAQ5H3xxm4Inq3_dL-MMRwW7hkVMHWIBTjlplYwKWg6-9PIzSQSx_FZ880K2irRhOYz1ZNYyCNTtYnHSG0KuP9tHPTWo-bAs6b74gMKUTalz0vW6JxwG8LU/s320/5AAB603C-4A79-4114-BE77-36038E0438B7.jpeg
blogger.googleusercontent.com (blogger.googleusercontent.com)|2404:6800:400b:c005::84|:443 に接続しています... 接続しました。
HTTP による接続要求を送信しました、応答を待っています... 200 OK
長さ: 23049 (23K) [image/jpeg]
‘blogger.googleusercontent.com/img/b/R29vZ2xl/AVvXsEidTbbURTexRSLOU-XD2gTwJAQ5H3xxm4Inq3_dL-MMRwW7hkVMHWIBTjlplYwKWg6-9PIzSQSx_FZ880K2irRhOYz1ZNYyCNTtYnHSG0KuP9tHPTWo-bAs6b74gMKUTalz0vW6JxwG8LU/s320/5AAB603C-4A79-4114-BE77-36038E0438B7.jpeg’ に保存中

     0K .......... .......... ..                              100% 2.63M=0.008s

2026-09-16 09:28:13 (2.63 MB/s) - ‘blogger.googleusercontent.com/img/b/R29vZ2xl/AVvXsEidTbbURTexRSLOU-XD2gTwJAQ5H3xxm4Inq3_dL-MMRwW7hkVMHWIBTjlplYwKWg6-9PIzSQSx_FZ880K2irRhOYz1ZNYyCNTtYnHSG0KuP9tHPTWo-bAs6b74gMKUTalz0vW6JxwG8LU/s320/5AAB603C-4A79-4114-BE77-36038E0438B7.jpeg’ へ保存完了 [23049/23049]

--2026-09-16 09:28:14--  https://www.tunnelpoemer.com/2020/05/blog-post_29.html
www.tunnelpoemer.com (www.tunnelpoemer.com)|2404:6800:400b:c005::79|:443 に接続しています... 接続しました。
HTTP による接続要求を送信しました、応答を待っています... 200 OK
長さ: 特定できません [text/html]
‘www.tunnelpoemer.com/2020/05/blog-post_29.html’ に保存中

     0K .......... .......... .......... .......... .......... 1.11M
    50K ...                                                    3.07M=0.05s

2026-09-16 09:28:15 (1.16 MB/s) - ‘www.tunnelpoemer.com/2020/05/blog-post_29.html’ へ保存終了 [55254]

--2026-09-16 09:28:16--  https://blogger.googleusercontent.com/img/b/R29vZ2xl/AVvXsEhDQ9ywFkH9sRFEVq_6M6TGcreUYm-SvUkrwXQqwwf82BNA_ArTvcwfwGQAsO5Dn9Tq-t_irDlL_hc13Ur1Sv4tsS146qgOGbUda_sBccWmMk2g69cneSwh3d7EDhFkjLGI0TYhE9yB0V0/s320/51DE64A0-5E3A-4374-9201-5C1AA7C00E95.jpeg
blogger.googleusercontent.com (blogger.googleusercontent.com)|2404:6800:400b:c005::84|:443 に接続しています... 接続しました。
HTTP による接続要求を送信しました、応答を待っています... 200 OK
長さ: 26950 (26K) [image/jpeg]
‘blogger.googleusercontent.com/img/b/R29vZ2xl/AVvXsEhDQ9ywFkH9sRFEVq_6M6TGcreUYm-SvUkrwXQqwwf82BNA_ArTvcwfwGQAsO5Dn9Tq-t_irDlL_hc13Ur1Sv4tsS146qgOGbUda_sBccWmMk2g69cneSwh3d7EDhFkjLGI0TYhE9yB0V0/s320/51DE64A0-5E3A-4374-9201-5C1AA7C00E95.jpeg’ に保存中

     0K .......... .......... ......                          100% 3.83M=0.007s

2026-09-16 09:28:18 (3.83 MB/s) - ‘blogger.googleusercontent.com/img/b/R29vZ2xl/AVvXsEhDQ9ywFkH9sRFEVq_6M6TGcreUYm-SvUkrwXQqwwf82BNA_ArTvcwfwGQAsO5Dn9Tq-t_irDlL_hc13Ur1Sv4tsS146qgOGbUda_sBccWmMk2g69cneSwh3d7EDhFkjLGI0TYhE9yB0V0/s320/51DE64A0-5E3A-4374-9201-5C1AA7C00E95.jpeg’ へ保存完了 [26950/26950]

--2026-09-16 09:28:19--  https://www.tunnelpoemer.com/2020/05/blog-post_7.html
www.tunnelpoemer.com (www.tunnelpoemer.com)|2404:6800:400b:c005::79|:443 に接続しています... 接続しました。
HTTP による接続要求を送信しました、応答を待っています... 200 OK
長さ: 特定できません [text/html]
‘www.tunnelpoemer.com/2020/05/blog-post_7.html’ に保存中

     0K .......... .......... .......... .......... .......... 1.92M
    50K ...                                                    3.53M=0.03s

2026-09-16 09:28:21 (1.98 MB/s) - ‘www.tunnelpoemer.com/2020/05/blog-post_7.html’ へ保存終了 [55178]

--2026-09-16 09:28:22--  https://blogger.googleusercontent.com/img/b/R29vZ2xl/AVvXsEislPcRBP18xcfGxpYQHIhp5WHNkvrY7G9zvXxGqkBeA9NV6XelHCQ5fEob6r1kQmfTgnU7zG-gWY0lYEE8E3x2P_geezjasGpMclCCZFRqifzqjOu42lFnNNKTDrnH1nDVpI2M1WKMqog/s320/F79FE0C3-5BE1-4A9E-B72D-888602FFE021.jpeg
blogger.googleusercontent.com (blogger.googleusercontent.com)|2404:6800:400b:c005::84|:443 に接続しています... 接続しました。
HTTP による接続要求を送信しました、応答を待っています... 200 OK
長さ: 42092 (41K) [image/jpeg]
‘blogger.googleusercontent.com/img/b/R29vZ2xl/AVvXsEislPcRBP18xcfGxpYQHIhp5WHNkvrY7G9zvXxGqkBeA9NV6XelHCQ5fEob6r1kQmfTgnU7zG-gWY0lYEE8E3x2P_geezjasGpMclCCZFRqifzqjOu42lFnNNKTDrnH1nDVpI2M1WKMqog/s320/F79FE0C3-5BE1-4A9E-B72D-888602FFE021.jpeg’ に保存中

     0K .......... .......... .......... .......... .         100% 2.62M=0.02s

2026-09-16 09:28:23 (2.62 MB/s) - ‘blogger.googleusercontent.com/img/b/R29vZ2xl/AVvXsEislPcRBP18xcfGxpYQHIhp5WHNkvrY7G9zvXxGqkBeA9NV6XelHCQ5fEob6r1kQmfTgnU7zG-gWY0lYEE8E3x2P_geezjasGpMclCCZFRqifzqjOu42lFnNNKTDrnH1nDVpI2M1WKMqog/s320/F79FE0C3-5BE1-4A9E-B72D-888602FFE021.jpeg’ へ保存完了 [42092/42092]

--2026-09-16 09:28:24--  https://www.tunnelpoemer.com/2020/05/blog-post_8.html
www.tunnelpoemer.com (www.tunnelpoemer.com)|2404:6800:400b:c005::79|:443 に接続しています... 接続しました。
HTTP による接続要求を送信しました、応答を待っています... 200 OK
長さ: 特定できません [text/html]
‘www.tunnelpoemer.com/2020/05/blog-post_8.html’ に保存中

     0K .......... .......... .......... .......... .......... 2.52M
    50K ...                                                    21.3M=0.02s

2026-09-16 09:28:25 (2.69 MB/s) - ‘www.tunnelpoemer.com/2020/05/blog-post_8.html’ へ保存終了 [55134]

--2026-09-16 09:28:26--  https://blogger.googleusercontent.com/img/b/R29vZ2xl/AVvXsEguk9rt1mCQyG5frbowCwfRW4itQSlq8aLg7Ei_LYx5v4Mpojac23wu2IAc_4xIj3TlP_d4-H65rkeucdM01zjp9Ps-AGuATTbsc8gl2YDkR1iSRGO2t0R9tu9i7GZFJLJFJOqWsWXtLMs/s320/EF4BC513-B3AA-4B8A-A06C-8416D583394B.jpeg
blogger.googleusercontent.com (blogger.googleusercontent.com)|2404:6800:400b:c005::84|:443 に接続しています... 接続しました。
HTTP による接続要求を送信しました、応答を待っています... 200 OK
長さ: 23036 (22K) [image/jpeg]
‘blogger.googleusercontent.com/img/b/R29vZ2xl/AVvXsEguk9rt1mCQyG5frbowCwfRW4itQSlq8aLg7Ei_LYx5v4Mpojac23wu2IAc_4xIj3TlP_d4-H65rkeucdM01zjp9Ps-AGuATTbsc8gl2YDkR1iSRGO2t0R9tu9i7GZFJLJFJOqWsWXtLMs/s320/EF4BC513-B3AA-4B8A-A06C-8416D583394B.jpeg’ に保存中

     0K .......... .......... ..                              100% 1.89M=0.01s

2026-09-16 09:28:28 (1.89 MB/s) - ‘blogger.googleusercontent.com/img/b/R29vZ2xl/AVvXsEguk9rt1mCQyG5frbowCwfRW4itQSlq8aLg7Ei_LYx5v4Mpojac23wu2IAc_4xIj3TlP_d4-H65rkeucdM01zjp9Ps-AGuATTbsc8gl2YDkR1iSRGO2t0R9tu9i7GZFJLJFJOqWsWXtLMs/s320/EF4BC513-B3AA-4B8A-A06C-8416D583394B.jpeg’ へ保存完了 [23036/23036]

--2026-09-16 09:28:29--  https://www.tunnelpoemer.com/2020/05/blog-post_9.html
www.tunnelpoemer.com (www.tunnelpoemer.com)|2404:6800:400b:c005::79|:443 に接続しています... 接続しました。
HTTP による接続要求を送信しました、応答を待っています... 200 OK
長さ: 特定できません [text/html]
‘www.tunnelpoemer.com/2020/05/blog-post_9.html’ に保存中

     0K .......... .......... .......... .......... .......... 2.55M
    50K ...                                                    16.8M=0.02s

2026-09-16 09:28:30 (2.72 MB/s) - ‘www.tunnelpoemer.com/2020/05/blog-post_9.html’ へ保存終了 [55115]

--2026-09-16 09:28:31--  https://blogger.googleusercontent.com/img/b/R29vZ2xl/AVvXsEh3JUxSogxUtYLn-hkcwkSE3z7LadKh3TpNrRUyJi_xGTKp0E7fqqHduCUWSZzwAI8AbOOBu1KIjP9rrCcExixf8IIbX-cskI-HRNRu1tO-UxY9KzpXBzfVSENLjjBwSd0CZcp209lZb4k/s320/D0228473-C153-4F9F-82AE-1D395EA715EE.jpeg
blogger.googleusercontent.com (blogger.googleusercontent.com)|2404:6800:400b:c005::84|:443 に接続しています... 接続しました。
HTTP による接続要求を送信しました、応答を待っています... 200 OK
長さ: 25635 (25K) [image/jpeg]
‘blogger.googleusercontent.com/img/b/R29vZ2xl/AVvXsEh3JUxSogxUtYLn-hkcwkSE3z7LadKh3TpNrRUyJi_xGTKp0E7fqqHduCUWSZzwAI8AbOOBu1KIjP9rrCcExixf8IIbX-cskI-HRNRu1tO-UxY9KzpXBzfVSENLjjBwSd0CZcp209lZb4k/s320/D0228473-C153-4F9F-82AE-1D395EA715EE.jpeg’ に保存中

     0K .......... .......... .....                           100% 2.63M=0.009s

2026-09-16 09:28:33 (2.63 MB/s) - ‘blogger.googleusercontent.com/img/b/R29vZ2xl/AVvXsEh3JUxSogxUtYLn-hkcwkSE3z7LadKh3TpNrRUyJi_xGTKp0E7fqqHduCUWSZzwAI8AbOOBu1KIjP9rrCcExixf8IIbX-cskI-HRNRu1tO-UxY9KzpXBzfVSENLjjBwSd0CZcp209lZb4k/s320/D0228473-C153-4F9F-82AE-1D395EA715EE.jpeg’ へ保存完了 [25635/25635]

--2026-09-16 09:28:34--  https://www.tunnelpoemer.com/2020/05/blog-post.html
www.tunnelpoemer.com (www.tunnelpoemer.com)|2404:6800:400b:c005::79|:443 に接続しています... 接続しました。
HTTP による接続要求を送信しました、応答を待っています... 200 OK
長さ: 特定できません [text/html]
‘www.tunnelpoemer.com/2020/05/blog-post.html’ に保存中

     0K .......... .......... .......... .......... .......... 1.10M
    50K ...                                                    4.71M=0.05s

2026-09-16 09:28:35 (1.17 MB/s) - ‘www.tunnelpoemer.com/2020/05/blog-post.html’ へ保存終了 [55236]

--2026-09-16 09:28:36--  https://blogger.googleusercontent.com/img/b/R29vZ2xl/AVvXsEjD9zXucV_lEIdAp9LaRZ3ZahoD3PxhnTTro6NYwuKPwym0eG60gyntEHUcjOfcjE2rgwPl7bxJ4MfcSpyVIwgnwekkPD6DjvPQ3oea6-OnPVGZjX3p-5sFeqfw_EEP7AKolKWbOMmcd04/s320/06121FF4-1EDE-49A3-829B-FD90A829EE02.jpeg
blogger.googleusercontent.com (blogger.googleusercontent.com)|2404:6800:400b:c005::84|:443 に接続しています... 接続しました。
HTTP による接続要求を送信しました、応答を待っています... 200 OK
長さ: 26512 (26K) [image/jpeg]
‘blogger.googleusercontent.com/img/b/R29vZ2xl/AVvXsEjD9zXucV_lEIdAp9LaRZ3ZahoD3PxhnTTro6NYwuKPwym0eG60gyntEHUcjOfcjE2rgwPl7bxJ4MfcSpyVIwgnwekkPD6DjvPQ3oea6-OnPVGZjX3p-5sFeqfw_EEP7AKolKWbOMmcd04/s320/06121FF4-1EDE-49A3-829B-FD90A829EE02.jpeg’ に保存中

     0K .......... .......... .....                           100% 2.57M=0.01s

2026-09-16 09:28:37 (2.57 MB/s) - ‘blogger.googleusercontent.com/img/b/R29vZ2xl/AVvXsEjD9zXucV_lEIdAp9LaRZ3ZahoD3PxhnTTro6NYwuKPwym0eG60gyntEHUcjOfcjE2rgwPl7bxJ4MfcSpyVIwgnwekkPD6DjvPQ3oea6-OnPVGZjX3p-5sFeqfw_EEP7AKolKWbOMmcd04/s320/06121FF4-1EDE-49A3-829B-FD90A829EE02.jpeg’ へ保存完了 [26512/26512]

--2026-09-16 09:28:38--  https://www.tunnelpoemer.com/2020/05/oed.html
www.tunnelpoemer.com (www.tunnelpoemer.com)|2404:6800:400b:c005::79|:443 に接続しています... 接続しました。
HTTP による接続要求を送信しました、応答を待っています... 200 OK
長さ: 特定できません [text/html]
‘www.tunnelpoemer.com/2020/05/oed.html’ に保存中

     0K .......... .......... .......... .......... ..........  730K
    50K ...                                                     978K=0.07s

2026-09-16 09:28:39 (743 KB/s) - ‘www.tunnelpoemer.com/2020/05/oed.html’ へ保存終了 [54987]

--2026-09-16 09:28:40--  https://blogger.googleusercontent.com/img/b/R29vZ2xl/AVvXsEjEthB2KkBBtLWo-LiDb5-MnEbww33ChqbMJdvfnrBq1TBrXH68lKhASHiecJwOsHGZCctMA4EKJG07MmU5f3DnWJlZWVClAwx6fXqmUV8m27Cqfk5H8zXGkv7T_Dg8S1zwlNXipXAm8uo/s320/235FF518-78BA-4EB2-AF49-5AAFFEEC798C.jpeg
blogger.googleusercontent.com (blogger.googleusercontent.com)|2404:6800:400b:c005::84|:443 に接続しています... 接続しました。
HTTP による接続要求を送信しました、応答を待っています... 200 OK
長さ: 28305 (28K) [image/jpeg]
‘blogger.googleusercontent.com/img/b/R29vZ2xl/AVvXsEjEthB2KkBBtLWo-LiDb5-MnEbww33ChqbMJdvfnrBq1TBrXH68lKhASHiecJwOsHGZCctMA4EKJG07MmU5f3DnWJlZWVClAwx6fXqmUV8m27Cqfk5H8zXGkv7T_Dg8S1zwlNXipXAm8uo/s320/235FF518-78BA-4EB2-AF49-5AAFFEEC798C.jpeg’ に保存中

     0K .......... .......... .......                         100% 2.29M=0.01s

2026-09-16 09:28:42 (2.29 MB/s) - ‘blogger.googleusercontent.com/img/b/R29vZ2xl/AVvXsEjEthB2KkBBtLWo-LiDb5-MnEbww33ChqbMJdvfnrBq1TBrXH68lKhASHiecJwOsHGZCctMA4EKJG07MmU5f3DnWJlZWVClAwx6fXqmUV8m27Cqfk5H8zXGkv7T_Dg8S1zwlNXipXAm8uo/s320/235FF518-78BA-4EB2-AF49-5AAFFEEC798C.jpeg’ へ保存完了 [28305/28305]

--2026-09-16 09:28:43--  https://www.tunnelpoemer.com/2020/06/blog-post_19.html
www.tunnelpoemer.com (www.tunnelpoemer.com)|2404:6800:400b:c005::79|:443 に接続しています... 接続しました。
HTTP による接続要求を送信しました、応答を待っています... 200 OK
長さ: 特定できません [text/html]
‘www.tunnelpoemer.com/2020/06/blog-post_19.html’ に保存中

     0K .......... .......... .......... .......... .......... 2.37M
    50K ....                                                   19.1M=0.02s

2026-09-16 09:28:43 (2.53 MB/s) - ‘www.tunnelpoemer.com/2020/06/blog-post_19.html’ へ保存終了 [55297]

--2026-09-16 09:28:44--  https://blogger.googleusercontent.com/img/b/R29vZ2xl/AVvXsEg9cZwf4jFd_UDhyphenhyphenLy2FCz4ZyA1-RWqMAzz4c5cYRBd6bHofzkEjOVUQX9pOQDX6Qm4oRq__DwjgacinjBOYg_W85bEZFDYC8zMvolnpA0uT74XDjzfY4Z35qenhgeIb2p0HjCVapSgft8/s320/IMG_2210.jpg
blogger.googleusercontent.com (blogger.googleusercontent.com)|2404:6800:400b:c005::84|:443 に接続しています... 接続しました。
HTTP による接続要求を送信しました、応答を待っています... 200 OK
長さ: 20795 (20K) [image/jpeg]
‘blogger.googleusercontent.com/img/b/R29vZ2xl/AVvXsEg9cZwf4jFd_UDhyphenhyphenLy2FCz4ZyA1-RWqMAzz4c5cYRBd6bHofzkEjOVUQX9pOQDX6Qm4oRq__DwjgacinjBOYg_W85bEZFDYC8zMvolnpA0uT74XDjzfY4Z35qenhgeIb2p0HjCVapSgft8/s320/IMG_2210.jpg’ に保存中

     0K .......... ..........                                 100% 5.30M=0.004s

2026-09-16 09:28:46 (5.30 MB/s) - ‘blogger.googleusercontent.com/img/b/R29vZ2xl/AVvXsEg9cZwf4jFd_UDhyphenhyphenLy2FCz4ZyA1-RWqMAzz4c5cYRBd6bHofzkEjOVUQX9pOQDX6Qm4oRq__DwjgacinjBOYg_W85bEZFDYC8zMvolnpA0uT74XDjzfY4Z35qenhgeIb2p0HjCVapSgft8/s320/IMG_2210.jpg’ へ保存完了 [20795/20795]

--2026-09-16 09:28:47--  https://www.tunnelpoemer.com/2020/06/blog-post_22.html
www.tunnelpoemer.com (www.tunnelpoemer.com)|2404:6800:400b:c005::79|:443 に接続しています... 接続しました。
HTTP による接続要求を送信しました、応答を待っています... 200 OK
長さ: 特定できません [text/html]
‘www.tunnelpoemer.com/2020/06/blog-post_22.html’ に保存中

     0K .......... .......... .......... .......... .......... 1.42M
    50K ...                                                    21.8M=0.03s

2026-09-16 09:28:48 (1.51 MB/s) - ‘www.tunnelpoemer.com/2020/06/blog-post_22.html’ へ保存終了 [54708]

--2026-09-16 09:28:49--  https://blogger.googleusercontent.com/img/b/R29vZ2xl/AVvXsEjehj5YUex-wtGVAC2yYCSLl_BqZRCnFu7dAblpeTQBTxJhgKvCwBFmW0vB2Gb7MZxv_PxSLb0GOZZzvqGOH_zPkySS9WQ24TefJplA5DdCcsWorqBmUyMZYc1c8IW_zuFCAyrdte5tGPM/s320/EB22277F-F91E-43A6-AA2C-64721CB58ABD.jpeg
blogger.googleusercontent.com (blogger.googleusercontent.com)|2404:6800:400b:c005::84|:443 に接続しています... 接続しました。
HTTP による接続要求を送信しました、応答を待っています... 200 OK
長さ: 28384 (28K) [image/jpeg]
‘blogger.googleusercontent.com/img/b/R29vZ2xl/AVvXsEjehj5YUex-wtGVAC2yYCSLl_BqZRCnFu7dAblpeTQBTxJhgKvCwBFmW0vB2Gb7MZxv_PxSLb0GOZZzvqGOH_zPkySS9WQ24TefJplA5DdCcsWorqBmUyMZYc1c8IW_zuFCAyrdte5tGPM/s320/EB22277F-F91E-43A6-AA2C-64721CB58ABD.jpeg’ に保存中

     0K .......... .......... .......                         100% 2.91M=0.009s

2026-09-16 09:28:50 (2.91 MB/s) - ‘blogger.googleusercontent.com/img/b/R29vZ2xl/AVvXsEjehj5YUex-wtGVAC2yYCSLl_BqZRCnFu7dAblpeTQBTxJhgKvCwBFmW0vB2Gb7MZxv_PxSLb0GOZZzvqGOH_zPkySS9WQ24TefJplA5DdCcsWorqBmUyMZYc1c8IW_zuFCAyrdte5tGPM/s320/EB22277F-F91E-43A6-AA2C-64721CB58ABD.jpeg’ へ保存完了 [28384/28384]

--2026-09-16 09:28:51--  https://www.tunnelpoemer.com/2020/06/blog-post.html
www.tunnelpoemer.com (www.tunnelpoemer.com)|2404:6800:400b:c005::79|:443 に接続しています... 接続しました。
HTTP による接続要求を送信しました、応答を待っています... 200 OK
長さ: 特定できません [text/html]
‘www.tunnelpoemer.com/2020/06/blog-post.html’ に保存中

     0K .......... .......... .......... .......... .......... 3.03M
    50K ...                                                    20.9M=0.02s

2026-09-16 09:28:53 (3.21 MB/s) - ‘www.tunnelpoemer.com/2020/06/blog-post.html’ へ保存終了 [54739]

--2026-09-16 09:28:54--  https://blogger.googleusercontent.com/img/b/R29vZ2xl/AVvXsEhP8I9a8ZkTrQDYyokLL3NVCEsF8NWpvyJ0hj0VttGx8C1R5BC4s3Rd2F896a6Yss88GKmYkT6lXLBLFS35CTrMqpx-Y-P2NaMUU1jYNpo8lGyXPyvpxzfnfMlS2Ac5I27H_A1yo3Lml24/s320/EF12E19E-D5B3-4920-BF0D-B54EA9AE18E3.jpeg
blogger.googleusercontent.com (blogger.googleusercontent.com)|2404:6800:400b:c005::84|:443 に接続しています... 接続しました。
HTTP による接続要求を送信しました、応答を待っています... 200 OK
長さ: 21863 (21K) [image/jpeg]
‘blogger.googleusercontent.com/img/b/R29vZ2xl/AVvXsEhP8I9a8ZkTrQDYyokLL3NVCEsF8NWpvyJ0hj0VttGx8C1R5BC4s3Rd2F896a6Yss88GKmYkT6lXLBLFS35CTrMqpx-Y-P2NaMUU1jYNpo8lGyXPyvpxzfnfMlS2Ac5I27H_A1yo3Lml24/s320/EF12E19E-D5B3-4920-BF0D-B54EA9AE18E3.jpeg’ に保存中

     0K .......... .......... .                               100% 5.78M=0.004s

2026-09-16 09:28:55 (5.78 MB/s) - ‘blogger.googleusercontent.com/img/b/R29vZ2xl/AVvXsEhP8I9a8ZkTrQDYyokLL3NVCEsF8NWpvyJ0hj0VttGx8C1R5BC4s3Rd2F896a6Yss88GKmYkT6lXLBLFS35CTrMqpx-Y-P2NaMUU1jYNpo8lGyXPyvpxzfnfMlS2Ac5I27H_A1yo3Lml24/s320/EF12E19E-D5B3-4920-BF0D-B54EA9AE18E3.jpeg’ へ保存完了 [21863/21863]

--2026-09-16 09:28:56--  https://www.tunnelpoemer.com/2020/06/eight-king-child-south-field.html
www.tunnelpoemer.com (www.tunnelpoemer.com)|2404:6800:400b:c005::79|:443 に接続しています... 接続しました。
HTTP による接続要求を送信しました、応答を待っています... 200 OK
長さ: 特定できません [text/html]
‘www.tunnelpoemer.com/2020/06/eight-king-child-south-field.html’ に保存中

     0K .......... .......... .......... .......... .......... 2.25M
    50K ....                                                   2.06M=0.02s

2026-09-16 09:28:57 (2.23 MB/s) - ‘www.tunnelpoemer.com/2020/06/eight-king-child-south-field.html’ へ保存終了 [55555]

--2026-09-16 09:28:58--  https://blogger.googleusercontent.com/img/b/R29vZ2xl/AVvXsEhhfnakMD9lsc6bWTtIW-qJolLvtYLMhqItz-JXPgy88ZsMULnCodH6D7_dqnLa0D5ebUyiMUJNDIKlPJciCZJ3XdFeJMA9V0LWuKpIvdB15W33VOk3qpSTZ1yeh8Uy0sElVKZ4H-0S5M0/s320/CF5042A1-A1D2-41BC-A853-A405F4D1EFC2.jpeg
blogger.googleusercontent.com (blogger.googleusercontent.com)|2404:6800:400b:c005::84|:443 に接続しています... 接続しました。
HTTP による接続要求を送信しました、応答を待っています... 200 OK
長さ: 35580 (35K) [image/jpeg]
‘blogger.googleusercontent.com/img/b/R29vZ2xl/AVvXsEhhfnakMD9lsc6bWTtIW-qJolLvtYLMhqItz-JXPgy88ZsMULnCodH6D7_dqnLa0D5ebUyiMUJNDIKlPJciCZJ3XdFeJMA9V0LWuKpIvdB15W33VOk3qpSTZ1yeh8Uy0sElVKZ4H-0S5M0/s320/CF5042A1-A1D2-41BC-A853-A405F4D1EFC2.jpeg’ に保存中

     0K .......... .......... .......... ....                 100%  310K=0.1s

2026-09-16 09:29:00 (310 KB/s) - ‘blogger.googleusercontent.com/img/b/R29vZ2xl/AVvXsEhhfnakMD9lsc6bWTtIW-qJolLvtYLMhqItz-JXPgy88ZsMULnCodH6D7_dqnLa0D5ebUyiMUJNDIKlPJciCZJ3XdFeJMA9V0LWuKpIvdB15W33VOk3qpSTZ1yeh8Uy0sElVKZ4H-0S5M0/s320/CF5042A1-A1D2-41BC-A853-A405F4D1EFC2.jpeg’ へ保存完了 [35580/35580]

--2026-09-16 09:29:01--  https://www.tunnelpoemer.com/2020/07/blog-post_20.html
www.tunnelpoemer.com (www.tunnelpoemer.com)|2404:6800:400b:c005::79|:443 に接続しています... 接続しました。
HTTP による接続要求を送信しました、応答を待っています... 200 OK
長さ: 特定できません [text/html]
‘www.tunnelpoemer.com/2020/07/blog-post_20.html’ に保存中

     0K .......... .......... .......... .......... .......... 2.35M
    50K ...                                                    4.61M=0.02s

2026-09-16 09:29:01 (2.43 MB/s) - ‘www.tunnelpoemer.com/2020/07/blog-post_20.html’ へ保存終了 [54767]

--2026-09-16 09:29:02--  https://blogger.googleusercontent.com/img/b/R29vZ2xl/AVvXsEgehDUnRuJXgvdgjSUiuF6x2GXDh5GABcEsUuEGdef8Z3AYIyjWOQaMCXuYFgS293_8zKUNYj3GcbAq7lDLC0yDHz7Frc5rxdAmCH22XMu__ZJDkC8NecLqtYAKpi4EB_5DfARcQpzg4eI/s320/CC432560-ABD6-4622-AE0A-2C50087CF5E8.jpeg
blogger.googleusercontent.com (blogger.googleusercontent.com)|2404:6800:400b:c005::84|:443 に接続しています... 接続しました。
HTTP による接続要求を送信しました、応答を待っています... 200 OK
長さ: 31503 (31K) [image/jpeg]
‘blogger.googleusercontent.com/img/b/R29vZ2xl/AVvXsEgehDUnRuJXgvdgjSUiuF6x2GXDh5GABcEsUuEGdef8Z3AYIyjWOQaMCXuYFgS293_8zKUNYj3GcbAq7lDLC0yDHz7Frc5rxdAmCH22XMu__ZJDkC8NecLqtYAKpi4EB_5DfARcQpzg4eI/s320/CC432560-ABD6-4622-AE0A-2C50087CF5E8.jpeg’ に保存中

     0K .......... .......... ..........                      100% 3.30M=0.009s

2026-09-16 09:29:04 (3.30 MB/s) - ‘blogger.googleusercontent.com/img/b/R29vZ2xl/AVvXsEgehDUnRuJXgvdgjSUiuF6x2GXDh5GABcEsUuEGdef8Z3AYIyjWOQaMCXuYFgS293_8zKUNYj3GcbAq7lDLC0yDHz7Frc5rxdAmCH22XMu__ZJDkC8NecLqtYAKpi4EB_5DfARcQpzg4eI/s320/CC432560-ABD6-4622-AE0A-2C50087CF5E8.jpeg’ へ保存完了 [31503/31503]

--2026-09-16 09:29:05--  https://www.tunnelpoemer.com/2020/07/blog-post.html
www.tunnelpoemer.com (www.tunnelpoemer.com)|2404:6800:400b:c005::79|:443 に接続しています... 接続しました。
HTTP による接続要求を送信しました、応答を待っています... 200 OK
長さ: 特定できません [text/html]
‘www.tunnelpoemer.com/2020/07/blog-post.html’ に保存中

     0K .......... .......... .......... .......... .......... 3.16M
    50K ...                                                    18.7M=0.02s

2026-09-16 09:29:05 (3.35 MB/s) - ‘www.tunnelpoemer.com/2020/07/blog-post.html’ へ保存終了 [54969]

--2026-09-16 09:29:06--  https://blogger.googleusercontent.com/img/b/R29vZ2xl/AVvXsEhamtih579wwglLW61fiVwcjo-_Az8q24XI_w7_Zj21lndsFCn2FQibE6tW1YcHsllXGraF3G5Qqz-zP7n4GxjKUt_SqkdriA9Gd8v31jYG2O_Q-N1ikK6Q-W4WjilzwhCbQWJqjQJbl7Q/s320/819F8E19-005F-45B9-A313-58353118B2E4.jpeg
blogger.googleusercontent.com (blogger.googleusercontent.com)|2404:6800:400b:c005::84|:443 に接続しています... 接続しました。
HTTP による接続要求を送信しました、応答を待っています... 200 OK
長さ: 24436 (24K) [image/jpeg]
‘blogger.googleusercontent.com/img/b/R29vZ2xl/AVvXsEhamtih579wwglLW61fiVwcjo-_Az8q24XI_w7_Zj21lndsFCn2FQibE6tW1YcHsllXGraF3G5Qqz-zP7n4GxjKUt_SqkdriA9Gd8v31jYG2O_Q-N1ikK6Q-W4WjilzwhCbQWJqjQJbl7Q/s320/819F8E19-005F-45B9-A313-58353118B2E4.jpeg’ に保存中

     0K .......... .......... ...                             100% 2.71M=0.009s

2026-09-16 09:29:08 (2.71 MB/s) - ‘blogger.googleusercontent.com/img/b/R29vZ2xl/AVvXsEhamtih579wwglLW61fiVwcjo-_Az8q24XI_w7_Zj21lndsFCn2FQibE6tW1YcHsllXGraF3G5Qqz-zP7n4GxjKUt_SqkdriA9Gd8v31jYG2O_Q-N1ikK6Q-W4WjilzwhCbQWJqjQJbl7Q/s320/819F8E19-005F-45B9-A313-58353118B2E4.jpeg’ へ保存完了 [24436/24436]

--2026-09-16 09:29:09--  https://www.tunnelpoemer.com/2020/07/tn.html
www.tunnelpoemer.com (www.tunnelpoemer.com)|2404:6800:400b:c005::79|:443 に接続しています... 接続しました。
HTTP による接続要求を送信しました、応答を待っています... 200 OK
長さ: 特定できません [text/html]
‘www.tunnelpoemer.com/2020/07/tn.html’ に保存中

     0K .......... .......... .......... .......... ..........  628K
    50K ...                                                    3.46M=0.08s

2026-09-16 09:29:10 (661 KB/s) - ‘www.tunnelpoemer.com/2020/07/tn.html’ へ保存終了 [54489]

--2026-09-16 09:29:11--  https://blogger.googleusercontent.com/img/b/R29vZ2xl/AVvXsEgIU7jOwZAvhpCJ7tjJ-Y9C1gjHapctyWYbGAS3azuWovsmn8PsGMJUPYb417X7g6dtK6L8DCZ3LEuDUCQVtPBFm44TXEJJC4B6ltjimcXssXo2g9f6khqyp1xexbmZLYZcJKVtuup0j0s/s320/178BE686-E0BA-40C0-9BB6-E49938D16621.jpeg
blogger.googleusercontent.com (blogger.googleusercontent.com)|2404:6800:400b:c005::84|:443 に接続しています... 接続しました。
HTTP による接続要求を送信しました、応答を待っています... 200 OK
長さ: 25597 (25K) [image/jpeg]
‘blogger.googleusercontent.com/img/b/R29vZ2xl/AVvXsEgIU7jOwZAvhpCJ7tjJ-Y9C1gjHapctyWYbGAS3azuWovsmn8PsGMJUPYb417X7g6dtK6L8DCZ3LEuDUCQVtPBFm44TXEJJC4B6ltjimcXssXo2g9f6khqyp1xexbmZLYZcJKVtuup0j0s/s320/178BE686-E0BA-40C0-9BB6-E49938D16621.jpeg’ に保存中

     0K .......... .......... ....                            100%  661K=0.04s

2026-09-16 09:29:12 (661 KB/s) - ‘blogger.googleusercontent.com/img/b/R29vZ2xl/AVvXsEgIU7jOwZAvhpCJ7tjJ-Y9C1gjHapctyWYbGAS3azuWovsmn8PsGMJUPYb417X7g6dtK6L8DCZ3LEuDUCQVtPBFm44TXEJJC4B6ltjimcXssXo2g9f6khqyp1xexbmZLYZcJKVtuup0j0s/s320/178BE686-E0BA-40C0-9BB6-E49938D16621.jpeg’ へ保存完了 [25597/25597]

--2026-09-16 09:29:13--  https://www.tunnelpoemer.com/2020/08/blog-post_25.html
www.tunnelpoemer.com (www.tunnelpoemer.com)|2404:6800:400b:c005::79|:443 に接続しています... 接続しました。
HTTP による接続要求を送信しました、応答を待っています... 200 OK
長さ: 特定できません [text/html]
‘www.tunnelpoemer.com/2020/08/blog-post_25.html’ に保存中

     0K .......... .......... .......... .......... .......... 2.22M
    50K ...                                                    21.8M=0.02s

2026-09-16 09:29:15 (2.34 MB/s) - ‘www.tunnelpoemer.com/2020/08/blog-post_25.html’ へ保存終了 [54355]

--2026-09-16 09:29:16--  https://blogger.googleusercontent.com/img/b/R29vZ2xl/AVvXsEgO9WsHeUdSi5yw7zwMkTNQRy3nr2rj-5FEYnnW1bNEN75jZZQmbGsI_4jr9n9dep8Ib86l3EykrGiLvnh_oYmJPxxctGmO8Mkjaqo68GFNssvUTVvRrP6REMoKUTShzLdYUaxmiMTEfGY/w320-h213/3CEB3D74-5FB4-4939-BEDE-A075E791BAD5.jpeg
blogger.googleusercontent.com (blogger.googleusercontent.com)|2404:6800:400b:c005::84|:443 に接続しています... 接続しました。
HTTP による接続要求を送信しました、応答を待っています... 200 OK
長さ: 25087 (24K) [image/jpeg]
‘blogger.googleusercontent.com/img/b/R29vZ2xl/AVvXsEgO9WsHeUdSi5yw7zwMkTNQRy3nr2rj-5FEYnnW1bNEN75jZZQmbGsI_4jr9n9dep8Ib86l3EykrGiLvnh_oYmJPxxctGmO8Mkjaqo68GFNssvUTVvRrP6REMoKUTShzLdYUaxmiMTEfGY/w320-h213/3CEB3D74-5FB4-4939-BEDE-A075E791BAD5.jpeg’ に保存中

     0K .......... .......... ....                            100% 2.90M=0.008s

2026-09-16 09:29:17 (2.90 MB/s) - ‘blogger.googleusercontent.com/img/b/R29vZ2xl/AVvXsEgO9WsHeUdSi5yw7zwMkTNQRy3nr2rj-5FEYnnW1bNEN75jZZQmbGsI_4jr9n9dep8Ib86l3EykrGiLvnh_oYmJPxxctGmO8Mkjaqo68GFNssvUTVvRrP6REMoKUTShzLdYUaxmiMTEfGY/w320-h213/3CEB3D74-5FB4-4939-BEDE-A075E791BAD5.jpeg’ へ保存完了 [25087/25087]

--2026-09-16 09:29:18--  https://www.tunnelpoemer.com/2020/08/blog-post.html
www.tunnelpoemer.com (www.tunnelpoemer.com)|2404:6800:400b:c005::79|:443 に接続しています... 接続しました。
HTTP による接続要求を送信しました、応答を待っています... 200 OK
長さ: 特定できません [text/html]
‘www.tunnelpoemer.com/2020/08/blog-post.html’ に保存中

     0K .......... .......... .......... .......... .......... 1.99M
    50K ...                                                    21.4M=0.02s

2026-09-16 09:29:19 (2.10 MB/s) - ‘www.tunnelpoemer.com/2020/08/blog-post.html’ へ保存終了 [54299]

--2026-09-16 09:29:20--  https://blogger.googleusercontent.com/img/b/R29vZ2xl/AVvXsEjQhXIdrCsXnFh88zZkFySD0ezQnPLjXKytkLNTw2ahVNKXNqio1pprfA_A8EEyVfDqZUVwfNasAzCqyumUbkMUOKj4H4uL9Ud3xdBRSNeG6lCHH2vZTVr63MrJTn_eKacs-aowJbZp9kY/w213-h320/722927F0-2B90-480C-BDA5-03B4CA01B288.jpeg
blogger.googleusercontent.com (blogger.googleusercontent.com)|2404:6800:400b:c005::84|:443 に接続しています... 接続しました。
HTTP による接続要求を送信しました、応答を待っています... 200 OK
長さ: 30812 (30K) [image/jpeg]
‘blogger.googleusercontent.com/img/b/R29vZ2xl/AVvXsEjQhXIdrCsXnFh88zZkFySD0ezQnPLjXKytkLNTw2ahVNKXNqio1pprfA_A8EEyVfDqZUVwfNasAzCqyumUbkMUOKj4H4uL9Ud3xdBRSNeG6lCHH2vZTVr63MrJTn_eKacs-aowJbZp9kY/w213-h320/722927F0-2B90-480C-BDA5-03B4CA01B288.jpeg’ に保存中

     0K .......... .......... ..........                      100% 1.87M=0.02s

2026-09-16 09:29:21 (1.87 MB/s) - ‘blogger.googleusercontent.com/img/b/R29vZ2xl/AVvXsEjQhXIdrCsXnFh88zZkFySD0ezQnPLjXKytkLNTw2ahVNKXNqio1pprfA_A8EEyVfDqZUVwfNasAzCqyumUbkMUOKj4H4uL9Ud3xdBRSNeG6lCHH2vZTVr63MrJTn_eKacs-aowJbZp9kY/w213-h320/722927F0-2B90-480C-BDA5-03B4CA01B288.jpeg’ へ保存完了 [30812/30812]

--2026-09-16 09:29:22--  https://www.tunnelpoemer.com/2020/09/blog-post_19.html
www.tunnelpoemer.com (www.tunnelpoemer.com)|2404:6800:400b:c005::79|:443 に接続しています... 接続しました。
HTTP による接続要求を送信しました、応答を待っています... 200 OK
長さ: 特定できません [text/html]
‘www.tunnelpoemer.com/2020/09/blog-post_19.html’ に保存中

     0K .......... .......... .......... .......... .......... 2.28M
    50K ...                                                    14.0M=0.02s

2026-09-16 09:29:24 (2.43 MB/s) - ‘www.tunnelpoemer.com/2020/09/blog-post_19.html’ へ保存終了 [55258]

--2026-09-16 09:29:25--  https://blogger.googleusercontent.com/img/b/R29vZ2xl/AVvXsEgrWbEPmLEwm7J8LorMAdCcUfZn6xUSVzfBqRVTbif6I9BbDlyatqUKdyqTZEg-rSa0-k60kguB6iMFrSBo4yfEL7982htcgVZSEu-rQlKNTU8NWIkKTwQeW7zruvxOreA9Ez10SSP1E34/s320/B150845C-9988-4EB5-B017-6741749A97A6.jpeg
blogger.googleusercontent.com (blogger.googleusercontent.com)|2404:6800:400b:c005::84|:443 に接続しています... 接続しました。
HTTP による接続要求を送信しました、応答を待っています... 200 OK
長さ: 24918 (24K) [image/jpeg]
‘blogger.googleusercontent.com/img/b/R29vZ2xl/AVvXsEgrWbEPmLEwm7J8LorMAdCcUfZn6xUSVzfBqRVTbif6I9BbDlyatqUKdyqTZEg-rSa0-k60kguB6iMFrSBo4yfEL7982htcgVZSEu-rQlKNTU8NWIkKTwQeW7zruvxOreA9Ez10SSP1E34/s320/B150845C-9988-4EB5-B017-6741749A97A6.jpeg’ に保存中

     0K .......... .......... ....                            100% 2.47M=0.01s

2026-09-16 09:29:26 (2.47 MB/s) - ‘blogger.googleusercontent.com/img/b/R29vZ2xl/AVvXsEgrWbEPmLEwm7J8LorMAdCcUfZn6xUSVzfBqRVTbif6I9BbDlyatqUKdyqTZEg-rSa0-k60kguB6iMFrSBo4yfEL7982htcgVZSEu-rQlKNTU8NWIkKTwQeW7zruvxOreA9Ez10SSP1E34/s320/B150845C-9988-4EB5-B017-6741749A97A6.jpeg’ へ保存完了 [24918/24918]

--2026-09-16 09:29:27--  https://www.tunnelpoemer.com/2020/09/blog-post_24.html
www.tunnelpoemer.com (www.tunnelpoemer.com)|2404:6800:400b:c005::79|:443 に接続しています... 接続しました。
HTTP による接続要求を送信しました、応答を待っています... 200 OK
長さ: 特定できません [text/html]
‘www.tunnelpoemer.com/2020/09/blog-post_24.html’ に保存中

     0K .......... .......... .......... .......... .......... 1.62M
    50K ....                                                   18.4M=0.03s

2026-09-16 09:29:29 (1.74 MB/s) - ‘www.tunnelpoemer.com/2020/09/blog-post_24.html’ へ保存終了 [55322]

--2026-09-16 09:29:30--  https://blogger.googleusercontent.com/img/b/R29vZ2xl/AVvXsEg51_Izj3IPR04NwYUlLDFX7fF18GSzOeuPhqFRNCDN-JSjtZKU7RtZpg_oWBY_6fIwd_WmM29SfYv8D3_J_l4EKejC_2hqbwXexlXd-rRXXPyceGywjAmEcAQRxSB3tdRoFzBEcXtd0b0/s320/72422C09-419F-426B-B6D8-033123978B03.jpeg
blogger.googleusercontent.com (blogger.googleusercontent.com)|2404:6800:400b:c005::84|:443 に接続しています... 接続しました。
HTTP による接続要求を送信しました、応答を待っています... 200 OK
長さ: 20238 (20K) [image/jpeg]
‘blogger.googleusercontent.com/img/b/R29vZ2xl/AVvXsEg51_Izj3IPR04NwYUlLDFX7fF18GSzOeuPhqFRNCDN-JSjtZKU7RtZpg_oWBY_6fIwd_WmM29SfYv8D3_J_l4EKejC_2hqbwXexlXd-rRXXPyceGywjAmEcAQRxSB3tdRoFzBEcXtd0b0/s320/72422C09-419F-426B-B6D8-033123978B03.jpeg’ に保存中

     0K .......... .........                                  100% 3.31M=0.006s

2026-09-16 09:29:31 (3.31 MB/s) - ‘blogger.googleusercontent.com/img/b/R29vZ2xl/AVvXsEg51_Izj3IPR04NwYUlLDFX7fF18GSzOeuPhqFRNCDN-JSjtZKU7RtZpg_oWBY_6fIwd_WmM29SfYv8D3_J_l4EKejC_2hqbwXexlXd-rRXXPyceGywjAmEcAQRxSB3tdRoFzBEcXtd0b0/s320/72422C09-419F-426B-B6D8-033123978B03.jpeg’ へ保存完了 [20238/20238]

--2026-09-16 09:29:32--  https://www.tunnelpoemer.com/2020/09/blog-post_28.html
www.tunnelpoemer.com (www.tunnelpoemer.com)|2404:6800:400b:c005::79|:443 に接続しています... 接続しました。
HTTP による接続要求を送信しました、応答を待っています... 200 OK
長さ: 特定できません [text/html]
‘www.tunnelpoemer.com/2020/09/blog-post_28.html’ に保存中

     0K .......... .......... .......... .......... ..........  967K
    50K ...                                                    5.52M=0.05s

2026-09-16 09:29:33 (1.00 MB/s) - ‘www.tunnelpoemer.com/2020/09/blog-post_28.html’ へ保存終了 [55076]

--2026-09-16 09:29:34--  https://blogger.googleusercontent.com/img/b/R29vZ2xl/AVvXsEiWPo0RM7vOE-6X-jdMB3u-A-q-tul6W39aF9FZYcpwjdsgl8LkyU3LoFKF-CO4vu_ObaooZyE75XqJeXQ7RHFaNLioEiQtqCpacUFTrlL9y0dM9zih2481lEP8wuWaFGHjyAili1vmz-g/s320/21B4653F-F6C6-4BCE-9221-CEA660927205.jpeg
blogger.googleusercontent.com (blogger.googleusercontent.com)|2404:6800:400b:c005::84|:443 に接続しています... 接続しました。
HTTP による接続要求を送信しました、応答を待っています... 200 OK
長さ: 26049 (25K) [image/jpeg]
‘blogger.googleusercontent.com/img/b/R29vZ2xl/AVvXsEiWPo0RM7vOE-6X-jdMB3u-A-q-tul6W39aF9FZYcpwjdsgl8LkyU3LoFKF-CO4vu_ObaooZyE75XqJeXQ7RHFaNLioEiQtqCpacUFTrlL9y0dM9zih2481lEP8wuWaFGHjyAili1vmz-g/s320/21B4653F-F6C6-4BCE-9221-CEA660927205.jpeg’ に保存中

     0K .......... .......... .....                           100% 3.23M=0.008s

2026-09-16 09:29:37 (3.23 MB/s) - ‘blogger.googleusercontent.com/img/b/R29vZ2xl/AVvXsEiWPo0RM7vOE-6X-jdMB3u-A-q-tul6W39aF9FZYcpwjdsgl8LkyU3LoFKF-CO4vu_ObaooZyE75XqJeXQ7RHFaNLioEiQtqCpacUFTrlL9y0dM9zih2481lEP8wuWaFGHjyAili1vmz-g/s320/21B4653F-F6C6-4BCE-9221-CEA660927205.jpeg’ へ保存完了 [26049/26049]

--2026-09-16 09:29:38--  https://www.tunnelpoemer.com/2020/09/blog-post_2.html
www.tunnelpoemer.com (www.tunnelpoemer.com)|2404:6800:400b:c005::79|:443 に接続しています... 接続しました。
HTTP による接続要求を送信しました、応答を待っています... 200 OK
長さ: 特定できません [text/html]
‘www.tunnelpoemer.com/2020/09/blog-post_2.html’ に保存中

     0K .......... .......... .......... .......... .......... 3.14M
    50K ...                                                     143K=0.04s

2026-09-16 09:29:39 (1.25 MB/s) - ‘www.tunnelpoemer.com/2020/09/blog-post_2.html’ へ保存終了 [55104]

--2026-09-16 09:29:40--  https://blogger.googleusercontent.com/img/b/R29vZ2xl/AVvXsEgXxCxi8FMtEDC5vgfuVFVY2TA8kLSdnfoI2vhTNI-zkrnlZBYtqHsnyxpjAaytit6hwhLGEpCG8CT7l-YIPWdQGDv2DSFWTLGZEOJLHklXXL1-VuFfBSC3W9IuFf197qm6DDS3eWvqfus/w320-h213/ADBF83E9-4BD9-4106-AE78-165E5AFAAAF4.jpeg
blogger.googleusercontent.com (blogger.googleusercontent.com)|2404:6800:400b:c005::84|:443 に接続しています... 接続しました。
HTTP による接続要求を送信しました、応答を待っています... 200 OK
長さ: 32136 (31K) [image/jpeg]
‘blogger.googleusercontent.com/img/b/R29vZ2xl/AVvXsEgXxCxi8FMtEDC5vgfuVFVY2TA8kLSdnfoI2vhTNI-zkrnlZBYtqHsnyxpjAaytit6hwhLGEpCG8CT7l-YIPWdQGDv2DSFWTLGZEOJLHklXXL1-VuFfBSC3W9IuFf197qm6DDS3eWvqfus/w320-h213/ADBF83E9-4BD9-4106-AE78-165E5AFAAAF4.jpeg’ に保存中

     0K .......... .......... .......... .                    100% 2.86M=0.01s

2026-09-16 09:29:43 (2.86 MB/s) - ‘blogger.googleusercontent.com/img/b/R29vZ2xl/AVvXsEgXxCxi8FMtEDC5vgfuVFVY2TA8kLSdnfoI2vhTNI-zkrnlZBYtqHsnyxpjAaytit6hwhLGEpCG8CT7l-YIPWdQGDv2DSFWTLGZEOJLHklXXL1-VuFfBSC3W9IuFf197qm6DDS3eWvqfus/w320-h213/ADBF83E9-4BD9-4106-AE78-165E5AFAAAF4.jpeg’ へ保存完了 [32136/32136]

--2026-09-16 09:29:44--  https://www.tunnelpoemer.com/2020/09/blog-post_40.html
www.tunnelpoemer.com (www.tunnelpoemer.com)|2404:6800:400b:c005::79|:443 に接続しています... 接続しました。
HTTP による接続要求を送信しました、応答を待っています... 200 OK
長さ: 特定できません [text/html]
‘www.tunnelpoemer.com/2020/09/blog-post_40.html’ に保存中

     0K .......... .......... .......... .......... .......... 2.33M
    50K ...                                                    4.89M=0.02s

2026-09-16 09:29:44 (2.43 MB/s) - ‘www.tunnelpoemer.com/2020/09/blog-post_40.html’ へ保存終了 [55282]

--2026-09-16 09:29:45--  https://blogger.googleusercontent.com/img/b/R29vZ2xl/AVvXsEj8-Z3K6yuZ7e2VDCrwLd9ct22RFBiTInrGxjSp_RT28CPRTA-dzrTvUoZEERggultYz7QvFNTgkpniVWNKqFdI32m0jFV05IUAfE2t0MVqi3J3ZaNUMEMetib979y2V33FXhdJjsRF7Ls/s320/C63737E6-E84D-4EDE-B610-36A50861FCF6.jpeg
blogger.googleusercontent.com (blogger.googleusercontent.com)|2404:6800:400b:c005::84|:443 に接続しています... 接続しました。
HTTP による接続要求を送信しました、応答を待っています... 200 OK
長さ: 32757 (32K) [image/jpeg]
‘blogger.googleusercontent.com/img/b/R29vZ2xl/AVvXsEj8-Z3K6yuZ7e2VDCrwLd9ct22RFBiTInrGxjSp_RT28CPRTA-dzrTvUoZEERggultYz7QvFNTgkpniVWNKqFdI32m0jFV05IUAfE2t0MVqi3J3ZaNUMEMetib979y2V33FXhdJjsRF7Ls/s320/C63737E6-E84D-4EDE-B610-36A50861FCF6.jpeg’ に保存中

     0K .......... .......... .......... .                    100%  904K=0.04s

2026-09-16 09:29:47 (904 KB/s) - ‘blogger.googleusercontent.com/img/b/R29vZ2xl/AVvXsEj8-Z3K6yuZ7e2VDCrwLd9ct22RFBiTInrGxjSp_RT28CPRTA-dzrTvUoZEERggultYz7QvFNTgkpniVWNKqFdI32m0jFV05IUAfE2t0MVqi3J3ZaNUMEMetib979y2V33FXhdJjsRF7Ls/s320/C63737E6-E84D-4EDE-B610-36A50861FCF6.jpeg’ へ保存完了 [32757/32757]

--2026-09-16 09:29:48--  https://www.tunnelpoemer.com/2020/09/blog-post_4.html
www.tunnelpoemer.com (www.tunnelpoemer.com)|2404:6800:400b:c005::79|:443 に接続しています... 接続しました。
HTTP による接続要求を送信しました、応答を待っています... 200 OK
長さ: 特定できません [text/html]
‘www.tunnelpoemer.com/2020/09/blog-post_4.html’ に保存中

     0K .......... .......... .......... .......... .......... 1.83M
    50K ...                                                    3.51M=0.03s

2026-09-16 09:29:48 (1.90 MB/s) - ‘www.tunnelpoemer.com/2020/09/blog-post_4.html’ へ保存終了 [55185]

--2026-09-16 09:29:49--  https://blogger.googleusercontent.com/img/b/R29vZ2xl/AVvXsEjrdoaTHyLwD_3lPfriqmcan6THDuvaHRl921aEyxM55_KB_OQOb4bXH9mo7uhIEZV_yJGyMk6nEW_u1ecV91p3ihhZ88i6UtLwyGU1K3Lp44NX_vfzgL05MUXY-_lPUy02pyPXsnM-AXU/w320-h213/105C80D0-4E4E-4880-A6E9-D1F9C8275F99.jpeg
blogger.googleusercontent.com (blogger.googleusercontent.com)|2404:6800:400b:c005::84|:443 に接続しています... 接続しました。
HTTP による接続要求を送信しました、応答を待っています... 200 OK
長さ: 23619 (23K) [image/jpeg]
‘blogger.googleusercontent.com/img/b/R29vZ2xl/AVvXsEjrdoaTHyLwD_3lPfriqmcan6THDuvaHRl921aEyxM55_KB_OQOb4bXH9mo7uhIEZV_yJGyMk6nEW_u1ecV91p3ihhZ88i6UtLwyGU1K3Lp44NX_vfzgL05MUXY-_lPUy02pyPXsnM-AXU/w320-h213/105C80D0-4E4E-4880-A6E9-D1F9C8275F99.jpeg’ に保存中

     0K .......... .......... ...                             100% 2.53M=0.009s

2026-09-16 09:29:51 (2.53 MB/s) - ‘blogger.googleusercontent.com/img/b/R29vZ2xl/AVvXsEjrdoaTHyLwD_3lPfriqmcan6THDuvaHRl921aEyxM55_KB_OQOb4bXH9mo7uhIEZV_yJGyMk6nEW_u1ecV91p3ihhZ88i6UtLwyGU1K3Lp44NX_vfzgL05MUXY-_lPUy02pyPXsnM-AXU/w320-h213/105C80D0-4E4E-4880-A6E9-D1F9C8275F99.jpeg’ へ保存完了 [23619/23619]

--2026-09-16 09:29:52--  https://www.tunnelpoemer.com/2020/09/blog-post_8.html
www.tunnelpoemer.com (www.tunnelpoemer.com)|2404:6800:400b:c005::79|:443 に接続しています... 接続しました。
HTTP による接続要求を送信しました、応答を待っています... 200 OK
長さ: 特定できません [text/html]
‘www.tunnelpoemer.com/2020/09/blog-post_8.html’ に保存中

     0K .......... .......... .......... .......... .......... 2.41M
    50K ....                                                   2.01M=0.02s

2026-09-16 09:29:52 (2.38 MB/s) - ‘www.tunnelpoemer.com/2020/09/blog-post_8.html’ へ保存終了 [55302]

--2026-09-16 09:29:53--  https://blogger.googleusercontent.com/img/b/R29vZ2xl/AVvXsEhxr2Jv9fYxKB6e1Z9BM0naY0o3uV33Tnavsr6NZ9EcntziACsrlGarGSp1yHXBeCbcOs-TsJOYfRk57_Y1EhbXcCRtlYmDUVLe5gf11u-0wyh9v0Er3zGqQlXQaG2laDyOEr5KwOqE7pw/s320/09DA2221-CEF2-47AE-B43D-8D075ABC4CC6.jpeg
blogger.googleusercontent.com (blogger.googleusercontent.com)|2404:6800:400b:c005::84|:443 に接続しています... 接続しました。
HTTP による接続要求を送信しました、応答を待っています... 200 OK
長さ: 33706 (33K) [image/jpeg]
‘blogger.googleusercontent.com/img/b/R29vZ2xl/AVvXsEhxr2Jv9fYxKB6e1Z9BM0naY0o3uV33Tnavsr6NZ9EcntziACsrlGarGSp1yHXBeCbcOs-TsJOYfRk57_Y1EhbXcCRtlYmDUVLe5gf11u-0wyh9v0Er3zGqQlXQaG2laDyOEr5KwOqE7pw/s320/09DA2221-CEF2-47AE-B43D-8D075ABC4CC6.jpeg’ に保存中

     0K .......... .......... .......... ..                   100% 1009K=0.03s

2026-09-16 09:29:55 (1009 KB/s) - ‘blogger.googleusercontent.com/img/b/R29vZ2xl/AVvXsEhxr2Jv9fYxKB6e1Z9BM0naY0o3uV33Tnavsr6NZ9EcntziACsrlGarGSp1yHXBeCbcOs-TsJOYfRk57_Y1EhbXcCRtlYmDUVLe5gf11u-0wyh9v0Er3zGqQlXQaG2laDyOEr5KwOqE7pw/s320/09DA2221-CEF2-47AE-B43D-8D075ABC4CC6.jpeg’ へ保存完了 [33706/33706]

--2026-09-16 09:29:56--  https://www.tunnelpoemer.com/2020/09/blog-post_98.html
www.tunnelpoemer.com (www.tunnelpoemer.com)|2404:6800:400b:c005::79|:443 に接続しています... 接続しました。
HTTP による接続要求を送信しました、応答を待っています... 200 OK
長さ: 特定できません [text/html]
‘www.tunnelpoemer.com/2020/09/blog-post_98.html’ に保存中

     0K .......... .......... .......... .......... .......... 1000K
    50K ....                                                    792K=0.06s

2026-09-16 09:29:57 (981 KB/s) - ‘www.tunnelpoemer.com/2020/09/blog-post_98.html’ へ保存終了 [55320]

--2026-09-16 09:29:58--  https://blogger.googleusercontent.com/img/b/R29vZ2xl/AVvXsEjhPk-nqaoGq-HNoX1nKhZE6A5ad8RJnfNO_f8qnkAIGCOvGA_LbyzrpCk-L7gKRNQ6IwUyqQgjsqHq9wNMj0voKSHCEFijzLt3tWve3_I9BEgyDN71PUMv_J_BRgYTSUF4Z3XOA3woWgQ/s320/0AB4AC2C-42B1-4C9F-8D63-2230A4EC3FB4.jpeg
blogger.googleusercontent.com (blogger.googleusercontent.com)|2404:6800:400b:c005::84|:443 に接続しています... 接続しました。
HTTP による接続要求を送信しました、応答を待っています... 200 OK
長さ: 35059 (34K) [image/jpeg]
‘blogger.googleusercontent.com/img/b/R29vZ2xl/AVvXsEjhPk-nqaoGq-HNoX1nKhZE6A5ad8RJnfNO_f8qnkAIGCOvGA_LbyzrpCk-L7gKRNQ6IwUyqQgjsqHq9wNMj0voKSHCEFijzLt3tWve3_I9BEgyDN71PUMv_J_BRgYTSUF4Z3XOA3woWgQ/s320/0AB4AC2C-42B1-4C9F-8D63-2230A4EC3FB4.jpeg’ に保存中

     0K .......... .......... .......... ....                 100% 2.59M=0.01s

2026-09-16 09:30:00 (2.59 MB/s) - ‘blogger.googleusercontent.com/img/b/R29vZ2xl/AVvXsEjhPk-nqaoGq-HNoX1nKhZE6A5ad8RJnfNO_f8qnkAIGCOvGA_LbyzrpCk-L7gKRNQ6IwUyqQgjsqHq9wNMj0voKSHCEFijzLt3tWve3_I9BEgyDN71PUMv_J_BRgYTSUF4Z3XOA3woWgQ/s320/0AB4AC2C-42B1-4C9F-8D63-2230A4EC3FB4.jpeg’ へ保存完了 [35059/35059]

--2026-09-16 09:30:01--  https://www.tunnelpoemer.com/2020/09/blog-post.html
www.tunnelpoemer.com (www.tunnelpoemer.com)|2404:6800:400b:c005::79|:443 に接続しています... 接続しました。
HTTP による接続要求を送信しました、応答を待っています... 200 OK
長さ: 特定できません [text/html]
‘www.tunnelpoemer.com/2020/09/blog-post.html’ に保存中

     0K .......... .......... .......... .......... ..........  552K
    50K ...                                                    18.5M=0.09s

2026-09-16 09:30:03 (594 KB/s) - ‘www.tunnelpoemer.com/2020/09/blog-post.html’ へ保存終了 [55240]

--2026-09-16 09:30:04--  https://blogger.googleusercontent.com/img/b/R29vZ2xl/AVvXsEiN_2Dn3-tbN19WHpYX7dCm5_Yax_dd8cNY4A4My8miqlbvrKBrVdplpIJS5QjCbZ6z8mtj4Hv1Z7Wa1I4Q8OpZrYmeJtO-SkxT5HmdDnFb46I5evcg5nstUNTKAMzUowOsHaM2el6voJ8/w214-h320/0BC3B40B-0010-4131-813B-1E9988BC4971.jpeg
blogger.googleusercontent.com (blogger.googleusercontent.com)|2404:6800:400b:c005::84|:443 に接続しています... 接続しました。
HTTP による接続要求を送信しました、応答を待っています... 200 OK
長さ: 20533 (20K) [image/jpeg]
‘blogger.googleusercontent.com/img/b/R29vZ2xl/AVvXsEiN_2Dn3-tbN19WHpYX7dCm5_Yax_dd8cNY4A4My8miqlbvrKBrVdplpIJS5QjCbZ6z8mtj4Hv1Z7Wa1I4Q8OpZrYmeJtO-SkxT5HmdDnFb46I5evcg5nstUNTKAMzUowOsHaM2el6voJ8/w214-h320/0BC3B40B-0010-4131-813B-1E9988BC4971.jpeg’ に保存中

     0K .......... ..........                                 100% 14.6M=0.001s

2026-09-16 09:30:05 (14.6 MB/s) - ‘blogger.googleusercontent.com/img/b/R29vZ2xl/AVvXsEiN_2Dn3-tbN19WHpYX7dCm5_Yax_dd8cNY4A4My8miqlbvrKBrVdplpIJS5QjCbZ6z8mtj4Hv1Z7Wa1I4Q8OpZrYmeJtO-SkxT5HmdDnFb46I5evcg5nstUNTKAMzUowOsHaM2el6voJ8/w214-h320/0BC3B40B-0010-4131-813B-1E9988BC4971.jpeg’ へ保存完了 [20533/20533]

--2026-09-16 09:30:06--  https://www.tunnelpoemer.com/2020/10/blog-post_11.html
www.tunnelpoemer.com (www.tunnelpoemer.com)|2404:6800:400b:c005::79|:443 に接続しています... 接続しました。
HTTP による接続要求を送信しました、応答を待っています... 200 OK
長さ: 特定できません [text/html]
‘www.tunnelpoemer.com/2020/10/blog-post_11.html’ に保存中

     0K .......... .......... .......... .......... .......... 2.28M
    50K ....                                                   1.83M=0.02s

2026-09-16 09:30:08 (2.23 MB/s) - ‘www.tunnelpoemer.com/2020/10/blog-post_11.html’ へ保存終了 [55706]

--2026-09-16 09:30:09--  https://blogger.googleusercontent.com/img/b/R29vZ2xl/AVvXsEhdEnuiz-1wDd9JFTOwYpXXX6x-gfqYdgf6SK357-0jhuOHoalGjDLQsn9rmGB4zJUuRP-crK6NKZokvCDoqkDBV5HchtoydEGSiOyub4amS2kXvLJYUmxfm9z-vJzgVsH8HOK7YHDKf_E/s320/62CE7CA2-B2F5-47A0-83E2-EC83BEFF2A77.jpeg
blogger.googleusercontent.com (blogger.googleusercontent.com)|2404:6800:400b:c005::84|:443 に接続しています... 接続しました。
HTTP による接続要求を送信しました、応答を待っています... 200 OK
長さ: 15105 (15K) [image/jpeg]
‘blogger.googleusercontent.com/img/b/R29vZ2xl/AVvXsEhdEnuiz-1wDd9JFTOwYpXXX6x-gfqYdgf6SK357-0jhuOHoalGjDLQsn9rmGB4zJUuRP-crK6NKZokvCDoqkDBV5HchtoydEGSiOyub4amS2kXvLJYUmxfm9z-vJzgVsH8HOK7YHDKf_E/s320/62CE7CA2-B2F5-47A0-83E2-EC83BEFF2A77.jpeg’ に保存中

     0K .......... ....                                       100% 15.7M=0.001s

2026-09-16 09:30:10 (15.7 MB/s) - ‘blogger.googleusercontent.com/img/b/R29vZ2xl/AVvXsEhdEnuiz-1wDd9JFTOwYpXXX6x-gfqYdgf6SK357-0jhuOHoalGjDLQsn9rmGB4zJUuRP-crK6NKZokvCDoqkDBV5HchtoydEGSiOyub4amS2kXvLJYUmxfm9z-vJzgVsH8HOK7YHDKf_E/s320/62CE7CA2-B2F5-47A0-83E2-EC83BEFF2A77.jpeg’ へ保存完了 [15105/15105]

--2026-09-16 09:30:11--  https://www.tunnelpoemer.com/2020/10/blog-post_13.html
www.tunnelpoemer.com (www.tunnelpoemer.com)|2404:6800:400b:c005::79|:443 に接続しています... 接続しました。
HTTP による接続要求を送信しました、応答を待っています... 200 OK
長さ: 特定できません [text/html]
‘www.tunnelpoemer.com/2020/10/blog-post_13.html’ に保存中

     0K .......... .......... .......... .......... .......... 2.42M
    50K ....                                                   3.10M=0.02s

2026-09-16 09:30:12 (2.46 MB/s) - ‘www.tunnelpoemer.com/2020/10/blog-post_13.html’ へ保存終了 [55756]

--2026-09-16 09:30:13--  https://blogger.googleusercontent.com/img/b/R29vZ2xl/AVvXsEgAjlmKWSUMZC8_LMAfNQAhNEH656Wlh63bTWjUVgjxSU3tPz6zfMQviXZKsFideOmfEV5oDxxf-9HNXAct20Ja5-9UpkKgnj368n3bcyVwXh-1vHSMan8iiiLsQsz_e-9hJ0LNCUhpKec/s320/5EB768E4-DF66-4ACA-ADE9-71B67F4A0C77.jpeg
blogger.googleusercontent.com (blogger.googleusercontent.com)|2404:6800:400b:c005::84|:443 に接続しています... 接続しました。
HTTP による接続要求を送信しました、応答を待っています... 200 OK
長さ: 25727 (25K) [image/jpeg]
‘blogger.googleusercontent.com/img/b/R29vZ2xl/AVvXsEgAjlmKWSUMZC8_LMAfNQAhNEH656Wlh63bTWjUVgjxSU3tPz6zfMQviXZKsFideOmfEV5oDxxf-9HNXAct20Ja5-9UpkKgnj368n3bcyVwXh-1vHSMan8iiiLsQsz_e-9hJ0LNCUhpKec/s320/5EB768E4-DF66-4ACA-ADE9-71B67F4A0C77.jpeg’ に保存中

     0K .......... .......... .....                           100% 2.05M=0.01s

2026-09-16 09:30:14 (2.05 MB/s) - ‘blogger.googleusercontent.com/img/b/R29vZ2xl/AVvXsEgAjlmKWSUMZC8_LMAfNQAhNEH656Wlh63bTWjUVgjxSU3tPz6zfMQviXZKsFideOmfEV5oDxxf-9HNXAct20Ja5-9UpkKgnj368n3bcyVwXh-1vHSMan8iiiLsQsz_e-9hJ0LNCUhpKec/s320/5EB768E4-DF66-4ACA-ADE9-71B67F4A0C77.jpeg’ へ保存完了 [25727/25727]

--2026-09-16 09:30:15--  https://www.tunnelpoemer.com/2020/10/blog-post_15.html
www.tunnelpoemer.com (www.tunnelpoemer.com)|2404:6800:400b:c005::79|:443 に接続しています... 接続しました。
HTTP による接続要求を送信しました、応答を待っています... 200 OK
長さ: 特定できません [text/html]
‘www.tunnelpoemer.com/2020/10/blog-post_15.html’ に保存中

     0K .......... .......... .......... .......... .......... 2.33M
    50K ....                                                   5.45M=0.02s

2026-09-16 09:30:16 (2.44 MB/s) - ‘www.tunnelpoemer.com/2020/10/blog-post_15.html’ へ保存終了 [55660]

--2026-09-16 09:30:17--  https://blogger.googleusercontent.com/img/b/R29vZ2xl/AVvXsEhMda8KbsCtjYGvk0UiY_6tRVWS13TM08N_vic_fAQd2cUbkhdO6w58v4WNJ_iI7TqadOeCULpcC1aRkbO4BMbo_HDfp9YlAGtnSSI5uljJ2GIvyEkLaGplrrPLs0LTQhULNWCA7C6EwpQ/s320/A11FBEC2-5916-45EB-B58E-944605A5EA6E.jpeg
blogger.googleusercontent.com (blogger.googleusercontent.com)|2404:6800:400b:c005::84|:443 に接続しています... 接続しました。
HTTP による接続要求を送信しました、応答を待っています... 200 OK
長さ: 34941 (34K) [image/jpeg]
‘blogger.googleusercontent.com/img/b/R29vZ2xl/AVvXsEhMda8KbsCtjYGvk0UiY_6tRVWS13TM08N_vic_fAQd2cUbkhdO6w58v4WNJ_iI7TqadOeCULpcC1aRkbO4BMbo_HDfp9YlAGtnSSI5uljJ2GIvyEkLaGplrrPLs0LTQhULNWCA7C6EwpQ/s320/A11FBEC2-5916-45EB-B58E-944605A5EA6E.jpeg’ に保存中

     0K .......... .......... .......... ....                 100% 2.90M=0.01s

2026-09-16 09:30:18 (2.90 MB/s) - ‘blogger.googleusercontent.com/img/b/R29vZ2xl/AVvXsEhMda8KbsCtjYGvk0UiY_6tRVWS13TM08N_vic_fAQd2cUbkhdO6w58v4WNJ_iI7TqadOeCULpcC1aRkbO4BMbo_HDfp9YlAGtnSSI5uljJ2GIvyEkLaGplrrPLs0LTQhULNWCA7C6EwpQ/s320/A11FBEC2-5916-45EB-B58E-944605A5EA6E.jpeg’ へ保存完了 [34941/34941]

--2026-09-16 09:30:19--  https://www.tunnelpoemer.com/2020/10/blog-post_16.html
www.tunnelpoemer.com (www.tunnelpoemer.com)|2404:6800:400b:c005::79|:443 に接続しています... 接続しました。
HTTP による接続要求を送信しました、応答を待っています... 200 OK
長さ: 特定できません [text/html]
‘www.tunnelpoemer.com/2020/10/blog-post_16.html’ に保存中

     0K .......... .......... .......... .......... .......... 3.31M
    50K ....                                                   4.27M=0.02s

2026-09-16 09:30:20 (3.37 MB/s) - ‘www.tunnelpoemer.com/2020/10/blog-post_16.html’ へ保存終了 [55638]

--2026-09-16 09:30:21--  https://blogger.googleusercontent.com/img/b/R29vZ2xl/AVvXsEh61f4ukJalHcmRXO60iWFL6DG74rLnM59MtihBLjXhZ6IhtYK7XQ6Fj0_imiPzFC8-OmRXgObXVrSSLMQl7a20OhyftlmSN13x6TY5p03I9qLX9DNLNj4UbZGJqpC3iK5HcGn9Uj4n2Jw/s320/80E103C8-AAAA-41B7-9722-9CC8861F096F.jpeg
blogger.googleusercontent.com (blogger.googleusercontent.com)|2404:6800:400b:c005::84|:443 に接続しています... 接続しました。
HTTP による接続要求を送信しました、応答を待っています... 200 OK
長さ: 29006 (28K) [image/jpeg]
‘blogger.googleusercontent.com/img/b/R29vZ2xl/AVvXsEh61f4ukJalHcmRXO60iWFL6DG74rLnM59MtihBLjXhZ6IhtYK7XQ6Fj0_imiPzFC8-OmRXgObXVrSSLMQl7a20OhyftlmSN13x6TY5p03I9qLX9DNLNj4UbZGJqpC3iK5HcGn9Uj4n2Jw/s320/80E103C8-AAAA-41B7-9722-9CC8861F096F.jpeg’ に保存中

     0K .......... .......... ........                        100% 2.97M=0.009s

2026-09-16 09:30:23 (2.97 MB/s) - ‘blogger.googleusercontent.com/img/b/R29vZ2xl/AVvXsEh61f4ukJalHcmRXO60iWFL6DG74rLnM59MtihBLjXhZ6IhtYK7XQ6Fj0_imiPzFC8-OmRXgObXVrSSLMQl7a20OhyftlmSN13x6TY5p03I9qLX9DNLNj4UbZGJqpC3iK5HcGn9Uj4n2Jw/s320/80E103C8-AAAA-41B7-9722-9CC8861F096F.jpeg’ へ保存完了 [29006/29006]

--2026-09-16 09:30:24--  https://www.tunnelpoemer.com/2020/10/blog-post_20.html
www.tunnelpoemer.com (www.tunnelpoemer.com)|2404:6800:400b:c005::79|:443 に接続しています... 接続しました。
HTTP による接続要求を送信しました、応答を待っています... 200 OK
長さ: 特定できません [text/html]
‘www.tunnelpoemer.com/2020/10/blog-post_20.html’ に保存中

     0K .......... .......... .......... .......... .......... 2.36M
    50K ....                                                    802K=0.03s

2026-09-16 09:30:30 (2.01 MB/s) - ‘www.tunnelpoemer.com/2020/10/blog-post_20.html’ へ保存終了 [55945]

--2026-09-16 09:30:31--  https://blogger.googleusercontent.com/img/b/R29vZ2xl/AVvXsEiJbbtWboLl9J5Wd6EcpzS4iJ4URUQnEBo8ShdVzwuCQ7CP7O474F8CptrIhMcDaZaZgXShwsS5BqS0_PhXUnfIZl6iFLI6eNFh9V9rVnQuXkxZD4zRvEvpnJRIo8WKVv2Et58XAR1anAI/s320/B27916C3-5759-47FE-AD29-43059D671820.jpeg
blogger.googleusercontent.com (blogger.googleusercontent.com)|2404:6800:400b:c005::84|:443 に接続しています... 接続しました。
HTTP による接続要求を送信しました、応答を待っています... 200 OK
長さ: 33042 (32K) [image/jpeg]
‘blogger.googleusercontent.com/img/b/R29vZ2xl/AVvXsEiJbbtWboLl9J5Wd6EcpzS4iJ4URUQnEBo8ShdVzwuCQ7CP7O474F8CptrIhMcDaZaZgXShwsS5BqS0_PhXUnfIZl6iFLI6eNFh9V9rVnQuXkxZD4zRvEvpnJRIo8WKVv2Et58XAR1anAI/s320/B27916C3-5759-47FE-AD29-43059D671820.jpeg’ に保存中

     0K .......... .......... .......... ..                   100%  462K=0.07s

2026-09-16 09:30:33 (462 KB/s) - ‘blogger.googleusercontent.com/img/b/R29vZ2xl/AVvXsEiJbbtWboLl9J5Wd6EcpzS4iJ4URUQnEBo8ShdVzwuCQ7CP7O474F8CptrIhMcDaZaZgXShwsS5BqS0_PhXUnfIZl6iFLI6eNFh9V9rVnQuXkxZD4zRvEvpnJRIo8WKVv2Et58XAR1anAI/s320/B27916C3-5759-47FE-AD29-43059D671820.jpeg’ へ保存完了 [33042/33042]

--2026-09-16 09:30:34--  https://www.tunnelpoemer.com/2020/10/blog-post_21.html
www.tunnelpoemer.com (www.tunnelpoemer.com)|2404:6800:400b:c005::79|:443 に接続しています... 接続しました。
HTTP による接続要求を送信しました、応答を待っています... 200 OK
長さ: 特定できません [text/html]
‘www.tunnelpoemer.com/2020/10/blog-post_21.html’ に保存中

     0K .......... .......... .......... .......... ..........  909K
    50K ....                                                   21.2M=0.06s

2026-09-16 09:30:36 (984 KB/s) - ‘www.tunnelpoemer.com/2020/10/blog-post_21.html’ へ保存終了 [55641]

--2026-09-16 09:30:37--  https://blogger.googleusercontent.com/img/b/R29vZ2xl/AVvXsEi2jPVNSgtwdNlFhZmBvcsiBJ0PKsIQDn5f7863b9ewYwEDZ-KsZBQl4ODzLQeBGnqGBy7CfxdE-HwZp8Yr5XjD3h0W6KDdqUvOw-2-VLgKm_yt5150FJPn8ecw4-UO449z3s-U6v_vsBI/s320/7A76354C-DB7C-4124-A242-66B696BE241C.jpeg
blogger.googleusercontent.com (blogger.googleusercontent.com)|2404:6800:400b:c005::84|:443 に接続しています... 接続しました。
HTTP による接続要求を送信しました、応答を待っています... 200 OK
長さ: 28747 (28K) [image/jpeg]
‘blogger.googleusercontent.com/img/b/R29vZ2xl/AVvXsEi2jPVNSgtwdNlFhZmBvcsiBJ0PKsIQDn5f7863b9ewYwEDZ-KsZBQl4ODzLQeBGnqGBy7CfxdE-HwZp8Yr5XjD3h0W6KDdqUvOw-2-VLgKm_yt5150FJPn8ecw4-UO449z3s-U6v_vsBI/s320/7A76354C-DB7C-4124-A242-66B696BE241C.jpeg’ に保存中

     0K .......... .......... ........                        100% 4.11M=0.007s

2026-09-16 09:30:38 (4.11 MB/s) - ‘blogger.googleusercontent.com/img/b/R29vZ2xl/AVvXsEi2jPVNSgtwdNlFhZmBvcsiBJ0PKsIQDn5f7863b9ewYwEDZ-KsZBQl4ODzLQeBGnqGBy7CfxdE-HwZp8Yr5XjD3h0W6KDdqUvOw-2-VLgKm_yt5150FJPn8ecw4-UO449z3s-U6v_vsBI/s320/7A76354C-DB7C-4124-A242-66B696BE241C.jpeg’ へ保存完了 [28747/28747]

--2026-09-16 09:30:39--  https://www.tunnelpoemer.com/2020/10/blog-post_22.html
www.tunnelpoemer.com (www.tunnelpoemer.com)|2404:6800:400b:c005::79|:443 に接続しています... 接続しました。
HTTP による接続要求を送信しました、応答を待っています... 200 OK
長さ: 特定できません [text/html]
‘www.tunnelpoemer.com/2020/10/blog-post_22.html’ に保存中

     0K .......... .......... .......... .......... .......... 2.67M
    50K ....                                                   2.44M=0.02s

2026-09-16 09:30:40 (2.65 MB/s) - ‘www.tunnelpoemer.com/2020/10/blog-post_22.html’ へ保存終了 [55722]

--2026-09-16 09:30:41--  https://blogger.googleusercontent.com/img/b/R29vZ2xl/AVvXsEid8aLoCY13D8jIFarBi_jcwz6OTW2Z8zcWcD0Hl1v55plLVf5QnB0MnAqqMG8Jw_n5pbuFRShQtM4Hv78ZNPZLsELjqUj13NlxADtYg4bm8yXRXo6aqDJkrjoayw5a-pSAcciCwlanXg8/s320/1B41CD20-F1CB-4880-AFAE-C74BF6EE5556.jpeg
blogger.googleusercontent.com (blogger.googleusercontent.com)|2404:6800:400b:c005::84|:443 に接続しています... 接続しました。
HTTP による接続要求を送信しました、応答を待っています... 200 OK
長さ: 35993 (35K) [image/jpeg]
‘blogger.googleusercontent.com/img/b/R29vZ2xl/AVvXsEid8aLoCY13D8jIFarBi_jcwz6OTW2Z8zcWcD0Hl1v55plLVf5QnB0MnAqqMG8Jw_n5pbuFRShQtM4Hv78ZNPZLsELjqUj13NlxADtYg4bm8yXRXo6aqDJkrjoayw5a-pSAcciCwlanXg8/s320/1B41CD20-F1CB-4880-AFAE-C74BF6EE5556.jpeg’ に保存中

     0K .......... .......... .......... .....                100% 2.35M=0.01s

2026-09-16 09:30:43 (2.35 MB/s) - ‘blogger.googleusercontent.com/img/b/R29vZ2xl/AVvXsEid8aLoCY13D8jIFarBi_jcwz6OTW2Z8zcWcD0Hl1v55plLVf5QnB0MnAqqMG8Jw_n5pbuFRShQtM4Hv78ZNPZLsELjqUj13NlxADtYg4bm8yXRXo6aqDJkrjoayw5a-pSAcciCwlanXg8/s320/1B41CD20-F1CB-4880-AFAE-C74BF6EE5556.jpeg’ へ保存完了 [35993/35993]

--2026-09-16 09:30:44--  https://www.tunnelpoemer.com/2020/10/blog-post_26.html
www.tunnelpoemer.com (www.tunnelpoemer.com)|2404:6800:400b:c005::79|:443 に接続しています... 接続しました。
HTTP による接続要求を送信しました、応答を待っています... 200 OK
長さ: 特定できません [text/html]
‘www.tunnelpoemer.com/2020/10/blog-post_26.html’ に保存中

     0K .......... .......... .......... .......... .......... 2.47M
    50K ....                                                   20.4M=0.02s

2026-09-16 09:30:45 (2.66 MB/s) - ‘www.tunnelpoemer.com/2020/10/blog-post_26.html’ へ保存終了 [55726]

--2026-09-16 09:30:46--  https://blogger.googleusercontent.com/img/b/R29vZ2xl/AVvXsEgnDsLvTqGbtWmUJev_C5YwipUTEVkPDTzfuKpkqzyzW1epp4-ggk4y5mYh8rbZ5wq37LInKYg_wl7NJWZX6BkWmnvRqnZqJWdm3TLPDF-gNF_Iu061ULLL-JkZUX7oUcMzrJZ0F1NzPGY/s320/C4A201F2-65F5-4ECB-892A-8A62FF15E732.jpeg
blogger.googleusercontent.com (blogger.googleusercontent.com)|2404:6800:400b:c005::84|:443 に接続しています... 接続しました。
HTTP による接続要求を送信しました、応答を待っています... 200 OK
長さ: 34758 (34K) [image/jpeg]
‘blogger.googleusercontent.com/img/b/R29vZ2xl/AVvXsEgnDsLvTqGbtWmUJev_C5YwipUTEVkPDTzfuKpkqzyzW1epp4-ggk4y5mYh8rbZ5wq37LInKYg_wl7NJWZX6BkWmnvRqnZqJWdm3TLPDF-gNF_Iu061ULLL-JkZUX7oUcMzrJZ0F1NzPGY/s320/C4A201F2-65F5-4ECB-892A-8A62FF15E732.jpeg’ に保存中

     0K .......... .......... .......... ...                  100%  822K=0.04s

2026-09-16 09:30:47 (822 KB/s) - ‘blogger.googleusercontent.com/img/b/R29vZ2xl/AVvXsEgnDsLvTqGbtWmUJev_C5YwipUTEVkPDTzfuKpkqzyzW1epp4-ggk4y5mYh8rbZ5wq37LInKYg_wl7NJWZX6BkWmnvRqnZqJWdm3TLPDF-gNF_Iu061ULLL-JkZUX7oUcMzrJZ0F1NzPGY/s320/C4A201F2-65F5-4ECB-892A-8A62FF15E732.jpeg’ へ保存完了 [34758/34758]

--2026-09-16 09:30:48--  https://www.tunnelpoemer.com/2020/10/blog-post_45.html
www.tunnelpoemer.com (www.tunnelpoemer.com)|2404:6800:400b:c005::79|:443 に接続しています... 接続しました。
HTTP による接続要求を送信しました、応答を待っています... 200 OK
長さ: 特定できません [text/html]
‘www.tunnelpoemer.com/2020/10/blog-post_45.html’ に保存中

     0K .......... .......... .......... .......... ..........  715K
    50K ....                                                   14.1M=0.07s

2026-09-16 09:30:49 (772 KB/s) - ‘www.tunnelpoemer.com/2020/10/blog-post_45.html’ へ保存終了 [55506]

--2026-09-16 09:30:50--  https://blogger.googleusercontent.com/img/b/R29vZ2xl/AVvXsEjHNdcH1vGTcklG9baTaFXIyJ26CBmtSA6k2rBuU4dqG19-vyq0_SC1G_sD-yfV2mXr-RLG7gzNodEHHDph365MIKhcCKuc6bF_OnLg2idbePgOttZhjXIn3wcNaUZTswv765Doqz3xE20/s320/B0D70C45-493C-4A9B-A9E8-80B7DF9E510C.jpeg
blogger.googleusercontent.com (blogger.googleusercontent.com)|2404:6800:400b:c005::84|:443 に接続しています... 接続しました。
HTTP による接続要求を送信しました、応答を待っています... 200 OK
長さ: 28959 (28K) [image/jpeg]
‘blogger.googleusercontent.com/img/b/R29vZ2xl/AVvXsEjHNdcH1vGTcklG9baTaFXIyJ26CBmtSA6k2rBuU4dqG19-vyq0_SC1G_sD-yfV2mXr-RLG7gzNodEHHDph365MIKhcCKuc6bF_OnLg2idbePgOttZhjXIn3wcNaUZTswv765Doqz3xE20/s320/B0D70C45-493C-4A9B-A9E8-80B7DF9E510C.jpeg’ に保存中

     0K .......... .......... ........                        100% 2.50M=0.01s

2026-09-16 09:30:52 (2.50 MB/s) - ‘blogger.googleusercontent.com/img/b/R29vZ2xl/AVvXsEjHNdcH1vGTcklG9baTaFXIyJ26CBmtSA6k2rBuU4dqG19-vyq0_SC1G_sD-yfV2mXr-RLG7gzNodEHHDph365MIKhcCKuc6bF_OnLg2idbePgOttZhjXIn3wcNaUZTswv765Doqz3xE20/s320/B0D70C45-493C-4A9B-A9E8-80B7DF9E510C.jpeg’ へ保存完了 [28959/28959]

--2026-09-16 09:30:53--  https://www.tunnelpoemer.com/2020/10/blog-post_4.html
www.tunnelpoemer.com (www.tunnelpoemer.com)|2404:6800:400b:c005::79|:443 に接続しています... 接続しました。
HTTP による接続要求を送信しました、応答を待っています... 200 OK
長さ: 特定できません [text/html]
‘www.tunnelpoemer.com/2020/10/blog-post_4.html’ に保存中

     0K .......... .......... .......... .......... .......... 2.58M
    50K ....                                                   2.90M=0.02s

2026-09-16 09:30:55 (2.60 MB/s) - ‘www.tunnelpoemer.com/2020/10/blog-post_4.html’ へ保存終了 [55843]

--2026-09-16 09:30:56--  https://blogger.googleusercontent.com/img/b/R29vZ2xl/AVvXsEi2g8fF5f_8vbAGE5Ot5o24Q8eccUoTmyEM2wh-W_m1wHOAJVA591RDvAgt1xFor7leJE1li_Kk4QjyCEVUQrv2D1puA761ajI-wRnmzNIiN1R-lhvfhZKs0PVCMvvFU3Y3WJvpCihQNt0/s320/6689F32A-FD26-4D7B-8FD0-FE6D4B2CD524.jpeg
blogger.googleusercontent.com (blogger.googleusercontent.com)|2404:6800:400b:c005::84|:443 に接続しています... 接続しました。
HTTP による接続要求を送信しました、応答を待っています... 200 OK
長さ: 31477 (31K) [image/jpeg]
‘blogger.googleusercontent.com/img/b/R29vZ2xl/AVvXsEi2g8fF5f_8vbAGE5Ot5o24Q8eccUoTmyEM2wh-W_m1wHOAJVA591RDvAgt1xFor7leJE1li_Kk4QjyCEVUQrv2D1puA761ajI-wRnmzNIiN1R-lhvfhZKs0PVCMvvFU3Y3WJvpCihQNt0/s320/6689F32A-FD26-4D7B-8FD0-FE6D4B2CD524.jpeg’ に保存中

     0K .......... .......... ..........                      100% 3.54M=0.008s

2026-09-16 09:30:57 (3.54 MB/s) - ‘blogger.googleusercontent.com/img/b/R29vZ2xl/AVvXsEi2g8fF5f_8vbAGE5Ot5o24Q8eccUoTmyEM2wh-W_m1wHOAJVA591RDvAgt1xFor7leJE1li_Kk4QjyCEVUQrv2D1puA761ajI-wRnmzNIiN1R-lhvfhZKs0PVCMvvFU3Y3WJvpCihQNt0/s320/6689F32A-FD26-4D7B-8FD0-FE6D4B2CD524.jpeg’ へ保存完了 [31477/31477]

--2026-09-16 09:30:58--  https://www.tunnelpoemer.com/2020/10/blog-post_6.html
www.tunnelpoemer.com (www.tunnelpoemer.com)|2404:6800:400b:c005::79|:443 に接続しています... 接続しました。
HTTP による接続要求を送信しました、応答を待っています... 200 OK
長さ: 特定できません [text/html]
‘www.tunnelpoemer.com/2020/10/blog-post_6.html’ に保存中

     0K .......... .......... .......... .......... ..........  942K
    50K ....                                                   2.87M=0.05s

2026-09-16 09:31:01 (1002 KB/s) - ‘www.tunnelpoemer.com/2020/10/blog-post_6.html’ へ保存終了 [56122]

--2026-09-16 09:31:02--  https://blogger.googleusercontent.com/img/b/R29vZ2xl/AVvXsEiSBNi5akl1NTozqjdo5u13IhlnQR0xuwChyphenhyphenm4kHWlL_uixxoyrscUGVPT5Xi6ifvY1NvdxccZmHV44M9BodflmBVBWHnrnQVuNPyRyB-nKjXDqm0MHWsTF26ETX6N097hWQoIMK7stjgM/s320/0E1BA85B-489A-4A11-BB39-9FD4DF1B4865.jpeg
blogger.googleusercontent.com (blogger.googleusercontent.com)|2404:6800:400b:c005::84|:443 に接続しています... 接続しました。
HTTP による接続要求を送信しました、応答を待っています... 200 OK
長さ: 24360 (24K) [image/jpeg]
‘blogger.googleusercontent.com/img/b/R29vZ2xl/AVvXsEiSBNi5akl1NTozqjdo5u13IhlnQR0xuwChyphenhyphenm4kHWlL_uixxoyrscUGVPT5Xi6ifvY1NvdxccZmHV44M9BodflmBVBWHnrnQVuNPyRyB-nKjXDqm0MHWsTF26ETX6N097hWQoIMK7stjgM/s320/0E1BA85B-489A-4A11-BB39-9FD4DF1B4865.jpeg’ に保存中

     0K .......... .......... ...                             100% 2.58M=0.009s

2026-09-16 09:31:03 (2.58 MB/s) - ‘blogger.googleusercontent.com/img/b/R29vZ2xl/AVvXsEiSBNi5akl1NTozqjdo5u13IhlnQR0xuwChyphenhyphenm4kHWlL_uixxoyrscUGVPT5Xi6ifvY1NvdxccZmHV44M9BodflmBVBWHnrnQVuNPyRyB-nKjXDqm0MHWsTF26ETX6N097hWQoIMK7stjgM/s320/0E1BA85B-489A-4A11-BB39-9FD4DF1B4865.jpeg’ へ保存完了 [24360/24360]

--2026-09-16 09:31:04--  https://www.tunnelpoemer.com/2020/10/blog-post_78.html
www.tunnelpoemer.com (www.tunnelpoemer.com)|2404:6800:400b:c005::79|:443 に接続しています... 接続しました。
HTTP による接続要求を送信しました、応答を待っています... 200 OK
長さ: 特定できません [text/html]
‘www.tunnelpoemer.com/2020/10/blog-post_78.html’ に保存中

     0K .......... .......... .......... .......... .......... 3.29M
    50K ....                                                   16.1M=0.02s

2026-09-16 09:31:04 (3.51 MB/s) - ‘www.tunnelpoemer.com/2020/10/blog-post_78.html’ へ保存終了 [55669]

--2026-09-16 09:31:05--  https://blogger.googleusercontent.com/img/b/R29vZ2xl/AVvXsEg1S2RYlOsb4HxMiSQyqHRwEZjNcXIizz_y87mkDIuv9uYg56i0PB293uyjVdCxdxk7zC-je6o8OhX_LJh8VCHDMSxKwR26ScO7rNFMegnwK-0xsODogDtgDTgbXrHE_-u6fi4hUfCP2Ig/s320/5260CDB6-1AE2-453A-9837-98BB07113E40.jpeg
blogger.googleusercontent.com (blogger.googleusercontent.com)|2404:6800:400b:c005::84|:443 に接続しています... 接続しました。
HTTP による接続要求を送信しました、応答を待っています... 200 OK
長さ: 33053 (32K) [image/jpeg]
‘blogger.googleusercontent.com/img/b/R29vZ2xl/AVvXsEg1S2RYlOsb4HxMiSQyqHRwEZjNcXIizz_y87mkDIuv9uYg56i0PB293uyjVdCxdxk7zC-je6o8OhX_LJh8VCHDMSxKwR26ScO7rNFMegnwK-0xsODogDtgDTgbXrHE_-u6fi4hUfCP2Ig/s320/5260CDB6-1AE2-453A-9837-98BB07113E40.jpeg’ に保存中

     0K .......... .......... .......... ..                   100% 2.66M=0.01s

2026-09-16 09:31:07 (2.66 MB/s) - ‘blogger.googleusercontent.com/img/b/R29vZ2xl/AVvXsEg1S2RYlOsb4HxMiSQyqHRwEZjNcXIizz_y87mkDIuv9uYg56i0PB293uyjVdCxdxk7zC-je6o8OhX_LJh8VCHDMSxKwR26ScO7rNFMegnwK-0xsODogDtgDTgbXrHE_-u6fi4hUfCP2Ig/s320/5260CDB6-1AE2-453A-9837-98BB07113E40.jpeg’ へ保存完了 [33053/33053]

--2026-09-16 09:31:08--  https://www.tunnelpoemer.com/2020/10/blog-post_88.html
www.tunnelpoemer.com (www.tunnelpoemer.com)|2404:6800:400b:c005::79|:443 に接続しています... 接続しました。
HTTP による接続要求を送信しました、応答を待っています... 200 OK
長さ: 特定できません [text/html]
‘www.tunnelpoemer.com/2020/10/blog-post_88.html’ に保存中

     0K .......... .......... .......... .......... ..........  384K
    50K ....                                                    644K=0.1s

2026-09-16 09:31:13 (397 KB/s) - ‘www.tunnelpoemer.com/2020/10/blog-post_88.html’ へ保存終了 [55763]

--2026-09-16 09:31:14--  https://blogger.googleusercontent.com/img/b/R29vZ2xl/AVvXsEj4eSvEIAmmsiS6EcjKJA6eYQJlRVbB7swh7akg5Ewe6elfDjGctRLIjAaTPx8kITWbavtG7JIqXwJoap-T-G0gC98-Xp4X3-BOSrTxTEIUpbLAeNjb2n5VX6MnVl26S0FkMjgtkFWwLew/s320/501CFE3E-EF35-4FDB-9FFA-6633C2CB9345.jpeg
blogger.googleusercontent.com (blogger.googleusercontent.com)|2404:6800:400b:c005::84|:443 に接続しています... 接続しました。
HTTP による接続要求を送信しました、応答を待っています... 200 OK
長さ: 22296 (22K) [image/jpeg]
‘blogger.googleusercontent.com/img/b/R29vZ2xl/AVvXsEj4eSvEIAmmsiS6EcjKJA6eYQJlRVbB7swh7akg5Ewe6elfDjGctRLIjAaTPx8kITWbavtG7JIqXwJoap-T-G0gC98-Xp4X3-BOSrTxTEIUpbLAeNjb2n5VX6MnVl26S0FkMjgtkFWwLew/s320/501CFE3E-EF35-4FDB-9FFA-6633C2CB9345.jpeg’ に保存中

     0K .......... .......... .                               100% 2.70M=0.008s

2026-09-16 09:31:15 (2.70 MB/s) - ‘blogger.googleusercontent.com/img/b/R29vZ2xl/AVvXsEj4eSvEIAmmsiS6EcjKJA6eYQJlRVbB7swh7akg5Ewe6elfDjGctRLIjAaTPx8kITWbavtG7JIqXwJoap-T-G0gC98-Xp4X3-BOSrTxTEIUpbLAeNjb2n5VX6MnVl26S0FkMjgtkFWwLew/s320/501CFE3E-EF35-4FDB-9FFA-6633C2CB9345.jpeg’ へ保存完了 [22296/22296]

--2026-09-16 09:31:16--  https://www.tunnelpoemer.com/2020/10/blog-post.html
www.tunnelpoemer.com (www.tunnelpoemer.com)|2404:6800:400b:c005::79|:443 に接続しています... 接続しました。
HTTP による接続要求を送信しました、応答を待っています... 200 OK
長さ: 特定できません [text/html]
‘www.tunnelpoemer.com/2020/10/blog-post.html’ に保存中

     0K .......... .......... .......... .......... .......... 2.31M
    50K ....                                                   1.75M=0.02s

2026-09-16 09:31:17 (2.24 MB/s) - ‘www.tunnelpoemer.com/2020/10/blog-post.html’ へ保存終了 [56261]

--2026-09-16 09:31:18--  https://blogger.googleusercontent.com/img/b/R29vZ2xl/AVvXsEhGp-Qgz5zdIOKtH9FaAq9aBoPiTut5ng_Eam4At36wKx5Rm5ZNz4nGiKp5Tniq7J1zSGk7VsBcpihoaaqnejiWhueuK_KN9yeB9VdnV9zkiReAKZwWeIgSK3tR61pieEUOT9k2_ajnB3Q/s320/05F7A923-3B52-43CB-95DE-774A27909EE1.jpeg
blogger.googleusercontent.com (blogger.googleusercontent.com)|2404:6800:400b:c005::84|:443 に接続しています... 接続しました。
HTTP による接続要求を送信しました、応答を待っています... 200 OK
長さ: 28295 (28K) [image/jpeg]
‘blogger.googleusercontent.com/img/b/R29vZ2xl/AVvXsEhGp-Qgz5zdIOKtH9FaAq9aBoPiTut5ng_Eam4At36wKx5Rm5ZNz4nGiKp5Tniq7J1zSGk7VsBcpihoaaqnejiWhueuK_KN9yeB9VdnV9zkiReAKZwWeIgSK3tR61pieEUOT9k2_ajnB3Q/s320/05F7A923-3B52-43CB-95DE-774A27909EE1.jpeg’ に保存中

     0K .......... .......... .......                         100% 2.50M=0.01s

2026-09-16 09:31:20 (2.50 MB/s) - ‘blogger.googleusercontent.com/img/b/R29vZ2xl/AVvXsEhGp-Qgz5zdIOKtH9FaAq9aBoPiTut5ng_Eam4At36wKx5Rm5ZNz4nGiKp5Tniq7J1zSGk7VsBcpihoaaqnejiWhueuK_KN9yeB9VdnV9zkiReAKZwWeIgSK3tR61pieEUOT9k2_ajnB3Q/s320/05F7A923-3B52-43CB-95DE-774A27909EE1.jpeg’ へ保存完了 [28295/28295]

--2026-09-16 09:31:21--  https://www.tunnelpoemer.com/2020/10/buynow.html
www.tunnelpoemer.com (www.tunnelpoemer.com)|2404:6800:400b:c005::79|:443 に接続しています... 接続しました。
HTTP による接続要求を送信しました、応答を待っています... 200 OK
長さ: 特定できません [text/html]
‘www.tunnelpoemer.com/2020/10/buynow.html’ に保存中

     0K .......... .......... .......... .......... .......... 3.15M
    50K ....                                                   7.28M=0.02s

2026-09-16 09:31:21 (3.30 MB/s) - ‘www.tunnelpoemer.com/2020/10/buynow.html’ へ保存終了 [55750]

--2026-09-16 09:31:22--  https://blogger.googleusercontent.com/img/b/R29vZ2xl/AVvXsEhMuXYJVpAbEyuCFh6t8i8K71z2LrDSBhCdvdF6jIEWjrnuRVO1A0yJCuV7e8I8iwdBBGkZJ2091hbNzn6vBrySfJ1qUnC8HiPwUGODIzzU4fjpAyALuhxxLttCk04FWdkBpCAdr1-cA2I/s320/FC8BE2D7-2CC6-491F-8269-B59ECBCF233F.jpeg
blogger.googleusercontent.com (blogger.googleusercontent.com)|2404:6800:400b:c005::84|:443 に接続しています... 接続しました。
HTTP による接続要求を送信しました、応答を待っています... 200 OK
長さ: 29006 (28K) [image/jpeg]
‘blogger.googleusercontent.com/img/b/R29vZ2xl/AVvXsEhMuXYJVpAbEyuCFh6t8i8K71z2LrDSBhCdvdF6jIEWjrnuRVO1A0yJCuV7e8I8iwdBBGkZJ2091hbNzn6vBrySfJ1qUnC8HiPwUGODIzzU4fjpAyALuhxxLttCk04FWdkBpCAdr1-cA2I/s320/FC8BE2D7-2CC6-491F-8269-B59ECBCF233F.jpeg’ に保存中

     0K .......... .......... ........                        100% 3.19M=0.009s

2026-09-16 09:31:23 (3.19 MB/s) - ‘blogger.googleusercontent.com/img/b/R29vZ2xl/AVvXsEhMuXYJVpAbEyuCFh6t8i8K71z2LrDSBhCdvdF6jIEWjrnuRVO1A0yJCuV7e8I8iwdBBGkZJ2091hbNzn6vBrySfJ1qUnC8HiPwUGODIzzU4fjpAyALuhxxLttCk04FWdkBpCAdr1-cA2I/s320/FC8BE2D7-2CC6-491F-8269-B59ECBCF233F.jpeg’ へ保存完了 [29006/29006]

--2026-09-16 09:31:24--  https://www.tunnelpoemer.com/2020/10/yo.html
www.tunnelpoemer.com (www.tunnelpoemer.com)|2404:6800:400b:c005::79|:443 に接続しています... 接続しました。
HTTP による接続要求を送信しました、応答を待っています... 200 OK
長さ: 特定できません [text/html]
‘www.tunnelpoemer.com/2020/10/yo.html’ に保存中

     0K .......... .......... .......... .......... .......... 2.57M
    50K ....                                                   4.72M=0.02s

2026-09-16 09:31:26 (2.66 MB/s) - ‘www.tunnelpoemer.com/2020/10/yo.html’ へ保存終了 [55602]

--2026-09-16 09:31:27--  https://blogger.googleusercontent.com/img/b/R29vZ2xl/AVvXsEj07yPlrSmjIQSv_wPGaWj28IS_0_4A9sBp2lbGzLigwQIYTuYI284KewyzJz2Carqq-YKROKr8AtSWXr3W8pDynVZnqo_hMqIInH3gZGJz2FCnTZkhIw-sPynrydIBG7j8xLM5D0uN5BE/s320/CB630958-44A8-46FA-8F35-AE07C866CC5A.jpeg
blogger.googleusercontent.com (blogger.googleusercontent.com)|2404:6800:400b:c005::84|:443 に接続しています... 接続しました。
HTTP による接続要求を送信しました、応答を待っています... 200 OK
長さ: 31776 (31K) [image/jpeg]
‘blogger.googleusercontent.com/img/b/R29vZ2xl/AVvXsEj07yPlrSmjIQSv_wPGaWj28IS_0_4A9sBp2lbGzLigwQIYTuYI284KewyzJz2Carqq-YKROKr8AtSWXr3W8pDynVZnqo_hMqIInH3gZGJz2FCnTZkhIw-sPynrydIBG7j8xLM5D0uN5BE/s320/CB630958-44A8-46FA-8F35-AE07C866CC5A.jpeg’ に保存中

     0K .......... .......... .......... .                    100% 2.23M=0.01s

2026-09-16 09:31:28 (2.23 MB/s) - ‘blogger.googleusercontent.com/img/b/R29vZ2xl/AVvXsEj07yPlrSmjIQSv_wPGaWj28IS_0_4A9sBp2lbGzLigwQIYTuYI284KewyzJz2Carqq-YKROKr8AtSWXr3W8pDynVZnqo_hMqIInH3gZGJz2FCnTZkhIw-sPynrydIBG7j8xLM5D0uN5BE/s320/CB630958-44A8-46FA-8F35-AE07C866CC5A.jpeg’ へ保存完了 [31776/31776]

--2026-09-16 09:31:29--  https://www.tunnelpoemer.com/2020/11/blog-post_20.html
www.tunnelpoemer.com (www.tunnelpoemer.com)|2404:6800:400b:c005::79|:443 に接続しています... 接続しました。
HTTP による接続要求を送信しました、応答を待っています... 200 OK
長さ: 特定できません [text/html]
‘www.tunnelpoemer.com/2020/11/blog-post_20.html’ に保存中

     0K .......... .......... .......... .......... .......... 3.05M
    50K ...                                                    2.52M=0.02s

2026-09-16 09:31:30 (3.01 MB/s) - ‘www.tunnelpoemer.com/2020/11/blog-post_20.html’ へ保存終了 [55109]

--2026-09-16 09:31:31--  https://blogger.googleusercontent.com/img/b/R29vZ2xl/AVvXsEgMcHWCev5v4ciV7fwLshZ_QbnX-J79rrozWstQPJcfP5MIwr2ZTamXtBEsugT0AhNNbsCIWMNk2m0NKifOMe-MFvRj1EXvvxAXLb7iJ-IyRF5cW_lRd0Pp4u2hINmealtDHsSZg0AMgmE/s320/D9D98A65-B1F6-4D04-8AF9-DCFCE288C729.jpeg
blogger.googleusercontent.com (blogger.googleusercontent.com)|2404:6800:400b:c005::84|:443 に接続しています... 接続しました。
HTTP による接続要求を送信しました、応答を待っています... 200 OK
長さ: 28595 (28K) [image/jpeg]
‘blogger.googleusercontent.com/img/b/R29vZ2xl/AVvXsEgMcHWCev5v4ciV7fwLshZ_QbnX-J79rrozWstQPJcfP5MIwr2ZTamXtBEsugT0AhNNbsCIWMNk2m0NKifOMe-MFvRj1EXvvxAXLb7iJ-IyRF5cW_lRd0Pp4u2hINmealtDHsSZg0AMgmE/s320/D9D98A65-B1F6-4D04-8AF9-DCFCE288C729.jpeg’ に保存中

     0K .......... .......... .......                         100% 2.42M=0.01s

2026-09-16 09:31:33 (2.42 MB/s) - ‘blogger.googleusercontent.com/img/b/R29vZ2xl/AVvXsEgMcHWCev5v4ciV7fwLshZ_QbnX-J79rrozWstQPJcfP5MIwr2ZTamXtBEsugT0AhNNbsCIWMNk2m0NKifOMe-MFvRj1EXvvxAXLb7iJ-IyRF5cW_lRd0Pp4u2hINmealtDHsSZg0AMgmE/s320/D9D98A65-B1F6-4D04-8AF9-DCFCE288C729.jpeg’ へ保存完了 [28595/28595]

--2026-09-16 09:31:34--  https://www.tunnelpoemer.com/2020/11/blog-post_26.html
www.tunnelpoemer.com (www.tunnelpoemer.com)|2404:6800:400b:c005::79|:443 に接続しています... 接続しました。
HTTP による接続要求を送信しました、応答を待っています... 200 OK
長さ: 特定できません [text/html]
‘www.tunnelpoemer.com/2020/11/blog-post_26.html’ に保存中

     0K .......... .......... .......... .......... ..........  691K
    50K ...                                                    3.51M=0.07s

2026-09-16 09:31:34 (734 KB/s) - ‘www.tunnelpoemer.com/2020/11/blog-post_26.html’ へ保存終了 [55226]

--2026-09-16 09:31:35--  https://blogger.googleusercontent.com/img/b/R29vZ2xl/AVvXsEgP3pz32VA6LYobyfj3eXDimJkU09NfbhzCzuUbhfLyKBfHoxBjaSBxCYBQzifDsejcTOZ5tYDk-Y4tPmshij37SlO6t-2kwX49mqbr-j0yNpDaV3U3wIQbi6vBPW4ZSxKfr7aKgBVNc-E/s320/F0E58B40-75D6-4298-9204-F56F60B30FE0.jpeg
blogger.googleusercontent.com (blogger.googleusercontent.com)|2404:6800:400b:c005::84|:443 に接続しています... 接続しました。
HTTP による接続要求を送信しました、応答を待っています... 200 OK
長さ: 30265 (30K) [image/jpeg]
‘blogger.googleusercontent.com/img/b/R29vZ2xl/AVvXsEgP3pz32VA6LYobyfj3eXDimJkU09NfbhzCzuUbhfLyKBfHoxBjaSBxCYBQzifDsejcTOZ5tYDk-Y4tPmshij37SlO6t-2kwX49mqbr-j0yNpDaV3U3wIQbi6vBPW4ZSxKfr7aKgBVNc-E/s320/F0E58B40-75D6-4298-9204-F56F60B30FE0.jpeg’ に保存中

     0K .......... .......... .........                       100% 2.90M=0.01s

2026-09-16 09:31:38 (2.90 MB/s) - ‘blogger.googleusercontent.com/img/b/R29vZ2xl/AVvXsEgP3pz32VA6LYobyfj3eXDimJkU09NfbhzCzuUbhfLyKBfHoxBjaSBxCYBQzifDsejcTOZ5tYDk-Y4tPmshij37SlO6t-2kwX49mqbr-j0yNpDaV3U3wIQbi6vBPW4ZSxKfr7aKgBVNc-E/s320/F0E58B40-75D6-4298-9204-F56F60B30FE0.jpeg’ へ保存完了 [30265/30265]

--2026-09-16 09:31:39--  https://www.tunnelpoemer.com/2020/11/blog-post_28.html
www.tunnelpoemer.com (www.tunnelpoemer.com)|2404:6800:400b:c005::79|:443 に接続しています... 接続しました。
HTTP による接続要求を送信しました、応答を待っています... 200 OK
長さ: 特定できません [text/html]
‘www.tunnelpoemer.com/2020/11/blog-post_28.html’ に保存中

     0K .......... .......... .......... .......... .......... 2.26M
    50K ...                                                    3.11M=0.02s

2026-09-16 09:31:40 (2.31 MB/s) - ‘www.tunnelpoemer.com/2020/11/blog-post_28.html’ へ保存終了 [54893]

--2026-09-16 09:31:41--  https://blogger.googleusercontent.com/img/b/R29vZ2xl/AVvXsEgKDvQ-5dVuHOtzFU1kI-oDcoXV5Pt6ffFJpPdPx5FCPUP_C7xGg1v45k07JTDLUcrhHbEMfzLwXSRb5Ykeibt2wst1atgTPnTvuic-0Qt3aYQJxV2y0SaofSWsckN7af1Dmk5SpOaLBWY/s320/1F0BC759-9276-4E32-B317-0A2CA9D736CA.jpeg
blogger.googleusercontent.com (blogger.googleusercontent.com)|2404:6800:400b:c005::84|:443 に接続しています... 接続しました。
HTTP による接続要求を送信しました、応答を待っています... 200 OK
長さ: 40615 (40K) [image/jpeg]
‘blogger.googleusercontent.com/img/b/R29vZ2xl/AVvXsEgKDvQ-5dVuHOtzFU1kI-oDcoXV5Pt6ffFJpPdPx5FCPUP_C7xGg1v45k07JTDLUcrhHbEMfzLwXSRb5Ykeibt2wst1atgTPnTvuic-0Qt3aYQJxV2y0SaofSWsckN7af1Dmk5SpOaLBWY/s320/1F0BC759-9276-4E32-B317-0A2CA9D736CA.jpeg’ に保存中

     0K .......... .......... .......... .........            100% 1.32M=0.03s

2026-09-16 09:31:44 (1.32 MB/s) - ‘blogger.googleusercontent.com/img/b/R29vZ2xl/AVvXsEgKDvQ-5dVuHOtzFU1kI-oDcoXV5Pt6ffFJpPdPx5FCPUP_C7xGg1v45k07JTDLUcrhHbEMfzLwXSRb5Ykeibt2wst1atgTPnTvuic-0Qt3aYQJxV2y0SaofSWsckN7af1Dmk5SpOaLBWY/s320/1F0BC759-9276-4E32-B317-0A2CA9D736CA.jpeg’ へ保存完了 [40615/40615]

--2026-09-16 09:31:45--  https://www.tunnelpoemer.com/2020/11/blog-post_30.html
www.tunnelpoemer.com (www.tunnelpoemer.com)|2404:6800:400b:c005::79|:443 に接続しています... 接続しました。
HTTP による接続要求を送信しました、応答を待っています... 200 OK
長さ: 特定できません [text/html]
‘www.tunnelpoemer.com/2020/11/blog-post_30.html’ に保存中

     0K .......... .......... .......... .......... .......... 2.22M
    50K ...                                                    1.99M=0.02s

2026-09-16 09:31:46 (2.20 MB/s) - ‘www.tunnelpoemer.com/2020/11/blog-post_30.html’ へ保存終了 [55079]

--2026-09-16 09:31:47--  https://blogger.googleusercontent.com/img/b/R29vZ2xl/AVvXsEjc4ah9V_2hcSDI0hnyt5sxfxAn3MdYfQGMhZABltAggF1rZqm1VSkaECZKSfxSoWMlx7a8spaSqDaTS-iDGKa5MIiLRvhffy_MAeC9VlO_3bqV0imtpYF_z43jSFrfAYZRQpMhivqSweM/s320/14571FB0-F87A-444B-9CA5-23BACDD9E1DE.jpeg
blogger.googleusercontent.com (blogger.googleusercontent.com)|2404:6800:400b:c005::84|:443 に接続しています... 接続しました。
HTTP による接続要求を送信しました、応答を待っています... 200 OK
長さ: 24929 (24K) [image/jpeg]
‘blogger.googleusercontent.com/img/b/R29vZ2xl/AVvXsEjc4ah9V_2hcSDI0hnyt5sxfxAn3MdYfQGMhZABltAggF1rZqm1VSkaECZKSfxSoWMlx7a8spaSqDaTS-iDGKa5MIiLRvhffy_MAeC9VlO_3bqV0imtpYF_z43jSFrfAYZRQpMhivqSweM/s320/14571FB0-F87A-444B-9CA5-23BACDD9E1DE.jpeg’ に保存中

     0K .......... .......... ....                            100% 2.20M=0.01s

2026-09-16 09:31:49 (2.20 MB/s) - ‘blogger.googleusercontent.com/img/b/R29vZ2xl/AVvXsEjc4ah9V_2hcSDI0hnyt5sxfxAn3MdYfQGMhZABltAggF1rZqm1VSkaECZKSfxSoWMlx7a8spaSqDaTS-iDGKa5MIiLRvhffy_MAeC9VlO_3bqV0imtpYF_z43jSFrfAYZRQpMhivqSweM/s320/14571FB0-F87A-444B-9CA5-23BACDD9E1DE.jpeg’ へ保存完了 [24929/24929]

--2026-09-16 09:31:50--  https://www.tunnelpoemer.com/2020/11/blog-post_6.html
www.tunnelpoemer.com (www.tunnelpoemer.com)|2404:6800:400b:c005::79|:443 に接続しています... 接続しました。
HTTP による接続要求を送信しました、応答を待っています... 200 OK
長さ: 特定できません [text/html]
‘www.tunnelpoemer.com/2020/11/blog-post_6.html’ に保存中

     0K .......... .......... .......... .......... .......... 1.05M
    50K ....                                                   3.48M=0.05s

2026-09-16 09:31:51 (1.11 MB/s) - ‘www.tunnelpoemer.com/2020/11/blog-post_6.html’ へ保存終了 [55720]

--2026-09-16 09:31:52--  https://blogger.googleusercontent.com/img/b/R29vZ2xl/AVvXsEhza66thafRwtZz_4FFWHZMdA-lrJv76vISpgOP6n8EwN0uU-exmoueGtkzrMVFmdMM3NQN8yrjH4lTGzqzjZBHDeREsmo3SMruigPpKSTmxgTml1GDSqY92xCcSvr2NttalS00zLQygN4/s320/71237782-28C7-4A45-9274-73275260B1A0.jpeg
blogger.googleusercontent.com (blogger.googleusercontent.com)|2404:6800:400b:c005::84|:443 に接続しています... 接続しました。
HTTP による接続要求を送信しました、応答を待っています... 200 OK
長さ: 39661 (39K) [image/jpeg]
‘blogger.googleusercontent.com/img/b/R29vZ2xl/AVvXsEhza66thafRwtZz_4FFWHZMdA-lrJv76vISpgOP6n8EwN0uU-exmoueGtkzrMVFmdMM3NQN8yrjH4lTGzqzjZBHDeREsmo3SMruigPpKSTmxgTml1GDSqY92xCcSvr2NttalS00zLQygN4/s320/71237782-28C7-4A45-9274-73275260B1A0.jpeg’ に保存中

     0K .......... .......... .......... ........             100% 2.50M=0.02s

2026-09-16 09:31:53 (2.50 MB/s) - ‘blogger.googleusercontent.com/img/b/R29vZ2xl/AVvXsEhza66thafRwtZz_4FFWHZMdA-lrJv76vISpgOP6n8EwN0uU-exmoueGtkzrMVFmdMM3NQN8yrjH4lTGzqzjZBHDeREsmo3SMruigPpKSTmxgTml1GDSqY92xCcSvr2NttalS00zLQygN4/s320/71237782-28C7-4A45-9274-73275260B1A0.jpeg’ へ保存完了 [39661/39661]

--2026-09-16 09:31:54--  https://www.tunnelpoemer.com/2020/11/blog-post_8.html
www.tunnelpoemer.com (www.tunnelpoemer.com)|2404:6800:400b:c005::79|:443 に接続しています... 接続しました。
HTTP による接続要求を送信しました、応答を待っています... 200 OK
長さ: 特定できません [text/html]
‘www.tunnelpoemer.com/2020/11/blog-post_8.html’ に保存中

     0K .......... .......... .......... .......... .......... 1.21M
    50K ...                                                    16.1M=0.04s

2026-09-16 09:31:56 (1.29 MB/s) - ‘www.tunnelpoemer.com/2020/11/blog-post_8.html’ へ保存終了 [55256]

--2026-09-16 09:31:57--  https://blogger.googleusercontent.com/img/b/R29vZ2xl/AVvXsEg4REK_0tMq7M2VF5oOSxksnL2CrL7rXEaJ8cZkgFgjcCQSumwfq0KoUpz2v5cMMjJhMPWET-w-PJRFY69KXGId2TTtk4ggjYSRe2bdPFo6GimVyu5rUbE3Q1YUMruDiHYSorhchf0V2ns/s320/B39FE84F-AE96-47B2-A5D1-FFC83E2BBAB0.jpeg
blogger.googleusercontent.com (blogger.googleusercontent.com)|2404:6800:400b:c005::84|:443 に接続しています... 接続しました。
HTTP による接続要求を送信しました、応答を待っています... 200 OK
長さ: 36383 (36K) [image/jpeg]
‘blogger.googleusercontent.com/img/b/R29vZ2xl/AVvXsEg4REK_0tMq7M2VF5oOSxksnL2CrL7rXEaJ8cZkgFgjcCQSumwfq0KoUpz2v5cMMjJhMPWET-w-PJRFY69KXGId2TTtk4ggjYSRe2bdPFo6GimVyu5rUbE3Q1YUMruDiHYSorhchf0V2ns/s320/B39FE84F-AE96-47B2-A5D1-FFC83E2BBAB0.jpeg’ に保存中

     0K .......... .......... .......... .....                100%  724K=0.05s

2026-09-16 09:31:58 (724 KB/s) - ‘blogger.googleusercontent.com/img/b/R29vZ2xl/AVvXsEg4REK_0tMq7M2VF5oOSxksnL2CrL7rXEaJ8cZkgFgjcCQSumwfq0KoUpz2v5cMMjJhMPWET-w-PJRFY69KXGId2TTtk4ggjYSRe2bdPFo6GimVyu5rUbE3Q1YUMruDiHYSorhchf0V2ns/s320/B39FE84F-AE96-47B2-A5D1-FFC83E2BBAB0.jpeg’ へ保存完了 [36383/36383]

--2026-09-16 09:31:59--  https://www.tunnelpoemer.com/2020/11/blog-post.html
www.tunnelpoemer.com (www.tunnelpoemer.com)|2404:6800:400b:c005::79|:443 に接続しています... 接続しました。
HTTP による接続要求を送信しました、応答を待っています... 200 OK
長さ: 特定できません [text/html]
‘www.tunnelpoemer.com/2020/11/blog-post.html’ に保存中

     0K .......... .......... .......... .......... .......... 1.12M
    50K ...                                                    14.4M=0.04s

2026-09-16 09:32:01 (1.20 MB/s) - ‘www.tunnelpoemer.com/2020/11/blog-post.html’ へ保存終了 [55101]

--2026-09-16 09:32:02--  https://blogger.googleusercontent.com/img/b/R29vZ2xl/AVvXsEjZPz6tlO2JrRyCa1aCrWxnWIPQnkVTW_IUu-gyRrL5NX14nB39fr2JPneX9oVqd3qpI1ubjuAVWGNrZ9V_M_OGTC9ozWkDoQILUIvGR4mrsli8WkkSDJSFt2GvchaOYUWiKVZwsGvd5zM/s320/BA8D990C-53BB-46E0-A118-484BF320A816.jpeg
blogger.googleusercontent.com (blogger.googleusercontent.com)|2404:6800:400b:c005::84|:443 に接続しています... 接続しました。
HTTP による接続要求を送信しました、応答を待っています... 200 OK
長さ: 17322 (17K) [image/jpeg]
‘blogger.googleusercontent.com/img/b/R29vZ2xl/AVvXsEjZPz6tlO2JrRyCa1aCrWxnWIPQnkVTW_IUu-gyRrL5NX14nB39fr2JPneX9oVqd3qpI1ubjuAVWGNrZ9V_M_OGTC9ozWkDoQILUIvGR4mrsli8WkkSDJSFt2GvchaOYUWiKVZwsGvd5zM/s320/BA8D990C-53BB-46E0-A118-484BF320A816.jpeg’ に保存中

     0K .......... ......                                     100% 4.35M=0.004s

2026-09-16 09:32:03 (4.35 MB/s) - ‘blogger.googleusercontent.com/img/b/R29vZ2xl/AVvXsEjZPz6tlO2JrRyCa1aCrWxnWIPQnkVTW_IUu-gyRrL5NX14nB39fr2JPneX9oVqd3qpI1ubjuAVWGNrZ9V_M_OGTC9ozWkDoQILUIvGR4mrsli8WkkSDJSFt2GvchaOYUWiKVZwsGvd5zM/s320/BA8D990C-53BB-46E0-A118-484BF320A816.jpeg’ へ保存完了 [17322/17322]

--2026-09-16 09:32:04--  https://www.tunnelpoemer.com/2020/12/9001f.html
www.tunnelpoemer.com (www.tunnelpoemer.com)|2404:6800:400b:c005::79|:443 に接続しています... 接続しました。
HTTP による接続要求を送信しました、応答を待っています... 200 OK
長さ: 特定できません [text/html]
‘www.tunnelpoemer.com/2020/12/9001f.html’ に保存中

     0K .......... .......... .......... .......... .......... 1.76M
    50K ..                                                     23.9M=0.03s

2026-09-16 09:32:05 (1.85 MB/s) - ‘www.tunnelpoemer.com/2020/12/9001f.html’ へ保存終了 [54102]

--2026-09-16 09:32:06--  https://blogger.googleusercontent.com/img/b/R29vZ2xl/AVvXsEhlnJkqUVJW3cRYbY0EcxLss_o72ytL5MDy6BWeekgl9YntowM78ADF3XK6OXNsv7a7_Bw2OuYLO1FSi4iyUemtn6yJsotIZcWC-6zAFrMGwWQzXatnHbt0HX-7NenUE91xvWaqnKFBSJw/s320/766912C4-2F33-44C9-9693-7D74AB69C09B.jpeg
blogger.googleusercontent.com (blogger.googleusercontent.com)|2404:6800:400b:c005::84|:443 に接続しています... 接続しました。
HTTP による接続要求を送信しました、応答を待っています... 200 OK
長さ: 34666 (34K) [image/jpeg]
‘blogger.googleusercontent.com/img/b/R29vZ2xl/AVvXsEhlnJkqUVJW3cRYbY0EcxLss_o72ytL5MDy6BWeekgl9YntowM78ADF3XK6OXNsv7a7_Bw2OuYLO1FSi4iyUemtn6yJsotIZcWC-6zAFrMGwWQzXatnHbt0HX-7NenUE91xvWaqnKFBSJw/s320/766912C4-2F33-44C9-9693-7D74AB69C09B.jpeg’ に保存中

     0K .......... .......... .......... ...                  100% 2.13M=0.02s

2026-09-16 09:32:08 (2.13 MB/s) - ‘blogger.googleusercontent.com/img/b/R29vZ2xl/AVvXsEhlnJkqUVJW3cRYbY0EcxLss_o72ytL5MDy6BWeekgl9YntowM78ADF3XK6OXNsv7a7_Bw2OuYLO1FSi4iyUemtn6yJsotIZcWC-6zAFrMGwWQzXatnHbt0HX-7NenUE91xvWaqnKFBSJw/s320/766912C4-2F33-44C9-9693-7D74AB69C09B.jpeg’ へ保存完了 [34666/34666]

--2026-09-16 09:32:09--  https://www.tunnelpoemer.com/2021/01/2021.html
www.tunnelpoemer.com (www.tunnelpoemer.com)|2404:6800:400b:c005::79|:443 に接続しています... 接続しました。
HTTP による接続要求を送信しました、応答を待っています... 200 OK
長さ: 特定できません [text/html]
‘www.tunnelpoemer.com/2021/01/2021.html’ に保存中

     0K .......... .......... .......... .......... ..........  979K
    50K ....                                                   2.44M=0.05s

2026-09-16 09:32:09 (1.01 MB/s) - ‘www.tunnelpoemer.com/2021/01/2021.html’ へ保存終了 [56013]

--2026-09-16 09:32:10--  https://blogger.googleusercontent.com/img/b/R29vZ2xl/AVvXsEhCj6FtFGrYlebFLPButEQ-rLmn33CMNzVfotGtzBFG5uCdsX63wXXUgQirczLftPsip2gxBHKpWWpGk0D0War5Uo8JYfcSUC7v1F6FDbdwm2Mt81WxRPJ00vGEJIL14aiHzGyeYuV-Q9c/s320/588885C7-9D07-4A4C-A403-318A114B9992.jpeg
blogger.googleusercontent.com (blogger.googleusercontent.com)|2404:6800:400b:c005::84|:443 に接続しています... 接続しました。
HTTP による接続要求を送信しました、応答を待っています... 200 OK
長さ: 24811 (24K) [image/jpeg]
‘blogger.googleusercontent.com/img/b/R29vZ2xl/AVvXsEhCj6FtFGrYlebFLPButEQ-rLmn33CMNzVfotGtzBFG5uCdsX63wXXUgQirczLftPsip2gxBHKpWWpGk0D0War5Uo8JYfcSUC7v1F6FDbdwm2Mt81WxRPJ00vGEJIL14aiHzGyeYuV-Q9c/s320/588885C7-9D07-4A4C-A403-318A114B9992.jpeg’ に保存中

     0K .......... .......... ....                            100%  706K=0.03s

2026-09-16 09:32:12 (706 KB/s) - ‘blogger.googleusercontent.com/img/b/R29vZ2xl/AVvXsEhCj6FtFGrYlebFLPButEQ-rLmn33CMNzVfotGtzBFG5uCdsX63wXXUgQirczLftPsip2gxBHKpWWpGk0D0War5Uo8JYfcSUC7v1F6FDbdwm2Mt81WxRPJ00vGEJIL14aiHzGyeYuV-Q9c/s320/588885C7-9D07-4A4C-A403-318A114B9992.jpeg’ へ保存完了 [24811/24811]

--2026-09-16 09:32:13--  https://www.tunnelpoemer.com/2021/01/blog-post_11.html
www.tunnelpoemer.com (www.tunnelpoemer.com)|2404:6800:400b:c005::79|:443 に接続しています... 接続しました。
HTTP による接続要求を送信しました、応答を待っています... 200 OK
長さ: 特定できません [text/html]
‘www.tunnelpoemer.com/2021/01/blog-post_11.html’ に保存中

     0K .......... .......... .......... .......... ..........  536K
    50K ....                                                   11.6M=0.09s

2026-09-16 09:32:15 (582 KB/s) - ‘www.tunnelpoemer.com/2021/01/blog-post_11.html’ へ保存終了 [55852]

--2026-09-16 09:32:16--  https://blogger.googleusercontent.com/img/b/R29vZ2xl/AVvXsEgF33PkruY1BHN8TaxMD5XtMW5-jFj4w9ZzE-pKK_bLWUv-NZHXe4FHc2XEr24Hc18UXN2XVo0ThrRU4sJDFe7BV5bqb8P5TQmOsIqdmmJ9ETz6CE7u8c9k65FC6VwnK6GSU0GyocpbnWQ/s320/CA0EF468-ECBD-4295-8512-3957B3F52979.jpeg
blogger.googleusercontent.com (blogger.googleusercontent.com)|2404:6800:400b:c005::84|:443 に接続しています... 接続しました。
HTTP による接続要求を送信しました、応答を待っています... 200 OK
長さ: 34534 (34K) [image/jpeg]
‘blogger.googleusercontent.com/img/b/R29vZ2xl/AVvXsEgF33PkruY1BHN8TaxMD5XtMW5-jFj4w9ZzE-pKK_bLWUv-NZHXe4FHc2XEr24Hc18UXN2XVo0ThrRU4sJDFe7BV5bqb8P5TQmOsIqdmmJ9ETz6CE7u8c9k65FC6VwnK6GSU0GyocpbnWQ/s320/CA0EF468-ECBD-4295-8512-3957B3F52979.jpeg’ に保存中

     0K .......... .......... .......... ...                  100% 2.90M=0.01s

2026-09-16 09:32:17 (2.90 MB/s) - ‘blogger.googleusercontent.com/img/b/R29vZ2xl/AVvXsEgF33PkruY1BHN8TaxMD5XtMW5-jFj4w9ZzE-pKK_bLWUv-NZHXe4FHc2XEr24Hc18UXN2XVo0ThrRU4sJDFe7BV5bqb8P5TQmOsIqdmmJ9ETz6CE7u8c9k65FC6VwnK6GSU0GyocpbnWQ/s320/CA0EF468-ECBD-4295-8512-3957B3F52979.jpeg’ へ保存完了 [34534/34534]

--2026-09-16 09:32:18--  https://www.tunnelpoemer.com/2021/01/blog-post_12.html
www.tunnelpoemer.com (www.tunnelpoemer.com)|2404:6800:400b:c005::79|:443 に接続しています... 接続しました。
HTTP による接続要求を送信しました、応答を待っています... 200 OK
長さ: 特定できません [text/html]
‘www.tunnelpoemer.com/2021/01/blog-post_12.html’ に保存中

     0K .......... .......... .......... .......... ..........  957K
    50K ....                                                   12.0M=0.05s

2026-09-16 09:32:21 (1.01 MB/s) - ‘www.tunnelpoemer.com/2021/01/blog-post_12.html’ へ保存終了 [55785]

--2026-09-16 09:32:22--  https://blogger.googleusercontent.com/img/b/R29vZ2xl/AVvXsEhQmnyzWKe9D_NQlOeiXCwoJWPa4m30IE5Mr7ifUKYJvWRsD3GlBrvc5PGDbKJwqRnPKmREH5iZgrnRNIrM4vXpJEGkoFfsg7SgZifNkbtssRnwZlFfVkP50xNWLfLtpLZRCBoEmxcI6Fw/s320/4BF57EB3-D87D-477C-BAAC-D8C60B1172C4.jpeg
blogger.googleusercontent.com (blogger.googleusercontent.com)|2404:6800:400b:c005::84|:443 に接続しています... 接続しました。
HTTP による接続要求を送信しました、応答を待っています... 200 OK
長さ: 27812 (27K) [image/jpeg]
‘blogger.googleusercontent.com/img/b/R29vZ2xl/AVvXsEhQmnyzWKe9D_NQlOeiXCwoJWPa4m30IE5Mr7ifUKYJvWRsD3GlBrvc5PGDbKJwqRnPKmREH5iZgrnRNIrM4vXpJEGkoFfsg7SgZifNkbtssRnwZlFfVkP50xNWLfLtpLZRCBoEmxcI6Fw/s320/4BF57EB3-D87D-477C-BAAC-D8C60B1172C4.jpeg’ に保存中

     0K .......... .......... .......                         100% 2.62M=0.01s

2026-09-16 09:32:23 (2.62 MB/s) - ‘blogger.googleusercontent.com/img/b/R29vZ2xl/AVvXsEhQmnyzWKe9D_NQlOeiXCwoJWPa4m30IE5Mr7ifUKYJvWRsD3GlBrvc5PGDbKJwqRnPKmREH5iZgrnRNIrM4vXpJEGkoFfsg7SgZifNkbtssRnwZlFfVkP50xNWLfLtpLZRCBoEmxcI6Fw/s320/4BF57EB3-D87D-477C-BAAC-D8C60B1172C4.jpeg’ へ保存完了 [27812/27812]

--2026-09-16 09:32:24--  https://www.tunnelpoemer.com/2021/01/blog-post_13.html
www.tunnelpoemer.com (www.tunnelpoemer.com)|2404:6800:400b:c005::79|:443 に接続しています... 接続しました。
HTTP による接続要求を送信しました、応答を待っています... 200 OK
長さ: 特定できません [text/html]
‘www.tunnelpoemer.com/2021/01/blog-post_13.html’ に保存中

     0K .......... .......... .......... .......... ..........  866K
    50K ....                                                   2.78M=0.06s

2026-09-16 09:32:25 (917 KB/s) - ‘www.tunnelpoemer.com/2021/01/blog-post_13.html’ へ保存終了 [55657]

--2026-09-16 09:32:26--  https://blogger.googleusercontent.com/img/b/R29vZ2xl/AVvXsEgpB2wQm9zIXxdX8Dls1YgsWL6-5NtEdhyphenhyphenbc07mSHzpn-FY3taNGlM9t7dHKixiKteR04bdOVOx-aZ1pBgDJ4OrVuu_zv_JamKKY4AYzOSHzeY0qU01023ipHC9ZrjaXZG61o-hruuvaz8/s320/938FFA8D-C7FE-45FB-8683-EA6A5A3902CB.jpeg
blogger.googleusercontent.com (blogger.googleusercontent.com)|2404:6800:400b:c005::84|:443 に接続しています... 接続しました。
HTTP による接続要求を送信しました、応答を待っています... 200 OK
長さ: 36612 (36K) [image/jpeg]
‘blogger.googleusercontent.com/img/b/R29vZ2xl/AVvXsEgpB2wQm9zIXxdX8Dls1YgsWL6-5NtEdhyphenhyphenbc07mSHzpn-FY3taNGlM9t7dHKixiKteR04bdOVOx-aZ1pBgDJ4OrVuu_zv_JamKKY4AYzOSHzeY0qU01023ipHC9ZrjaXZG61o-hruuvaz8/s320/938FFA8D-C7FE-45FB-8683-EA6A5A3902CB.jpeg’ に保存中

     0K .......... .......... .......... .....                100% 1.01M=0.03s

2026-09-16 09:32:28 (1.01 MB/s) - ‘blogger.googleusercontent.com/img/b/R29vZ2xl/AVvXsEgpB2wQm9zIXxdX8Dls1YgsWL6-5NtEdhyphenhyphenbc07mSHzpn-FY3taNGlM9t7dHKixiKteR04bdOVOx-aZ1pBgDJ4OrVuu_zv_JamKKY4AYzOSHzeY0qU01023ipHC9ZrjaXZG61o-hruuvaz8/s320/938FFA8D-C7FE-45FB-8683-EA6A5A3902CB.jpeg’ へ保存完了 [36612/36612]

--2026-09-16 09:32:29--  https://www.tunnelpoemer.com/2021/01/blog-post_16.html
www.tunnelpoemer.com (www.tunnelpoemer.com)|2404:6800:400b:c005::79|:443 に接続しています... 接続しました。
HTTP による接続要求を送信しました、応答を待っています... 200 OK
長さ: 特定できません [text/html]
‘www.tunnelpoemer.com/2021/01/blog-post_16.html’ に保存中

     0K .......... .......... .......... .......... .......... 2.31M
    50K ....                                                    258K=0.04s

2026-09-16 09:32:42 (1.41 MB/s) - ‘www.tunnelpoemer.com/2021/01/blog-post_16.html’ へ保存終了 [55567]

--2026-09-16 09:32:43--  https://blogger.googleusercontent.com/img/b/R29vZ2xl/AVvXsEhSd-uIQ6YCbzLtzJ4betaDuPBc7efFmPy0FKqSnHUOEejwc7_FnmBucayZN3RBbufujIzRvCRJn8Aj4kv00MlQZmYhi_dIVwVHy5FDX5q7mfQJUzGeKF5AHio47Oo6ylpIeXBH3SEXwPw/s320/BCDCF153-3B67-4437-A047-0466E25340A5.jpeg
blogger.googleusercontent.com (blogger.googleusercontent.com)|2404:6800:400b:c005::84|:443 に接続しています... 接続しました。
HTTP による接続要求を送信しました、応答を待っています... 200 OK
長さ: 31137 (30K) [image/jpeg]
‘blogger.googleusercontent.com/img/b/R29vZ2xl/AVvXsEhSd-uIQ6YCbzLtzJ4betaDuPBc7efFmPy0FKqSnHUOEejwc7_FnmBucayZN3RBbufujIzRvCRJn8Aj4kv00MlQZmYhi_dIVwVHy5FDX5q7mfQJUzGeKF5AHio47Oo6ylpIeXBH3SEXwPw/s320/BCDCF153-3B67-4437-A047-0466E25340A5.jpeg’ に保存中

     0K .......... .......... ..........                      100% 2.12M=0.01s

2026-09-16 09:32:44 (2.12 MB/s) - ‘blogger.googleusercontent.com/img/b/R29vZ2xl/AVvXsEhSd-uIQ6YCbzLtzJ4betaDuPBc7efFmPy0FKqSnHUOEejwc7_FnmBucayZN3RBbufujIzRvCRJn8Aj4kv00MlQZmYhi_dIVwVHy5FDX5q7mfQJUzGeKF5AHio47Oo6ylpIeXBH3SEXwPw/s320/BCDCF153-3B67-4437-A047-0466E25340A5.jpeg’ へ保存完了 [31137/31137]

--2026-09-16 09:32:45--  https://www.tunnelpoemer.com/2021/01/blog-post_19.html
www.tunnelpoemer.com (www.tunnelpoemer.com)|2404:6800:400b:c005::79|:443 に接続しています... 接続しました。
HTTP による接続要求を送信しました、応答を待っています... 200 OK
長さ: 特定できません [text/html]
‘www.tunnelpoemer.com/2021/01/blog-post_19.html’ に保存中

     0K .......... .......... .......... .......... .......... 1.71M
    50K ....                                                   15.2M=0.03s

2026-09-16 09:32:46 (1.84 MB/s) - ‘www.tunnelpoemer.com/2021/01/blog-post_19.html’ へ保存終了 [55767]

--2026-09-16 09:32:47--  https://blogger.googleusercontent.com/img/b/R29vZ2xl/AVvXsEisDAN-LSRYojXQ-blTJtleOChTVCyntdCHhbtK1s53hKsmcdn9gvsjs6j2h3UJRJjD-f_4KYbyZjONaLnxLTDyc_qeD_d2TzFjbPpxgwkkgIosl4kFgQ6EW7OH034D9SHi-YkEdaL8o_M/s320/1374F71C-94A4-4F4F-9398-02250DBB3E56.jpeg
blogger.googleusercontent.com (blogger.googleusercontent.com)|2404:6800:400b:c005::84|:443 に接続しています... 接続しました。
HTTP による接続要求を送信しました、応答を待っています... 200 OK
長さ: 26450 (26K) [image/jpeg]
‘blogger.googleusercontent.com/img/b/R29vZ2xl/AVvXsEisDAN-LSRYojXQ-blTJtleOChTVCyntdCHhbtK1s53hKsmcdn9gvsjs6j2h3UJRJjD-f_4KYbyZjONaLnxLTDyc_qeD_d2TzFjbPpxgwkkgIosl4kFgQ6EW7OH034D9SHi-YkEdaL8o_M/s320/1374F71C-94A4-4F4F-9398-02250DBB3E56.jpeg’ に保存中

     0K .......... .......... .....                           100% 1.61M=0.02s

2026-09-16 09:32:49 (1.61 MB/s) - ‘blogger.googleusercontent.com/img/b/R29vZ2xl/AVvXsEisDAN-LSRYojXQ-blTJtleOChTVCyntdCHhbtK1s53hKsmcdn9gvsjs6j2h3UJRJjD-f_4KYbyZjONaLnxLTDyc_qeD_d2TzFjbPpxgwkkgIosl4kFgQ6EW7OH034D9SHi-YkEdaL8o_M/s320/1374F71C-94A4-4F4F-9398-02250DBB3E56.jpeg’ へ保存完了 [26450/26450]

--2026-09-16 09:32:50--  https://www.tunnelpoemer.com/2021/01/blog-post_21.html
www.tunnelpoemer.com (www.tunnelpoemer.com)|2404:6800:400b:c005::79|:443 に接続しています... 接続しました。
HTTP による接続要求を送信しました、応答を待っています... 200 OK
長さ: 特定できません [text/html]
‘www.tunnelpoemer.com/2021/01/blog-post_21.html’ に保存中

     0K .......... .......... .......... .......... .......... 1.89M
    50K ....                                                   6.85M=0.03s

2026-09-16 09:32:51 (2.01 MB/s) - ‘www.tunnelpoemer.com/2021/01/blog-post_21.html’ へ保存終了 [55764]

--2026-09-16 09:32:52--  https://blogger.googleusercontent.com/img/b/R29vZ2xl/AVvXsEidHVjgwqjMB5h7OoLvf9QkYEP0DN2bRoijgH9EBiEK8fEPFDbUyHt6rkaErDQCGxKxRHz_1ThmEAbNbJQ07HxGWTTv4Rsf28arMygw56M5TEuhfZzAgDym-4cudcsP9KYyP0E77v8q4P0/s320/BAA33FEF-DE47-4022-B456-3279A60686BE.jpeg
blogger.googleusercontent.com (blogger.googleusercontent.com)|2404:6800:400b:c005::84|:443 に接続しています... 接続しました。
HTTP による接続要求を送信しました、応答を待っています... 200 OK
長さ: 26111 (25K) [image/jpeg]
‘blogger.googleusercontent.com/img/b/R29vZ2xl/AVvXsEidHVjgwqjMB5h7OoLvf9QkYEP0DN2bRoijgH9EBiEK8fEPFDbUyHt6rkaErDQCGxKxRHz_1ThmEAbNbJQ07HxGWTTv4Rsf28arMygw56M5TEuhfZzAgDym-4cudcsP9KYyP0E77v8q4P0/s320/BAA33FEF-DE47-4022-B456-3279A60686BE.jpeg’ に保存中

     0K .......... .......... .....                           100% 2.63M=0.009s

2026-09-16 09:32:55 (2.63 MB/s) - ‘blogger.googleusercontent.com/img/b/R29vZ2xl/AVvXsEidHVjgwqjMB5h7OoLvf9QkYEP0DN2bRoijgH9EBiEK8fEPFDbUyHt6rkaErDQCGxKxRHz_1ThmEAbNbJQ07HxGWTTv4Rsf28arMygw56M5TEuhfZzAgDym-4cudcsP9KYyP0E77v8q4P0/s320/BAA33FEF-DE47-4022-B456-3279A60686BE.jpeg’ へ保存完了 [26111/26111]

--2026-09-16 09:32:56--  https://www.tunnelpoemer.com/2021/01/blog-post_24.html
www.tunnelpoemer.com (www.tunnelpoemer.com)|2404:6800:400b:c005::79|:443 に接続しています... 接続しました。
HTTP による接続要求を送信しました、応答を待っています... 200 OK
長さ: 特定できません [text/html]
‘www.tunnelpoemer.com/2021/01/blog-post_24.html’ に保存中

     0K .......... .......... .......... .......... .......... 1.68M
    50K ....                                                   3.97M=0.03s

2026-09-16 09:32:57 (1.77 MB/s) - ‘www.tunnelpoemer.com/2021/01/blog-post_24.html’ へ保存終了 [55938]

--2026-09-16 09:32:58--  https://blogger.googleusercontent.com/img/b/R29vZ2xl/AVvXsEizxPadJTt-hEl7KIwVvVHYECxVzGqMSHz0xwFwKUVggzoy_uIieN69Ue0fOaGKFNuinzGaFLHzcrKRG-sqO5Mq9t8h0qnBEftHI-lU01OyrD-ZYeC2jFi9xi92HLzir-enTvFpqh6H2sc/s320/0639AD04-9005-42F4-A3FC-AC645131EE2C.jpeg
blogger.googleusercontent.com (blogger.googleusercontent.com)|2404:6800:400b:c005::84|:443 に接続しています... 接続しました。
HTTP による接続要求を送信しました、応答を待っています... 200 OK
長さ: 21719 (21K) [image/jpeg]
‘blogger.googleusercontent.com/img/b/R29vZ2xl/AVvXsEizxPadJTt-hEl7KIwVvVHYECxVzGqMSHz0xwFwKUVggzoy_uIieN69Ue0fOaGKFNuinzGaFLHzcrKRG-sqO5Mq9t8h0qnBEftHI-lU01OyrD-ZYeC2jFi9xi92HLzir-enTvFpqh6H2sc/s320/0639AD04-9005-42F4-A3FC-AC645131EE2C.jpeg’ に保存中

     0K .......... .......... .                               100% 6.14M=0.003s

2026-09-16 09:32:59 (6.14 MB/s) - ‘blogger.googleusercontent.com/img/b/R29vZ2xl/AVvXsEizxPadJTt-hEl7KIwVvVHYECxVzGqMSHz0xwFwKUVggzoy_uIieN69Ue0fOaGKFNuinzGaFLHzcrKRG-sqO5Mq9t8h0qnBEftHI-lU01OyrD-ZYeC2jFi9xi92HLzir-enTvFpqh6H2sc/s320/0639AD04-9005-42F4-A3FC-AC645131EE2C.jpeg’ へ保存完了 [21719/21719]

--2026-09-16 09:33:00--  https://www.tunnelpoemer.com/2021/01/blog-post_25.html
www.tunnelpoemer.com (www.tunnelpoemer.com)|2404:6800:400b:c005::79|:443 に接続しています... 接続しました。
HTTP による接続要求を送信しました、応答を待っています... 200 OK
長さ: 特定できません [text/html]
‘www.tunnelpoemer.com/2021/01/blog-post_25.html’ に保存中

     0K .......... .......... .......... .......... .......... 3.22M
    50K ....                                                   3.66M=0.02s

2026-09-16 09:33:01 (3.25 MB/s) - ‘www.tunnelpoemer.com/2021/01/blog-post_25.html’ へ保存終了 [55765]

--2026-09-16 09:33:02--  https://blogger.googleusercontent.com/img/b/R29vZ2xl/AVvXsEiUDcdgIXocEYQR9khQHOxuemCsM3cshUVhrqOckYfDYEGoN77twyPCK_QUcB27jN0yasfy5VdP989BCzSAG_cEfAYngoazF0h54OXntmfhjTfARbmeEXLepx2GgeXvVr_k1hqFlO_RCG4/s320/C11CD901-2429-4EED-8794-9389479EBD0D.jpeg
blogger.googleusercontent.com (blogger.googleusercontent.com)|2404:6800:400b:c005::84|:443 に接続しています... 接続しました。
HTTP による接続要求を送信しました、応答を待っています... 200 OK
長さ: 23202 (23K) [image/jpeg]
‘blogger.googleusercontent.com/img/b/R29vZ2xl/AVvXsEiUDcdgIXocEYQR9khQHOxuemCsM3cshUVhrqOckYfDYEGoN77twyPCK_QUcB27jN0yasfy5VdP989BCzSAG_cEfAYngoazF0h54OXntmfhjTfARbmeEXLepx2GgeXvVr_k1hqFlO_RCG4/s320/C11CD901-2429-4EED-8794-9389479EBD0D.jpeg’ に保存中

     0K .......... .......... ..                              100% 3.67M=0.006s

2026-09-16 09:33:03 (3.67 MB/s) - ‘blogger.googleusercontent.com/img/b/R29vZ2xl/AVvXsEiUDcdgIXocEYQR9khQHOxuemCsM3cshUVhrqOckYfDYEGoN77twyPCK_QUcB27jN0yasfy5VdP989BCzSAG_cEfAYngoazF0h54OXntmfhjTfARbmeEXLepx2GgeXvVr_k1hqFlO_RCG4/s320/C11CD901-2429-4EED-8794-9389479EBD0D.jpeg’ へ保存完了 [23202/23202]

--2026-09-16 09:33:04--  https://www.tunnelpoemer.com/2021/01/blog-post_28.html
www.tunnelpoemer.com (www.tunnelpoemer.com)|2404:6800:400b:c005::79|:443 に接続しています... 接続しました。
HTTP による接続要求を送信しました、応答を待っています... 200 OK
長さ: 特定できません [text/html]
‘www.tunnelpoemer.com/2021/01/blog-post_28.html’ に保存中

     0K .......... .......... .......... .......... .......... 3.38M
    50K ....                                                   21.9M=0.01s

2026-09-16 09:33:05 (3.64 MB/s) - ‘www.tunnelpoemer.com/2021/01/blog-post_28.html’ へ保存終了 [55813]

--2026-09-16 09:33:06--  https://blogger.googleusercontent.com/img/b/R29vZ2xl/AVvXsEgQAemNI66M2xZHBkyPBcemjcoGa2HCu3FkSFdFvahF8GKKToAXfRS0vtoMneD5HryLkHI8qBht_mGH-uPYKbqw4_0BbYD7arqmjo5dbEYnsdWpXK2Di7Cz4UGTe_XClcDcu4flUYpFj0E/s320/CA25E1D5-92B7-4825-A39A-E4409DE9384B.jpeg
blogger.googleusercontent.com (blogger.googleusercontent.com)|2404:6800:400b:c005::84|:443 に接続しています... 接続しました。
HTTP による接続要求を送信しました、応答を待っています... 200 OK
長さ: 21920 (21K) [image/jpeg]
‘blogger.googleusercontent.com/img/b/R29vZ2xl/AVvXsEgQAemNI66M2xZHBkyPBcemjcoGa2HCu3FkSFdFvahF8GKKToAXfRS0vtoMneD5HryLkHI8qBht_mGH-uPYKbqw4_0BbYD7arqmjo5dbEYnsdWpXK2Di7Cz4UGTe_XClcDcu4flUYpFj0E/s320/CA25E1D5-92B7-4825-A39A-E4409DE9384B.jpeg’ に保存中

     0K .......... .......... .                               100% 7.48M=0.003s

2026-09-16 09:33:07 (7.48 MB/s) - ‘blogger.googleusercontent.com/img/b/R29vZ2xl/AVvXsEgQAemNI66M2xZHBkyPBcemjcoGa2HCu3FkSFdFvahF8GKKToAXfRS0vtoMneD5HryLkHI8qBht_mGH-uPYKbqw4_0BbYD7arqmjo5dbEYnsdWpXK2Di7Cz4UGTe_XClcDcu4flUYpFj0E/s320/CA25E1D5-92B7-4825-A39A-E4409DE9384B.jpeg’ へ保存完了 [21920/21920]

--2026-09-16 09:33:08--  https://www.tunnelpoemer.com/2021/01/blog-post_2.html
www.tunnelpoemer.com (www.tunnelpoemer.com)|2404:6800:400b:c005::79|:443 に接続しています... 接続しました。
HTTP による接続要求を送信しました、応答を待っています... 200 OK
長さ: 特定できません [text/html]
‘www.tunnelpoemer.com/2021/01/blog-post_2.html’ に保存中

     0K .......... .......... .......... .......... .......... 2.46M
    50K ....                                                   2.69M=0.02s

2026-09-16 09:33:10 (2.48 MB/s) - ‘www.tunnelpoemer.com/2021/01/blog-post_2.html’ へ保存終了 [55675]

--2026-09-16 09:33:11--  https://blogger.googleusercontent.com/img/b/R29vZ2xl/AVvXsEht4t-CJomYl5_Z_Gg2_wtoXYugNm3TCDlNsa8rNn7XR4crJyfeXxViowMVfN8rSOIGhXxx6RJo7FmjzAaSIA-WoB1iuc_1y1hqXy-IRGjbHj6pGqCX3XWnlFYISiJBYoGG8iWA917sQV4/s320/A3078A06-ADDC-482C-AF50-189987D92BBC.jpeg
blogger.googleusercontent.com (blogger.googleusercontent.com)|2404:6800:400b:c005::84|:443 に接続しています... 接続しました。
HTTP による接続要求を送信しました、応答を待っています... 200 OK
長さ: 30991 (30K) [image/jpeg]
‘blogger.googleusercontent.com/img/b/R29vZ2xl/AVvXsEht4t-CJomYl5_Z_Gg2_wtoXYugNm3TCDlNsa8rNn7XR4crJyfeXxViowMVfN8rSOIGhXxx6RJo7FmjzAaSIA-WoB1iuc_1y1hqXy-IRGjbHj6pGqCX3XWnlFYISiJBYoGG8iWA917sQV4/s320/A3078A06-ADDC-482C-AF50-189987D92BBC.jpeg’ に保存中

     0K .......... .......... ..........                      100% 3.75M=0.008s

2026-09-16 09:33:13 (3.75 MB/s) - ‘blogger.googleusercontent.com/img/b/R29vZ2xl/AVvXsEht4t-CJomYl5_Z_Gg2_wtoXYugNm3TCDlNsa8rNn7XR4crJyfeXxViowMVfN8rSOIGhXxx6RJo7FmjzAaSIA-WoB1iuc_1y1hqXy-IRGjbHj6pGqCX3XWnlFYISiJBYoGG8iWA917sQV4/s320/A3078A06-ADDC-482C-AF50-189987D92BBC.jpeg’ へ保存完了 [30991/30991]

--2026-09-16 09:33:14--  https://www.tunnelpoemer.com/2021/01/blog-post_4.html
www.tunnelpoemer.com (www.tunnelpoemer.com)|2404:6800:400b:c005::79|:443 に接続しています... 接続しました。
HTTP による接続要求を送信しました、応答を待っています... 200 OK
長さ: 特定できません [text/html]
‘www.tunnelpoemer.com/2021/01/blog-post_4.html’ に保存中

     0K .......... .......... .......... .......... .......... 2.70M
    50K ....                                                    255K=0.04s

2026-09-16 09:33:15 (1.51 MB/s) - ‘www.tunnelpoemer.com/2021/01/blog-post_4.html’ へ保存終了 [55656]

--2026-09-16 09:33:16--  https://blogger.googleusercontent.com/img/b/R29vZ2xl/AVvXsEi60GSyE4IfPVL8AAQor7_T4kj7fOO7HEE317KFwgO0ygJMT-SigqTeKWHMmgjkgh1pVIeeN1crDwrII0JETwx3mKIgdKFN16kJ3HIyLupcs3a4kBoQsIy0JVh9NMLSd874WAUQdCwV9VI/s320/388CEC95-2721-4734-BBFC-07823BC3F98B.jpeg
blogger.googleusercontent.com (blogger.googleusercontent.com)|2404:6800:400b:c005::84|:443 に接続しています... 接続しました。
HTTP による接続要求を送信しました、応答を待っています... 200 OK
長さ: 26793 (26K) [image/jpeg]
‘blogger.googleusercontent.com/img/b/R29vZ2xl/AVvXsEi60GSyE4IfPVL8AAQor7_T4kj7fOO7HEE317KFwgO0ygJMT-SigqTeKWHMmgjkgh1pVIeeN1crDwrII0JETwx3mKIgdKFN16kJ3HIyLupcs3a4kBoQsIy0JVh9NMLSd874WAUQdCwV9VI/s320/388CEC95-2721-4734-BBFC-07823BC3F98B.jpeg’ に保存中

     0K .......... .......... ......                          100% 3.60M=0.007s

2026-09-16 09:33:17 (3.60 MB/s) - ‘blogger.googleusercontent.com/img/b/R29vZ2xl/AVvXsEi60GSyE4IfPVL8AAQor7_T4kj7fOO7HEE317KFwgO0ygJMT-SigqTeKWHMmgjkgh1pVIeeN1crDwrII0JETwx3mKIgdKFN16kJ3HIyLupcs3a4kBoQsIy0JVh9NMLSd874WAUQdCwV9VI/s320/388CEC95-2721-4734-BBFC-07823BC3F98B.jpeg’ へ保存完了 [26793/26793]

--2026-09-16 09:33:18--  https://www.tunnelpoemer.com/2021/01/blog-post_62.html
www.tunnelpoemer.com (www.tunnelpoemer.com)|2404:6800:400b:c005::79|:443 に接続しています... 接続しました。
HTTP による接続要求を送信しました、応答を待っています... 200 OK
長さ: 特定できません [text/html]
‘www.tunnelpoemer.com/2021/01/blog-post_62.html’ に保存中

     0K .......... .......... .......... .......... .......... 3.03M
    50K ....                                                   19.5M=0.02s

2026-09-16 09:33:20 (3.25 MB/s) - ‘www.tunnelpoemer.com/2021/01/blog-post_62.html’ へ保存終了 [55750]

--2026-09-16 09:33:21--  https://blogger.googleusercontent.com/img/b/R29vZ2xl/AVvXsEhkMET24Mrq4M6EzyC5JbN3m280W6a3pcFAfBjVop9-gPJtrV7dJ3STiZ1WIiw2fvNvYkj3z4W_W2OHeKageVfdQ0bSUSdVhqVsr5qzlGcWnspySCC7eIIGuxI1Rx_kCi52hglnDe3qza8/s320/AAFCA3BF-2B60-49B6-A3EA-57BA2B9C979D.jpeg
blogger.googleusercontent.com (blogger.googleusercontent.com)|2404:6800:400b:c005::84|:443 に接続しています... 接続しました。
HTTP による接続要求を送信しました、応答を待っています... 200 OK
長さ: 29181 (28K) [image/jpeg]
‘blogger.googleusercontent.com/img/b/R29vZ2xl/AVvXsEhkMET24Mrq4M6EzyC5JbN3m280W6a3pcFAfBjVop9-gPJtrV7dJ3STiZ1WIiw2fvNvYkj3z4W_W2OHeKageVfdQ0bSUSdVhqVsr5qzlGcWnspySCC7eIIGuxI1Rx_kCi52hglnDe3qza8/s320/AAFCA3BF-2B60-49B6-A3EA-57BA2B9C979D.jpeg’ に保存中

     0K .......... .......... ........                        100% 2.45M=0.01s

2026-09-16 09:33:23 (2.45 MB/s) - ‘blogger.googleusercontent.com/img/b/R29vZ2xl/AVvXsEhkMET24Mrq4M6EzyC5JbN3m280W6a3pcFAfBjVop9-gPJtrV7dJ3STiZ1WIiw2fvNvYkj3z4W_W2OHeKageVfdQ0bSUSdVhqVsr5qzlGcWnspySCC7eIIGuxI1Rx_kCi52hglnDe3qza8/s320/AAFCA3BF-2B60-49B6-A3EA-57BA2B9C979D.jpeg’ へ保存完了 [29181/29181]

--2026-09-16 09:33:24--  https://www.tunnelpoemer.com/2021/01/blog-post_6.html
www.tunnelpoemer.com (www.tunnelpoemer.com)|2404:6800:400b:c005::79|:443 に接続しています... 接続しました。
HTTP による接続要求を送信しました、応答を待っています... 200 OK
長さ: 特定できません [text/html]
‘www.tunnelpoemer.com/2021/01/blog-post_6.html’ に保存中

     0K .......... .......... .......... .......... .......... 2.15M
    50K ....                                                   24.8M=0.02s

2026-09-16 09:33:26 (2.31 MB/s) - ‘www.tunnelpoemer.com/2021/01/blog-post_6.html’ へ保存終了 [55579]

--2026-09-16 09:33:27--  https://blogger.googleusercontent.com/img/b/R29vZ2xl/AVvXsEhDB9NymxG4B8im41vUwyNqZTylNIWDsqkaFd8Uk0gzzTj_4izncc05ZVqov3SFWKVpXANO4g73YO8rZwrSxHGHhxRhmVuoTQ_CzR3gmmx7KQoEDacK9GRUpGLg6wD8V2R-NO1ECCmnt2w/s320/FFBC02DC-9640-45C8-9ED4-99227EA4DFC9.jpeg
blogger.googleusercontent.com (blogger.googleusercontent.com)|2404:6800:400b:c005::84|:443 に接続しています... 接続しました。
HTTP による接続要求を送信しました、応答を待っています... 200 OK
長さ: 29784 (29K) [image/jpeg]
‘blogger.googleusercontent.com/img/b/R29vZ2xl/AVvXsEhDB9NymxG4B8im41vUwyNqZTylNIWDsqkaFd8Uk0gzzTj_4izncc05ZVqov3SFWKVpXANO4g73YO8rZwrSxHGHhxRhmVuoTQ_CzR3gmmx7KQoEDacK9GRUpGLg6wD8V2R-NO1ECCmnt2w/s320/FFBC02DC-9640-45C8-9ED4-99227EA4DFC9.jpeg’ に保存中

     0K .......... .......... .........                       100% 2.54M=0.01s

2026-09-16 09:33:29 (2.54 MB/s) - ‘blogger.googleusercontent.com/img/b/R29vZ2xl/AVvXsEhDB9NymxG4B8im41vUwyNqZTylNIWDsqkaFd8Uk0gzzTj_4izncc05ZVqov3SFWKVpXANO4g73YO8rZwrSxHGHhxRhmVuoTQ_CzR3gmmx7KQoEDacK9GRUpGLg6wD8V2R-NO1ECCmnt2w/s320/FFBC02DC-9640-45C8-9ED4-99227EA4DFC9.jpeg’ へ保存完了 [29784/29784]

--2026-09-16 09:33:30--  https://www.tunnelpoemer.com/2021/01/blog-post_72.html
www.tunnelpoemer.com (www.tunnelpoemer.com)|2404:6800:400b:c005::79|:443 に接続しています... 接続しました。
HTTP による接続要求を送信しました、応答を待っています... 200 OK
長さ: 特定できません [text/html]
‘www.tunnelpoemer.com/2021/01/blog-post_72.html’ に保存中

     0K .......... .......... .......... .......... .......... 2.31M
    50K ....                                                   16.8M=0.02s

2026-09-16 09:33:32 (2.49 MB/s) - ‘www.tunnelpoemer.com/2021/01/blog-post_72.html’ へ保存終了 [55901]

--2026-09-16 09:33:33--  https://blogger.googleusercontent.com/img/b/R29vZ2xl/AVvXsEgq5exlYD8GJgR2TK1CpeD8WUVWf1VN05VWhm-dgevpYTwC2XtfcjHxfPooQOBl9uihVMDOlDa5HYmPfsUqC_CSe2-y-wiaIfsXLv54CwDQILTkujdq1xDfKRhRhKzeVLbbdSq9xx0pFZs/s320/90A0FFB2-7D9F-4562-82FF-308C74C5C3D3.jpeg
blogger.googleusercontent.com (blogger.googleusercontent.com)|2404:6800:400b:c005::84|:443 に接続しています... 接続しました。
HTTP による接続要求を送信しました、応答を待っています... 200 OK
長さ: 23620 (23K) [image/jpeg]
‘blogger.googleusercontent.com/img/b/R29vZ2xl/AVvXsEgq5exlYD8GJgR2TK1CpeD8WUVWf1VN05VWhm-dgevpYTwC2XtfcjHxfPooQOBl9uihVMDOlDa5HYmPfsUqC_CSe2-y-wiaIfsXLv54CwDQILTkujdq1xDfKRhRhKzeVLbbdSq9xx0pFZs/s320/90A0FFB2-7D9F-4562-82FF-308C74C5C3D3.jpeg’ に保存中

     0K .......... .......... ...                             100% 3.50M=0.006s

2026-09-16 09:33:35 (3.50 MB/s) - ‘blogger.googleusercontent.com/img/b/R29vZ2xl/AVvXsEgq5exlYD8GJgR2TK1CpeD8WUVWf1VN05VWhm-dgevpYTwC2XtfcjHxfPooQOBl9uihVMDOlDa5HYmPfsUqC_CSe2-y-wiaIfsXLv54CwDQILTkujdq1xDfKRhRhKzeVLbbdSq9xx0pFZs/s320/90A0FFB2-7D9F-4562-82FF-308C74C5C3D3.jpeg’ へ保存完了 [23620/23620]

--2026-09-16 09:33:36--  https://www.tunnelpoemer.com/2021/01/blog-post.html
www.tunnelpoemer.com (www.tunnelpoemer.com)|2404:6800:400b:c005::79|:443 に接続しています... 接続しました。
HTTP による接続要求を送信しました、応答を待っています... 200 OK
長さ: 特定できません [text/html]
‘www.tunnelpoemer.com/2021/01/blog-post.html’ に保存中

     0K .......... .......... .......... .......... ..........  515K
    50K ....                                                   4.28M=0.1s

2026-09-16 09:33:37 (555 KB/s) - ‘www.tunnelpoemer.com/2021/01/blog-post.html’ へ保存終了 [55744]

--2026-09-16 09:33:38--  https://blogger.googleusercontent.com/img/b/R29vZ2xl/AVvXsEiKbTDzOW1jTkiLGQgk_4uU9YvlgQgApDzK_8EJmFjNa9zWSYr2BS1pwBZ34ZCoYc1JLPniEcQ1lbaVUtgKA6Lo1fxa3Pip7lL0ZD9ChqdPXava4mmyEDuXh0pE_SjguT2Xb0HlHKaM5iY/s320/4A35CB8E-2D84-48BF-9314-E4531B227165.jpeg
blogger.googleusercontent.com (blogger.googleusercontent.com)|2404:6800:400b:c005::84|:443 に接続しています... 接続しました。
HTTP による接続要求を送信しました、応答を待っています... 200 OK
長さ: 32629 (32K) [image/jpeg]
‘blogger.googleusercontent.com/img/b/R29vZ2xl/AVvXsEiKbTDzOW1jTkiLGQgk_4uU9YvlgQgApDzK_8EJmFjNa9zWSYr2BS1pwBZ34ZCoYc1JLPniEcQ1lbaVUtgKA6Lo1fxa3Pip7lL0ZD9ChqdPXava4mmyEDuXh0pE_SjguT2Xb0HlHKaM5iY/s320/4A35CB8E-2D84-48BF-9314-E4531B227165.jpeg’ に保存中

     0K .......... .......... .......... .                    100% 2.62M=0.01s

2026-09-16 09:33:40 (2.62 MB/s) - ‘blogger.googleusercontent.com/img/b/R29vZ2xl/AVvXsEiKbTDzOW1jTkiLGQgk_4uU9YvlgQgApDzK_8EJmFjNa9zWSYr2BS1pwBZ34ZCoYc1JLPniEcQ1lbaVUtgKA6Lo1fxa3Pip7lL0ZD9ChqdPXava4mmyEDuXh0pE_SjguT2Xb0HlHKaM5iY/s320/4A35CB8E-2D84-48BF-9314-E4531B227165.jpeg’ へ保存完了 [32629/32629]

--2026-09-16 09:33:41--  https://www.tunnelpoemer.com/2021/02/3000v.html
www.tunnelpoemer.com (www.tunnelpoemer.com)|2404:6800:400b:c005::79|:443 に接続しています... 接続しました。
HTTP による接続要求を送信しました、応答を待っています... 200 OK
長さ: 特定できません [text/html]
‘www.tunnelpoemer.com/2021/02/3000v.html’ に保存中

     0K .......... .......... .......... .......... .......... 2.29M
    50K ...                                                    5.67M=0.02s

2026-09-16 09:33:42 (2.39 MB/s) - ‘www.tunnelpoemer.com/2021/02/3000v.html’ へ保存終了 [55247]

--2026-09-16 09:33:43--  https://blogger.googleusercontent.com/img/b/R29vZ2xl/AVvXsEj-7ZNNekUdFFyDrklVO7oKF2tw6HRjsUoRc2ga8XpcUMkhufV347s5acszF-VYK-8gMahpNMIj7AZgUX1gTLiaUqJPmjXWSwiVWHCn26oe0jcGUPQ1cg9Fauyy4kmJeEDuvBbtcqSyv8s/s320/EB8B9469-14C7-4D29-9CB6-011F4A43A1F2.jpeg
blogger.googleusercontent.com (blogger.googleusercontent.com)|2404:6800:400b:c005::84|:443 に接続しています... 接続しました。
HTTP による接続要求を送信しました、応答を待っています... 200 OK
長さ: 37924 (37K) [image/jpeg]
‘blogger.googleusercontent.com/img/b/R29vZ2xl/AVvXsEj-7ZNNekUdFFyDrklVO7oKF2tw6HRjsUoRc2ga8XpcUMkhufV347s5acszF-VYK-8gMahpNMIj7AZgUX1gTLiaUqJPmjXWSwiVWHCn26oe0jcGUPQ1cg9Fauyy4kmJeEDuvBbtcqSyv8s/s320/EB8B9469-14C7-4D29-9CB6-011F4A43A1F2.jpeg’ に保存中

     0K .......... .......... .......... .......              100% 4.31M=0.008s

2026-09-16 09:33:45 (4.31 MB/s) - ‘blogger.googleusercontent.com/img/b/R29vZ2xl/AVvXsEj-7ZNNekUdFFyDrklVO7oKF2tw6HRjsUoRc2ga8XpcUMkhufV347s5acszF-VYK-8gMahpNMIj7AZgUX1gTLiaUqJPmjXWSwiVWHCn26oe0jcGUPQ1cg9Fauyy4kmJeEDuvBbtcqSyv8s/s320/EB8B9469-14C7-4D29-9CB6-011F4A43A1F2.jpeg’ へ保存完了 [37924/37924]

--2026-09-16 09:33:46--  https://www.tunnelpoemer.com/2021/02/blog-post_13.html
www.tunnelpoemer.com (www.tunnelpoemer.com)|2404:6800:400b:c005::79|:443 に接続しています... 接続しました。
HTTP による接続要求を送信しました、応答を待っています... 200 OK
長さ: 特定できません [text/html]
‘www.tunnelpoemer.com/2021/02/blog-post_13.html’ に保存中

     0K .......... .......... .......... .......... .......... 1.16M
    50K ...                                                    27.1M=0.04s

2026-09-16 09:33:47 (1.25 MB/s) - ‘www.tunnelpoemer.com/2021/02/blog-post_13.html’ へ保存終了 [55092]

--2026-09-16 09:33:48--  https://blogger.googleusercontent.com/img/b/R29vZ2xl/AVvXsEhK9EkGzE6b6lwA_N8aSxdtw-OpOBTsY8-lRR4L0ig3VVl60VSfhpAr_4KK7KwPZDKzX4Aivt3JbogF1quE4Ol6qaDZa44UdgAesZXG75wsJVyUoEgTm0wvrgMsBait2j0LFayH_qk8QyE/s320/BB4DCEE9-2AD1-4A84-AEF8-EDCE36120427.jpeg
blogger.googleusercontent.com (blogger.googleusercontent.com)|2404:6800:400b:c005::84|:443 に接続しています... 接続しました。
HTTP による接続要求を送信しました、応答を待っています... 200 OK
長さ: 17045 (17K) [image/jpeg]
‘blogger.googleusercontent.com/img/b/R29vZ2xl/AVvXsEhK9EkGzE6b6lwA_N8aSxdtw-OpOBTsY8-lRR4L0ig3VVl60VSfhpAr_4KK7KwPZDKzX4Aivt3JbogF1quE4Ol6qaDZa44UdgAesZXG75wsJVyUoEgTm0wvrgMsBait2j0LFayH_qk8QyE/s320/BB4DCEE9-2AD1-4A84-AEF8-EDCE36120427.jpeg’ に保存中

     0K .......... ......                                     100% 3.58M=0.005s

2026-09-16 09:33:50 (3.58 MB/s) - ‘blogger.googleusercontent.com/img/b/R29vZ2xl/AVvXsEhK9EkGzE6b6lwA_N8aSxdtw-OpOBTsY8-lRR4L0ig3VVl60VSfhpAr_4KK7KwPZDKzX4Aivt3JbogF1quE4Ol6qaDZa44UdgAesZXG75wsJVyUoEgTm0wvrgMsBait2j0LFayH_qk8QyE/s320/BB4DCEE9-2AD1-4A84-AEF8-EDCE36120427.jpeg’ へ保存完了 [17045/17045]

--2026-09-16 09:33:51--  https://www.tunnelpoemer.com/2021/02/blog-post_14.html
www.tunnelpoemer.com (www.tunnelpoemer.com)|2404:6800:400b:c005::79|:443 に接続しています... 接続しました。
HTTP による接続要求を送信しました、応答を待っています... 200 OK
長さ: 特定できません [text/html]
‘www.tunnelpoemer.com/2021/02/blog-post_14.html’ に保存中

     0K .......... .......... .......... .......... .......... 2.85M
    50K ....                                                   4.42M=0.02s

2026-09-16 09:33:53 (2.93 MB/s) - ‘www.tunnelpoemer.com/2021/02/blog-post_14.html’ へ保存終了 [55359]

--2026-09-16 09:33:54--  https://blogger.googleusercontent.com/img/b/R29vZ2xl/AVvXsEi_VMuQdTvr3m2DRkdI8cbD6kh3wosl7GZ0SFnIPxBauQRvQ6qrG-f2cGD02tVkbLRXGX0uFgrBNuNAZSq-E0LRxyaUrtW5DvbBbM7o1m_6B9E7-FnmLBzaGoNp1HiFer4HEuxig-KvwDk/s320/2ECD0899-6CD3-47A6-AFC3-4ADAD9DBEBB9.jpeg
blogger.googleusercontent.com (blogger.googleusercontent.com)|2404:6800:400b:c005::84|:443 に接続しています... 接続しました。
HTTP による接続要求を送信しました、応答を待っています... 200 OK
長さ: 29419 (29K) [image/jpeg]
‘blogger.googleusercontent.com/img/b/R29vZ2xl/AVvXsEi_VMuQdTvr3m2DRkdI8cbD6kh3wosl7GZ0SFnIPxBauQRvQ6qrG-f2cGD02tVkbLRXGX0uFgrBNuNAZSq-E0LRxyaUrtW5DvbBbM7o1m_6B9E7-FnmLBzaGoNp1HiFer4HEuxig-KvwDk/s320/2ECD0899-6CD3-47A6-AFC3-4ADAD9DBEBB9.jpeg’ に保存中

     0K .......... .......... ........                        100% 4.24M=0.007s

2026-09-16 09:33:56 (4.24 MB/s) - ‘blogger.googleusercontent.com/img/b/R29vZ2xl/AVvXsEi_VMuQdTvr3m2DRkdI8cbD6kh3wosl7GZ0SFnIPxBauQRvQ6qrG-f2cGD02tVkbLRXGX0uFgrBNuNAZSq-E0LRxyaUrtW5DvbBbM7o1m_6B9E7-FnmLBzaGoNp1HiFer4HEuxig-KvwDk/s320/2ECD0899-6CD3-47A6-AFC3-4ADAD9DBEBB9.jpeg’ へ保存完了 [29419/29419]

--2026-09-16 09:33:57--  https://www.tunnelpoemer.com/2021/02/blog-post_17.html
www.tunnelpoemer.com (www.tunnelpoemer.com)|2404:6800:400b:c005::79|:443 に接続しています... 接続しました。
HTTP による接続要求を送信しました、応答を待っています... 200 OK
長さ: 特定できません [text/html]
‘www.tunnelpoemer.com/2021/02/blog-post_17.html’ に保存中

     0K .......... .......... .......... .......... .......... 3.36M
    50K ...                                                    3.76M=0.02s

2026-09-16 09:33:57 (3.39 MB/s) - ‘www.tunnelpoemer.com/2021/02/blog-post_17.html’ へ保存終了 [55042]

--2026-09-16 09:33:58--  https://blogger.googleusercontent.com/img/b/R29vZ2xl/AVvXsEjPU7L6kxVWt8CedfDlzoYeP8BVDfrwGB6VRKULYKtHI1tZgst6tH4KEIDizQ5Hml-yRVaf4U3CPGca3GDO3wv-q_mv7w6ps8QBF0RbQNTI9rNBPdz66FVg-EJNp3t-9HTHKWAkq26DB1s/s320/0CBB9895-F1E3-414D-98F2-31D8780C287B.jpeg
blogger.googleusercontent.com (blogger.googleusercontent.com)|2404:6800:400b:c005::84|:443 に接続しています... 接続しました。
HTTP による接続要求を送信しました、応答を待っています... 200 OK
長さ: 15314 (15K) [image/jpeg]
‘blogger.googleusercontent.com/img/b/R29vZ2xl/AVvXsEjPU7L6kxVWt8CedfDlzoYeP8BVDfrwGB6VRKULYKtHI1tZgst6tH4KEIDizQ5Hml-yRVaf4U3CPGca3GDO3wv-q_mv7w6ps8QBF0RbQNTI9rNBPdz66FVg-EJNp3t-9HTHKWAkq26DB1s/s320/0CBB9895-F1E3-414D-98F2-31D8780C287B.jpeg’ に保存中

     0K .......... ....                                       100% 15.1M=0.001s

2026-09-16 09:34:00 (15.1 MB/s) - ‘blogger.googleusercontent.com/img/b/R29vZ2xl/AVvXsEjPU7L6kxVWt8CedfDlzoYeP8BVDfrwGB6VRKULYKtHI1tZgst6tH4KEIDizQ5Hml-yRVaf4U3CPGca3GDO3wv-q_mv7w6ps8QBF0RbQNTI9rNBPdz66FVg-EJNp3t-9HTHKWAkq26DB1s/s320/0CBB9895-F1E3-414D-98F2-31D8780C287B.jpeg’ へ保存完了 [15314/15314]

--2026-09-16 09:34:01--  https://www.tunnelpoemer.com/2021/02/blog-post_23.html
www.tunnelpoemer.com (www.tunnelpoemer.com)|2404:6800:400b:c005::79|:443 に接続しています... 接続しました。
HTTP による接続要求を送信しました、応答を待っています... 200 OK
長さ: 特定できません [text/html]
‘www.tunnelpoemer.com/2021/02/blog-post_23.html’ に保存中

     0K .......... .......... .......... .......... .......... 3.01M
    50K ...                                                    3.85M=0.02s

2026-09-16 09:34:02 (3.06 MB/s) - ‘www.tunnelpoemer.com/2021/02/blog-post_23.html’ へ保存終了 [55072]

--2026-09-16 09:34:03--  https://blogger.googleusercontent.com/img/b/R29vZ2xl/AVvXsEinSAsW7hOxgijLnzKc1hVwrn89AGGscla1R01TLtYEm50mpr2RTqz9J9mrHT7AefWWEegh-EfsEiJvpJnSGc4qY5JWK6UR97UarluegcGarm7WvVrrfISnJx77STxdHd3i6qDAcAN-QsE/s320/9CCDD190-3F96-4970-82D7-337BFBB4F55B.jpeg
blogger.googleusercontent.com (blogger.googleusercontent.com)|2404:6800:400b:c005::84|:443 に接続しています... 接続しました。
HTTP による接続要求を送信しました、応答を待っています... 200 OK
長さ: 18437 (18K) [image/jpeg]
‘blogger.googleusercontent.com/img/b/R29vZ2xl/AVvXsEinSAsW7hOxgijLnzKc1hVwrn89AGGscla1R01TLtYEm50mpr2RTqz9J9mrHT7AefWWEegh-EfsEiJvpJnSGc4qY5JWK6UR97UarluegcGarm7WvVrrfISnJx77STxdHd3i6qDAcAN-QsE/s320/9CCDD190-3F96-4970-82D7-337BFBB4F55B.jpeg’ に保存中

     0K .......... ........                                   100% 6.23M=0.003s

2026-09-16 09:34:04 (6.23 MB/s) - ‘blogger.googleusercontent.com/img/b/R29vZ2xl/AVvXsEinSAsW7hOxgijLnzKc1hVwrn89AGGscla1R01TLtYEm50mpr2RTqz9J9mrHT7AefWWEegh-EfsEiJvpJnSGc4qY5JWK6UR97UarluegcGarm7WvVrrfISnJx77STxdHd3i6qDAcAN-QsE/s320/9CCDD190-3F96-4970-82D7-337BFBB4F55B.jpeg’ へ保存完了 [18437/18437]

--2026-09-16 09:34:05--  https://www.tunnelpoemer.com/2021/02/blog-post_25.html
www.tunnelpoemer.com (www.tunnelpoemer.com)|2404:6800:400b:c005::79|:443 に接続しています... 接続しました。
HTTP による接続要求を送信しました、応答を待っています... 200 OK
長さ: 特定できません [text/html]
‘www.tunnelpoemer.com/2021/02/blog-post_25.html’ に保存中

     0K .......... .......... .......... .......... .......... 2.27M
    50K ...                                                    23.7M=0.02s

2026-09-16 09:34:05 (2.43 MB/s) - ‘www.tunnelpoemer.com/2021/02/blog-post_25.html’ へ保存終了 [55047]

--2026-09-16 09:34:07--  https://blogger.googleusercontent.com/img/b/R29vZ2xl/AVvXsEjU1jXZNyycCBt6jz4AdIoPKCb9jc-6SS-HaxetYtqYRDbsDeJKmSAb8F1ldtJIZ6mHP6o8USSr8mWyEWsp90lXtHpa8H_faNvuLrjPQOI5t1EiPR2BUjyHZhcOpIHnvRc7tvqPr9uvrl8/s320/D8D81E4F-C3FE-4377-AF47-792E45BEE64C.jpeg
blogger.googleusercontent.com (blogger.googleusercontent.com)|2404:6800:400b:c005::84|:443 に接続しています... 接続しました。
HTTP による接続要求を送信しました、応答を待っています... 200 OK
長さ: 31788 (31K) [image/jpeg]
‘blogger.googleusercontent.com/img/b/R29vZ2xl/AVvXsEjU1jXZNyycCBt6jz4AdIoPKCb9jc-6SS-HaxetYtqYRDbsDeJKmSAb8F1ldtJIZ6mHP6o8USSr8mWyEWsp90lXtHpa8H_faNvuLrjPQOI5t1EiPR2BUjyHZhcOpIHnvRc7tvqPr9uvrl8/s320/D8D81E4F-C3FE-4377-AF47-792E45BEE64C.jpeg’ に保存中

     0K .......... .......... .......... .                    100% 2.61M=0.01s

2026-09-16 09:34:09 (2.61 MB/s) - ‘blogger.googleusercontent.com/img/b/R29vZ2xl/AVvXsEjU1jXZNyycCBt6jz4AdIoPKCb9jc-6SS-HaxetYtqYRDbsDeJKmSAb8F1ldtJIZ6mHP6o8USSr8mWyEWsp90lXtHpa8H_faNvuLrjPQOI5t1EiPR2BUjyHZhcOpIHnvRc7tvqPr9uvrl8/s320/D8D81E4F-C3FE-4377-AF47-792E45BEE64C.jpeg’ へ保存完了 [31788/31788]

--2026-09-16 09:34:10--  https://www.tunnelpoemer.com/2021/02/blog-post_26.html
www.tunnelpoemer.com (www.tunnelpoemer.com)|2404:6800:400b:c005::79|:443 に接続しています... 接続しました。
HTTP による接続要求を送信しました、応答を待っています... 200 OK
長さ: 特定できません [text/html]
‘www.tunnelpoemer.com/2021/02/blog-post_26.html’ に保存中

     0K .......... .......... .......... .......... .......... 1.74M
    50K ...                                                    4.97M=0.03s

2026-09-16 09:34:11 (1.82 MB/s) - ‘www.tunnelpoemer.com/2021/02/blog-post_26.html’ へ保存終了 [55295]

--2026-09-16 09:34:12--  https://blogger.googleusercontent.com/img/b/R29vZ2xl/AVvXsEjWw7RfF4CPwhjItT6-U0JYmsQKNa0B692pCfhy1URZ6GDLhvCHCbOB3hF-NA2YnnClNZL654qoUefddvdp_IQblx3e5_gK07CvXHV8NcwAAoeEUZEwvzQdPuZGIvc5FARz8Ec_xFAe5W8/s320/88B7CAC2-9791-4EDC-A78E-A0EDA45D0393.jpeg
blogger.googleusercontent.com (blogger.googleusercontent.com)|2404:6800:400b:c005::84|:443 に接続しています... 接続しました。
HTTP による接続要求を送信しました、応答を待っています... 200 OK
長さ: 19515 (19K) [image/jpeg]
‘blogger.googleusercontent.com/img/b/R29vZ2xl/AVvXsEjWw7RfF4CPwhjItT6-U0JYmsQKNa0B692pCfhy1URZ6GDLhvCHCbOB3hF-NA2YnnClNZL654qoUefddvdp_IQblx3e5_gK07CvXHV8NcwAAoeEUZEwvzQdPuZGIvc5FARz8Ec_xFAe5W8/s320/88B7CAC2-9791-4EDC-A78E-A0EDA45D0393.jpeg’ に保存中

     0K .......... .........                                  100% 16.2M=0.001s

2026-09-16 09:34:13 (16.2 MB/s) - ‘blogger.googleusercontent.com/img/b/R29vZ2xl/AVvXsEjWw7RfF4CPwhjItT6-U0JYmsQKNa0B692pCfhy1URZ6GDLhvCHCbOB3hF-NA2YnnClNZL654qoUefddvdp_IQblx3e5_gK07CvXHV8NcwAAoeEUZEwvzQdPuZGIvc5FARz8Ec_xFAe5W8/s320/88B7CAC2-9791-4EDC-A78E-A0EDA45D0393.jpeg’ へ保存完了 [19515/19515]

--2026-09-16 09:34:14--  https://www.tunnelpoemer.com/2021/02/blog-post_36.html
www.tunnelpoemer.com (www.tunnelpoemer.com)|2404:6800:400b:c005::79|:443 に接続しています... 接続しました。
HTTP による接続要求を送信しました、応答を待っています... 200 OK
長さ: 特定できません [text/html]
‘www.tunnelpoemer.com/2021/02/blog-post_36.html’ に保存中

     0K .......... .......... .......... .......... .......... 1.34M
    50K ...                                                    19.2M=0.04s

2026-09-16 09:34:15 (1.43 MB/s) - ‘www.tunnelpoemer.com/2021/02/blog-post_36.html’ へ保存終了 [55008]

--2026-09-16 09:34:16--  https://blogger.googleusercontent.com/img/b/R29vZ2xl/AVvXsEicxhUeldrTWDMCY1jnhVzrb1QvFPGfHIBN2cb6EQhdMrarKoKFnsVWeNQ9chFYqRekasM6hTpzzcyLnOaVhZ1DQr15XqQZDbp0sEeZaDEgEEN9ZI45PGsRfl-g94ULcWAHnu0Du9wxIUQ/s320/9C7AE0C9-AA0A-40E2-AA0D-8B1E89B2B315.jpeg
blogger.googleusercontent.com (blogger.googleusercontent.com)|2404:6800:400b:c005::84|:443 に接続しています... 接続しました。
HTTP による接続要求を送信しました、応答を待っています... 200 OK
長さ: 19512 (19K) [image/jpeg]
‘blogger.googleusercontent.com/img/b/R29vZ2xl/AVvXsEicxhUeldrTWDMCY1jnhVzrb1QvFPGfHIBN2cb6EQhdMrarKoKFnsVWeNQ9chFYqRekasM6hTpzzcyLnOaVhZ1DQr15XqQZDbp0sEeZaDEgEEN9ZI45PGsRfl-g94ULcWAHnu0Du9wxIUQ/s320/9C7AE0C9-AA0A-40E2-AA0D-8B1E89B2B315.jpeg’ に保存中

     0K .......... .........                                  100% 13.7M=0.001s

2026-09-16 09:34:17 (13.7 MB/s) - ‘blogger.googleusercontent.com/img/b/R29vZ2xl/AVvXsEicxhUeldrTWDMCY1jnhVzrb1QvFPGfHIBN2cb6EQhdMrarKoKFnsVWeNQ9chFYqRekasM6hTpzzcyLnOaVhZ1DQr15XqQZDbp0sEeZaDEgEEN9ZI45PGsRfl-g94ULcWAHnu0Du9wxIUQ/s320/9C7AE0C9-AA0A-40E2-AA0D-8B1E89B2B315.jpeg’ へ保存完了 [19512/19512]

--2026-09-16 09:34:18--  https://www.tunnelpoemer.com/2021/02/blog-post_9.html
www.tunnelpoemer.com (www.tunnelpoemer.com)|2404:6800:400b:c005::79|:443 に接続しています... 接続しました。
HTTP による接続要求を送信しました、応答を待っています... 200 OK
長さ: 特定できません [text/html]
‘www.tunnelpoemer.com/2021/02/blog-post_9.html’ に保存中

     0K .......... .......... .......... .......... .......... 1.94M
    50K ...                                                    18.3M=0.03s

2026-09-16 09:34:20 (2.07 MB/s) - ‘www.tunnelpoemer.com/2021/02/blog-post_9.html’ へ保存終了 [55105]

--2026-09-16 09:34:21--  https://blogger.googleusercontent.com/img/b/R29vZ2xl/AVvXsEgh89luvBbdrboM9z1Wguu2xmeuOTG8r575gqWIHvKJNX3gx1dAUUKDuMT_eI4BBuKbwgzgynhqUl_j5PA3u_zcQoyaSRAfv5sX2ANMY7k8857zPiaNqh3oB6GzoGwOuchtSbJ_5iUx6DI/s320/FF70247B-F87D-452C-890F-5F5416160119.jpeg
blogger.googleusercontent.com (blogger.googleusercontent.com)|2404:6800:400b:c005::84|:443 に接続しています... 接続しました。
HTTP による接続要求を送信しました、応答を待っています... 200 OK
長さ: 25283 (25K) [image/jpeg]
‘blogger.googleusercontent.com/img/b/R29vZ2xl/AVvXsEgh89luvBbdrboM9z1Wguu2xmeuOTG8r575gqWIHvKJNX3gx1dAUUKDuMT_eI4BBuKbwgzgynhqUl_j5PA3u_zcQoyaSRAfv5sX2ANMY7k8857zPiaNqh3oB6GzoGwOuchtSbJ_5iUx6DI/s320/FF70247B-F87D-452C-890F-5F5416160119.jpeg’ に保存中

     0K .......... .......... ....                            100% 2.67M=0.009s

2026-09-16 09:34:23 (2.67 MB/s) - ‘blogger.googleusercontent.com/img/b/R29vZ2xl/AVvXsEgh89luvBbdrboM9z1Wguu2xmeuOTG8r575gqWIHvKJNX3gx1dAUUKDuMT_eI4BBuKbwgzgynhqUl_j5PA3u_zcQoyaSRAfv5sX2ANMY7k8857zPiaNqh3oB6GzoGwOuchtSbJ_5iUx6DI/s320/FF70247B-F87D-452C-890F-5F5416160119.jpeg’ へ保存完了 [25283/25283]

--2026-09-16 09:34:24--  https://www.tunnelpoemer.com/2021/02/blog-post.html
www.tunnelpoemer.com (www.tunnelpoemer.com)|2404:6800:400b:c005::79|:443 に接続しています... 接続しました。
HTTP による接続要求を送信しました、応答を待っています... 200 OK
長さ: 特定できません [text/html]
‘www.tunnelpoemer.com/2021/02/blog-post.html’ に保存中

     0K .......... .......... .......... .......... .......... 2.41M
    50K ...                                                    3.05M=0.02s

2026-09-16 09:34:25 (2.44 MB/s) - ‘www.tunnelpoemer.com/2021/02/blog-post.html’ へ保存終了 [54950]

--2026-09-16 09:34:26--  https://blogger.googleusercontent.com/img/b/R29vZ2xl/AVvXsEjsPRcPMv3Dr1L2jhN2Rs7WUCkgDQXd7E2u-kcmCP4LUOgjfJEHVaGF4HoudjYvNRIh136ozPkELRRpLBD2XaPnZAQfnVpGzx-MA4dgr0_Lv3UuHqU8ESjzXBwdT9BrOQqph_NJ984QEQQ/s320/0EF01ED8-D966-48D6-B452-8A219E95FE4F.jpeg
blogger.googleusercontent.com (blogger.googleusercontent.com)|2404:6800:400b:c005::84|:443 に接続しています... 接続しました。
HTTP による接続要求を送信しました、応答を待っています... 200 OK
長さ: 24217 (24K) [image/jpeg]
‘blogger.googleusercontent.com/img/b/R29vZ2xl/AVvXsEjsPRcPMv3Dr1L2jhN2Rs7WUCkgDQXd7E2u-kcmCP4LUOgjfJEHVaGF4HoudjYvNRIh136ozPkELRRpLBD2XaPnZAQfnVpGzx-MA4dgr0_Lv3UuHqU8ESjzXBwdT9BrOQqph_NJ984QEQQ/s320/0EF01ED8-D966-48D6-B452-8A219E95FE4F.jpeg’ に保存中

     0K .......... .......... ...                             100% 3.82M=0.006s

2026-09-16 09:34:28 (3.82 MB/s) - ‘blogger.googleusercontent.com/img/b/R29vZ2xl/AVvXsEjsPRcPMv3Dr1L2jhN2Rs7WUCkgDQXd7E2u-kcmCP4LUOgjfJEHVaGF4HoudjYvNRIh136ozPkELRRpLBD2XaPnZAQfnVpGzx-MA4dgr0_Lv3UuHqU8ESjzXBwdT9BrOQqph_NJ984QEQQ/s320/0EF01ED8-D966-48D6-B452-8A219E95FE4F.jpeg’ へ保存完了 [24217/24217]

--2026-09-16 09:34:29--  https://www.tunnelpoemer.com/2021/03/blog-post_10.html
www.tunnelpoemer.com (www.tunnelpoemer.com)|2404:6800:400b:c005::79|:443 に接続しています... 接続しました。
HTTP による接続要求を送信しました、応答を待っています... 200 OK
長さ: 特定できません [text/html]
‘www.tunnelpoemer.com/2021/03/blog-post_10.html’ に保存中

     0K .......... .......... .......... .......... .......... 3.01M
    50K .....                                                  19.4M=0.02s

2026-09-16 09:34:29 (3.27 MB/s) - ‘www.tunnelpoemer.com/2021/03/blog-post_10.html’ へ保存終了 [56513]

--2026-09-16 09:34:30--  https://blogger.googleusercontent.com/img/b/R29vZ2xl/AVvXsEhc67gURpupOu3cCc_tkxwaRYTFFvaF5io4EKZmnCZufbenjudSIzzuhov0VeKhFnJnN5Dyh6OLpdJVB5985Xw2mbIjbF_GaLjF1g9RoRsGYaa-oM_8Vuc_E2H4NUJgZen9x54Ow0vG-Kw/s320/79F4496E-D1DD-4904-BDE4-A903D2868DBD.jpeg
blogger.googleusercontent.com (blogger.googleusercontent.com)|2404:6800:400b:c005::84|:443 に接続しています... 接続しました。
HTTP による接続要求を送信しました、応答を待っています... 200 OK
長さ: 32735 (32K) [image/jpeg]
‘blogger.googleusercontent.com/img/b/R29vZ2xl/AVvXsEhc67gURpupOu3cCc_tkxwaRYTFFvaF5io4EKZmnCZufbenjudSIzzuhov0VeKhFnJnN5Dyh6OLpdJVB5985Xw2mbIjbF_GaLjF1g9RoRsGYaa-oM_8Vuc_E2H4NUJgZen9x54Ow0vG-Kw/s320/79F4496E-D1DD-4904-BDE4-A903D2868DBD.jpeg’ に保存中

     0K .......... .......... .......... .                    100% 2.70M=0.01s

2026-09-16 09:34:32 (2.70 MB/s) - ‘blogger.googleusercontent.com/img/b/R29vZ2xl/AVvXsEhc67gURpupOu3cCc_tkxwaRYTFFvaF5io4EKZmnCZufbenjudSIzzuhov0VeKhFnJnN5Dyh6OLpdJVB5985Xw2mbIjbF_GaLjF1g9RoRsGYaa-oM_8Vuc_E2H4NUJgZen9x54Ow0vG-Kw/s320/79F4496E-D1DD-4904-BDE4-A903D2868DBD.jpeg’ へ保存完了 [32735/32735]

--2026-09-16 09:34:33--  https://www.tunnelpoemer.com/2021/03/blog-post_11.html
www.tunnelpoemer.com (www.tunnelpoemer.com)|2404:6800:400b:c005::79|:443 に接続しています... 接続しました。
HTTP による接続要求を送信しました、応答を待っています... 200 OK
長さ: 特定できません [text/html]
‘www.tunnelpoemer.com/2021/03/blog-post_11.html’ に保存中

     0K .......... .......... .......... .......... .......... 2.61M
    50K ....                                                   2.39M=0.02s

2026-09-16 09:34:34 (2.59 MB/s) - ‘www.tunnelpoemer.com/2021/03/blog-post_11.html’ へ保存終了 [56129]

--2026-09-16 09:34:35--  https://blogger.googleusercontent.com/img/b/R29vZ2xl/AVvXsEjiJv5D0RzxHwM4ttUeXTdxUtDd3zSZA8r1Yyp1i25XH_Wem9IR3Fp6jJB1nf1zlYf8ceCOfRAkOD3fUrkGVawunHgLsFwBNU3kpX_HF4wOWl_y5qGxAdryYnt2cKfgLb2dEXMirfiX7P8/s320/5767BDD8-5597-4766-B1DF-75FF5E1E52D4.jpeg
blogger.googleusercontent.com (blogger.googleusercontent.com)|2404:6800:400b:c005::84|:443 に接続しています... 接続しました。
HTTP による接続要求を送信しました、応答を待っています... 200 OK
長さ: 28554 (28K) [image/jpeg]
‘blogger.googleusercontent.com/img/b/R29vZ2xl/AVvXsEjiJv5D0RzxHwM4ttUeXTdxUtDd3zSZA8r1Yyp1i25XH_Wem9IR3Fp6jJB1nf1zlYf8ceCOfRAkOD3fUrkGVawunHgLsFwBNU3kpX_HF4wOWl_y5qGxAdryYnt2cKfgLb2dEXMirfiX7P8/s320/5767BDD8-5597-4766-B1DF-75FF5E1E52D4.jpeg’ に保存中

     0K .......... .......... .......                         100% 2.69M=0.01s

2026-09-16 09:34:37 (2.69 MB/s) - ‘blogger.googleusercontent.com/img/b/R29vZ2xl/AVvXsEjiJv5D0RzxHwM4ttUeXTdxUtDd3zSZA8r1Yyp1i25XH_Wem9IR3Fp6jJB1nf1zlYf8ceCOfRAkOD3fUrkGVawunHgLsFwBNU3kpX_HF4wOWl_y5qGxAdryYnt2cKfgLb2dEXMirfiX7P8/s320/5767BDD8-5597-4766-B1DF-75FF5E1E52D4.jpeg’ へ保存完了 [28554/28554]

--2026-09-16 09:34:38--  https://www.tunnelpoemer.com/2021/03/blog-post_12.html
www.tunnelpoemer.com (www.tunnelpoemer.com)|2404:6800:400b:c005::79|:443 に接続しています... 接続しました。
HTTP による接続要求を送信しました、応答を待っています... 200 OK
長さ: 特定できません [text/html]
‘www.tunnelpoemer.com/2021/03/blog-post_12.html’ に保存中

     0K .......... .......... .......... .......... .......... 2.49M
    50K ....                                                   22.7M=0.02s

2026-09-16 09:34:39 (2.69 MB/s) - ‘www.tunnelpoemer.com/2021/03/blog-post_12.html’ へ保存終了 [56049]

--2026-09-16 09:34:40--  https://blogger.googleusercontent.com/img/b/R29vZ2xl/AVvXsEjxpdaT8swV9lUr4Y7cqMjyq2RFqGHB-LubkaOhAMQoU7hj5KhwbGgEeYyZ0z-sqvRjHB_diV6VEpw3OviIMCUfg0MjJVvV-Pc13JwpPT6gLsdeeoU7ztWhA-g_Cy9R1B_-9gSIECnim9U/s320/C0FDC8AC-F81E-4507-A27F-E88A5C5E72D6.jpeg
blogger.googleusercontent.com (blogger.googleusercontent.com)|2404:6800:400b:c005::84|:443 に接続しています... 接続しました。
HTTP による接続要求を送信しました、応答を待っています... 200 OK
長さ: 18122 (18K) [image/jpeg]
‘blogger.googleusercontent.com/img/b/R29vZ2xl/AVvXsEjxpdaT8swV9lUr4Y7cqMjyq2RFqGHB-LubkaOhAMQoU7hj5KhwbGgEeYyZ0z-sqvRjHB_diV6VEpw3OviIMCUfg0MjJVvV-Pc13JwpPT6gLsdeeoU7ztWhA-g_Cy9R1B_-9gSIECnim9U/s320/C0FDC8AC-F81E-4507-A27F-E88A5C5E72D6.jpeg’ に保存中

     0K .......... .......                                    100% 7.08M=0.002s

2026-09-16 09:34:42 (7.08 MB/s) - ‘blogger.googleusercontent.com/img/b/R29vZ2xl/AVvXsEjxpdaT8swV9lUr4Y7cqMjyq2RFqGHB-LubkaOhAMQoU7hj5KhwbGgEeYyZ0z-sqvRjHB_diV6VEpw3OviIMCUfg0MjJVvV-Pc13JwpPT6gLsdeeoU7ztWhA-g_Cy9R1B_-9gSIECnim9U/s320/C0FDC8AC-F81E-4507-A27F-E88A5C5E72D6.jpeg’ へ保存完了 [18122/18122]

--2026-09-16 09:34:43--  https://www.tunnelpoemer.com/2021/03/blog-post_13.html
www.tunnelpoemer.com (www.tunnelpoemer.com)|2404:6800:400b:c005::79|:443 に接続しています... 接続しました。
HTTP による接続要求を送信しました、応答を待っています... 200 OK
長さ: 特定できません [text/html]
‘www.tunnelpoemer.com/2021/03/blog-post_13.html’ に保存中

     0K .......... .......... .......... .......... .......... 1.98M
    50K .....                                                  5.02M=0.03s

2026-09-16 09:34:44 (2.09 MB/s) - ‘www.tunnelpoemer.com/2021/03/blog-post_13.html’ へ保存終了 [56383]

--2026-09-16 09:34:45--  https://blogger.googleusercontent.com/img/b/R29vZ2xl/AVvXsEgPRez3QX3zcRbO-IS8-fRVXu3d5hwr0MgS3pindm8Q00QVTSPQ4w5cKBeYMyi9cvgBqo3jMx3qudCCoWwnfu7bW2natsCcvOF1yHHL2RiMBraWovyKeaVgskfA1ZNUvr6YyOGkln-RMgE/s320/C5BF0846-B72F-46A7-9F1E-458F8A78011B.jpeg
blogger.googleusercontent.com (blogger.googleusercontent.com)|2404:6800:400b:c005::84|:443 に接続しています... 接続しました。
HTTP による接続要求を送信しました、応答を待っています... 200 OK
長さ: 36330 (35K) [image/jpeg]
‘blogger.googleusercontent.com/img/b/R29vZ2xl/AVvXsEgPRez3QX3zcRbO-IS8-fRVXu3d5hwr0MgS3pindm8Q00QVTSPQ4w5cKBeYMyi9cvgBqo3jMx3qudCCoWwnfu7bW2natsCcvOF1yHHL2RiMBraWovyKeaVgskfA1ZNUvr6YyOGkln-RMgE/s320/C5BF0846-B72F-46A7-9F1E-458F8A78011B.jpeg’ に保存中

     0K .......... .......... .......... .....                100% 3.58M=0.01s

2026-09-16 09:34:47 (3.58 MB/s) - ‘blogger.googleusercontent.com/img/b/R29vZ2xl/AVvXsEgPRez3QX3zcRbO-IS8-fRVXu3d5hwr0MgS3pindm8Q00QVTSPQ4w5cKBeYMyi9cvgBqo3jMx3qudCCoWwnfu7bW2natsCcvOF1yHHL2RiMBraWovyKeaVgskfA1ZNUvr6YyOGkln-RMgE/s320/C5BF0846-B72F-46A7-9F1E-458F8A78011B.jpeg’ へ保存完了 [36330/36330]

--2026-09-16 09:34:48--  https://www.tunnelpoemer.com/2021/03/blog-post_14.html
www.tunnelpoemer.com (www.tunnelpoemer.com)|2404:6800:400b:c005::79|:443 に接続しています... 接続しました。
HTTP による接続要求を送信しました、応答を待っています... 200 OK
長さ: 特定できません [text/html]
‘www.tunnelpoemer.com/2021/03/blog-post_14.html’ に保存中

     0K .......... .......... .......... .......... .......... 2.29M
    50K ....                                                   5.52M=0.02s

2026-09-16 09:34:49 (2.42 MB/s) - ‘www.tunnelpoemer.com/2021/03/blog-post_14.html’ へ保存終了 [56247]

--2026-09-16 09:34:50--  https://blogger.googleusercontent.com/img/b/R29vZ2xl/AVvXsEgdQZK3UTQEKBSM5pxQ9C2LWc6WYlLmEo4LYFDoFCn4EQOMLsFKJLuqkjkxdZ2zLHLuYGXtm98wnhDHlkyrUrMGS2317c0fn6jNRlrw34RczBaPjHiXgS1D4qReiWnsdxg8PSb37pT8bWI/s320/D4735925-34DE-4696-8CF1-DB47E05D64EA.jpeg
blogger.googleusercontent.com (blogger.googleusercontent.com)|2404:6800:400b:c005::84|:443 に接続しています... 接続しました。
HTTP による接続要求を送信しました、応答を待っています... 200 OK
長さ: 37965 (37K) [image/jpeg]
‘blogger.googleusercontent.com/img/b/R29vZ2xl/AVvXsEgdQZK3UTQEKBSM5pxQ9C2LWc6WYlLmEo4LYFDoFCn4EQOMLsFKJLuqkjkxdZ2zLHLuYGXtm98wnhDHlkyrUrMGS2317c0fn6jNRlrw34RczBaPjHiXgS1D4qReiWnsdxg8PSb37pT8bWI/s320/D4735925-34DE-4696-8CF1-DB47E05D64EA.jpeg’ に保存中

     0K .......... .......... .......... .......              100% 4.18M=0.009s

2026-09-16 09:34:51 (4.18 MB/s) - ‘blogger.googleusercontent.com/img/b/R29vZ2xl/AVvXsEgdQZK3UTQEKBSM5pxQ9C2LWc6WYlLmEo4LYFDoFCn4EQOMLsFKJLuqkjkxdZ2zLHLuYGXtm98wnhDHlkyrUrMGS2317c0fn6jNRlrw34RczBaPjHiXgS1D4qReiWnsdxg8PSb37pT8bWI/s320/D4735925-34DE-4696-8CF1-DB47E05D64EA.jpeg’ へ保存完了 [37965/37965]

--2026-09-16 09:34:52--  https://www.tunnelpoemer.com/2021/03/blog-post_15.html
www.tunnelpoemer.com (www.tunnelpoemer.com)|2404:6800:400b:c005::79|:443 に接続しています... 接続しました。
HTTP による接続要求を送信しました、応答を待っています... 200 OK
長さ: 特定できません [text/html]
‘www.tunnelpoemer.com/2021/03/blog-post_15.html’ に保存中

     0K .......... .......... .......... .......... .......... 2.04M
    50K ....                                                   2.33M=0.03s

2026-09-16 09:34:53 (2.06 MB/s) - ‘www.tunnelpoemer.com/2021/03/blog-post_15.html’ へ保存終了 [55955]

--2026-09-16 09:34:54--  https://blogger.googleusercontent.com/img/b/R29vZ2xl/AVvXsEjj3veq0miAEwr8Et0QX0zjYvQhV5g9mKtMGkoNm96Gv3OUV0vSVsFfuvli9Lwf28dMgyMl6eJda7Kqi4x3K05W_7rFfMyBpIM_gYgJf3xBsDXFnXiF45xCErvIgMNIRn4vKaktArEfrLI/s320/8199C8B7-7420-4D0B-8C17-C8B4654EFB19.jpeg
blogger.googleusercontent.com (blogger.googleusercontent.com)|2404:6800:400b:c005::84|:443 に接続しています... 接続しました。
HTTP による接続要求を送信しました、応答を待っています... 200 OK
長さ: 37433 (37K) [image/jpeg]
‘blogger.googleusercontent.com/img/b/R29vZ2xl/AVvXsEjj3veq0miAEwr8Et0QX0zjYvQhV5g9mKtMGkoNm96Gv3OUV0vSVsFfuvli9Lwf28dMgyMl6eJda7Kqi4x3K05W_7rFfMyBpIM_gYgJf3xBsDXFnXiF45xCErvIgMNIRn4vKaktArEfrLI/s320/8199C8B7-7420-4D0B-8C17-C8B4654EFB19.jpeg’ に保存中

     0K .......... .......... .......... ......               100% 3.23M=0.01s

2026-09-16 09:34:58 (3.23 MB/s) - ‘blogger.googleusercontent.com/img/b/R29vZ2xl/AVvXsEjj3veq0miAEwr8Et0QX0zjYvQhV5g9mKtMGkoNm96Gv3OUV0vSVsFfuvli9Lwf28dMgyMl6eJda7Kqi4x3K05W_7rFfMyBpIM_gYgJf3xBsDXFnXiF45xCErvIgMNIRn4vKaktArEfrLI/s320/8199C8B7-7420-4D0B-8C17-C8B4654EFB19.jpeg’ へ保存完了 [37433/37433]

--2026-09-16 09:34:59--  https://www.tunnelpoemer.com/2021/03/blog-post_16.html
www.tunnelpoemer.com (www.tunnelpoemer.com)|2404:6800:400b:c005::79|:443 に接続しています... 接続しました。
HTTP による接続要求を送信しました、応答を待っています... 200 OK
長さ: 特定できません [text/html]
‘www.tunnelpoemer.com/2021/03/blog-post_16.html’ に保存中

     0K .......... .......... .......... .......... ..........  123K
    50K ....                                                    286K=0.4s

2026-09-16 09:35:04 (130 KB/s) - ‘www.tunnelpoemer.com/2021/03/blog-post_16.html’ へ保存終了 [55979]

--2026-09-16 09:35:05--  https://blogger.googleusercontent.com/img/b/R29vZ2xl/AVvXsEiwrXjzpUFptRTdIzgHXkIq7ej_zCsqD6QhGhZ_HMDrl_yCyxeJNBMdHIzhXUhvHaBIESGwAg9CHqHO6JtGqDzxIIA6MgcwjGP7Ho1Q2Gu32VRMPbUMh7NyhNEqkV1xnlSPIosRGrqz-iE/s320/224974D8-71E9-438D-B6A6-E37F18582738.jpeg
blogger.googleusercontent.com (blogger.googleusercontent.com)|2404:6800:400b:c005::84|:443 に接続しています... 接続しました。
HTTP による接続要求を送信しました、応答を待っています... 200 OK
長さ: 28935 (28K) [image/jpeg]
‘blogger.googleusercontent.com/img/b/R29vZ2xl/AVvXsEiwrXjzpUFptRTdIzgHXkIq7ej_zCsqD6QhGhZ_HMDrl_yCyxeJNBMdHIzhXUhvHaBIESGwAg9CHqHO6JtGqDzxIIA6MgcwjGP7Ho1Q2Gu32VRMPbUMh7NyhNEqkV1xnlSPIosRGrqz-iE/s320/224974D8-71E9-438D-B6A6-E37F18582738.jpeg’ に保存中

     0K .......... .......... ........                        100% 3.87M=0.007s

2026-09-16 09:35:06 (3.87 MB/s) - ‘blogger.googleusercontent.com/img/b/R29vZ2xl/AVvXsEiwrXjzpUFptRTdIzgHXkIq7ej_zCsqD6QhGhZ_HMDrl_yCyxeJNBMdHIzhXUhvHaBIESGwAg9CHqHO6JtGqDzxIIA6MgcwjGP7Ho1Q2Gu32VRMPbUMh7NyhNEqkV1xnlSPIosRGrqz-iE/s320/224974D8-71E9-438D-B6A6-E37F18582738.jpeg’ へ保存完了 [28935/28935]

--2026-09-16 09:35:07--  https://www.tunnelpoemer.com/2021/03/blog-post_17.html
www.tunnelpoemer.com (www.tunnelpoemer.com)|2404:6800:400b:c005::79|:443 に接続しています... 接続しました。
HTTP による接続要求を送信しました、応答を待っています... 200 OK
長さ: 特定できません [text/html]
‘www.tunnelpoemer.com/2021/03/blog-post_17.html’ に保存中

     0K .......... .......... .......... .......... .......... 3.10M
    50K ....                                                   1.76M=0.02s

2026-09-16 09:35:08 (2.90 MB/s) - ‘www.tunnelpoemer.com/2021/03/blog-post_17.html’ へ保存終了 [56186]

--2026-09-16 09:35:09--  https://blogger.googleusercontent.com/img/b/R29vZ2xl/AVvXsEj7jdqMl5lRuRduC47We96rbNWDN9hfotokfvw35yEzOmZ4hwpKY_mwapGXKb4WwpFVXN-4wyQD60-NI58JDsFjRsX6v1e7OpPOmSlEMNgZBnCN8fhPALF-ljoMVbBBPAeHDut2J8IziRc/s320/85093B58-B5A4-4034-9C31-3645F8914264.jpeg
blogger.googleusercontent.com (blogger.googleusercontent.com)|2404:6800:400b:c005::84|:443 に接続しています... 接続しました。
HTTP による接続要求を送信しました、応答を待っています... 200 OK
長さ: 20898 (20K) [image/jpeg]
‘blogger.googleusercontent.com/img/b/R29vZ2xl/AVvXsEj7jdqMl5lRuRduC47We96rbNWDN9hfotokfvw35yEzOmZ4hwpKY_mwapGXKb4WwpFVXN-4wyQD60-NI58JDsFjRsX6v1e7OpPOmSlEMNgZBnCN8fhPALF-ljoMVbBBPAeHDut2J8IziRc/s320/85093B58-B5A4-4034-9C31-3645F8914264.jpeg’ に保存中

     0K .......... ..........                                 100% 7.32M=0.003s

2026-09-16 09:35:10 (7.32 MB/s) - ‘blogger.googleusercontent.com/img/b/R29vZ2xl/AVvXsEj7jdqMl5lRuRduC47We96rbNWDN9hfotokfvw35yEzOmZ4hwpKY_mwapGXKb4WwpFVXN-4wyQD60-NI58JDsFjRsX6v1e7OpPOmSlEMNgZBnCN8fhPALF-ljoMVbBBPAeHDut2J8IziRc/s320/85093B58-B5A4-4034-9C31-3645F8914264.jpeg’ へ保存完了 [20898/20898]

--2026-09-16 09:35:11--  https://www.tunnelpoemer.com/2021/03/blog-post_18.html
www.tunnelpoemer.com (www.tunnelpoemer.com)|2404:6800:400b:c005::79|:443 に接続しています... 接続しました。
HTTP による接続要求を送信しました、応答を待っています... 200 OK
長さ: 特定できません [text/html]
‘www.tunnelpoemer.com/2021/03/blog-post_18.html’ に保存中

     0K .......... .......... .......... .......... .......... 2.24M
    50K .....                                                  3.61M=0.02s

2026-09-16 09:35:12 (2.33 MB/s) - ‘www.tunnelpoemer.com/2021/03/blog-post_18.html’ へ保存終了 [56696]

--2026-09-16 09:35:13--  https://blogger.googleusercontent.com/img/b/R29vZ2xl/AVvXsEjPchyphenhyphenzH1lrp48mfLXgMqPbLnAXp8eCdVoupIxxYt6jG3OucWbrhHH-u3255sHyrYftNJs3fBctGTcDTZxJvMGnDTs2y6-Ixm1wXofNahKYawraCwhb_eqp7xEnb97mBb5v6Zs9cj-S5ME/s320/CF0353B0-599E-4546-AD2D-C63026DD1AF5.jpeg
blogger.googleusercontent.com (blogger.googleusercontent.com)|2404:6800:400b:c005::84|:443 に接続しています... 接続しました。
HTTP による接続要求を送信しました、応答を待っています... 200 OK
長さ: 21293 (21K) [image/jpeg]
‘blogger.googleusercontent.com/img/b/R29vZ2xl/AVvXsEjPchyphenhyphenzH1lrp48mfLXgMqPbLnAXp8eCdVoupIxxYt6jG3OucWbrhHH-u3255sHyrYftNJs3fBctGTcDTZxJvMGnDTs2y6-Ixm1wXofNahKYawraCwhb_eqp7xEnb97mBb5v6Zs9cj-S5ME/s320/CF0353B0-599E-4546-AD2D-C63026DD1AF5.jpeg’ に保存中

     0K .......... ..........                                 100% 15.4M=0.001s

2026-09-16 09:35:14 (15.4 MB/s) - ‘blogger.googleusercontent.com/img/b/R29vZ2xl/AVvXsEjPchyphenhyphenzH1lrp48mfLXgMqPbLnAXp8eCdVoupIxxYt6jG3OucWbrhHH-u3255sHyrYftNJs3fBctGTcDTZxJvMGnDTs2y6-Ixm1wXofNahKYawraCwhb_eqp7xEnb97mBb5v6Zs9cj-S5ME/s320/CF0353B0-599E-4546-AD2D-C63026DD1AF5.jpeg’ へ保存完了 [21293/21293]

--2026-09-16 09:35:15--  https://www.tunnelpoemer.com/2021/03/blog-post_19.html
www.tunnelpoemer.com (www.tunnelpoemer.com)|2404:6800:400b:c005::79|:443 に接続しています... 接続しました。
HTTP による接続要求を送信しました、応答を待っています... 200 OK
長さ: 特定できません [text/html]
‘www.tunnelpoemer.com/2021/03/blog-post_19.html’ に保存中

     0K .......... .......... .......... .......... .......... 1.42M
    50K ....                                                   5.77M=0.04s

2026-09-16 09:35:16 (1.52 MB/s) - ‘www.tunnelpoemer.com/2021/03/blog-post_19.html’ へ保存終了 [56075]

--2026-09-16 09:35:17--  https://blogger.googleusercontent.com/img/b/R29vZ2xl/AVvXsEgWGiYUX9d01YpeP3yO4cCllBaxtMktLhn0ajLrVOb6lvaBxRc8hdJTqDyzflQYS00ip00VCfRJBpschVFqcX91jJCNfa3rvVyMuHPrOmv-x7AYbFzDFJXNuNqyPSPTIR0A3weZNC-5-Wk/s320/5564B608-E866-468D-B99F-0E8E7C4D9FF6.jpeg
blogger.googleusercontent.com (blogger.googleusercontent.com)|2404:6800:400b:c005::84|:443 に接続しています... 接続しました。
HTTP による接続要求を送信しました、応答を待っています... 200 OK
長さ: 30539 (30K) [image/jpeg]
‘blogger.googleusercontent.com/img/b/R29vZ2xl/AVvXsEgWGiYUX9d01YpeP3yO4cCllBaxtMktLhn0ajLrVOb6lvaBxRc8hdJTqDyzflQYS00ip00VCfRJBpschVFqcX91jJCNfa3rvVyMuHPrOmv-x7AYbFzDFJXNuNqyPSPTIR0A3weZNC-5-Wk/s320/5564B608-E866-468D-B99F-0E8E7C4D9FF6.jpeg’ に保存中

     0K .......... .......... .........                       100% 2.99M=0.01s

2026-09-16 09:35:18 (2.99 MB/s) - ‘blogger.googleusercontent.com/img/b/R29vZ2xl/AVvXsEgWGiYUX9d01YpeP3yO4cCllBaxtMktLhn0ajLrVOb6lvaBxRc8hdJTqDyzflQYS00ip00VCfRJBpschVFqcX91jJCNfa3rvVyMuHPrOmv-x7AYbFzDFJXNuNqyPSPTIR0A3weZNC-5-Wk/s320/5564B608-E866-468D-B99F-0E8E7C4D9FF6.jpeg’ へ保存完了 [30539/30539]

--2026-09-16 09:35:19--  https://www.tunnelpoemer.com/2021/03/blog-post_20.html
www.tunnelpoemer.com (www.tunnelpoemer.com)|2404:6800:400b:c005::79|:443 に接続しています... 接続しました。
HTTP による接続要求を送信しました、応答を待っています... 200 OK
長さ: 特定できません [text/html]
‘www.tunnelpoemer.com/2021/03/blog-post_20.html’ に保存中

     0K .......... .......... .......... .......... .......... 2.31M
    50K ....                                                   3.65M=0.02s

2026-09-16 09:35:20 (2.39 MB/s) - ‘www.tunnelpoemer.com/2021/03/blog-post_20.html’ へ保存終了 [56059]

--2026-09-16 09:35:21--  https://blogger.googleusercontent.com/img/b/R29vZ2xl/AVvXsEgvppFpjbkmXE0codMQ180hfPqrzWHRyrtgkqZ5wy_ic5dHrm5Pz2G9TGZmdwJe0iphJH5qlMxCNNi7uLN97qPQ6QPqVpGzFN9ewRXO0keNcLTr9BYxubs6c01a9FO01NO3djIjEs9gxj0/s320/22AA2B02-B878-4EC6-84A5-CA8C6988BD82.jpeg
blogger.googleusercontent.com (blogger.googleusercontent.com)|2404:6800:400b:c005::84|:443 に接続しています... 接続しました。
HTTP による接続要求を送信しました、応答を待っています... 200 OK
長さ: 28381 (28K) [image/jpeg]
‘blogger.googleusercontent.com/img/b/R29vZ2xl/AVvXsEgvppFpjbkmXE0codMQ180hfPqrzWHRyrtgkqZ5wy_ic5dHrm5Pz2G9TGZmdwJe0iphJH5qlMxCNNi7uLN97qPQ6QPqVpGzFN9ewRXO0keNcLTr9BYxubs6c01a9FO01NO3djIjEs9gxj0/s320/22AA2B02-B878-4EC6-84A5-CA8C6988BD82.jpeg’ に保存中

     0K .......... .......... .......                         100% 3.23M=0.008s

2026-09-16 09:35:22 (3.23 MB/s) - ‘blogger.googleusercontent.com/img/b/R29vZ2xl/AVvXsEgvppFpjbkmXE0codMQ180hfPqrzWHRyrtgkqZ5wy_ic5dHrm5Pz2G9TGZmdwJe0iphJH5qlMxCNNi7uLN97qPQ6QPqVpGzFN9ewRXO0keNcLTr9BYxubs6c01a9FO01NO3djIjEs9gxj0/s320/22AA2B02-B878-4EC6-84A5-CA8C6988BD82.jpeg’ へ保存完了 [28381/28381]

--2026-09-16 09:35:23--  https://www.tunnelpoemer.com/2021/03/blog-post_21.html
www.tunnelpoemer.com (www.tunnelpoemer.com)|2404:6800:400b:c005::79|:443 に接続しています... 接続しました。
HTTP による接続要求を送信しました、応答を待っています... 200 OK
長さ: 特定できません [text/html]
‘www.tunnelpoemer.com/2021/03/blog-post_21.html’ に保存中

     0K .......... .......... .......... .......... .......... 3.12M
    50K ....                                                   3.60M=0.02s

2026-09-16 09:35:24 (3.16 MB/s) - ‘www.tunnelpoemer.com/2021/03/blog-post_21.html’ へ保存終了 [56046]

--2026-09-16 09:35:25--  https://blogger.googleusercontent.com/img/b/R29vZ2xl/AVvXsEgEKFAulI41RnPSZonNVapIlv6VnG3gJrBm11a5-wmNYqWHrJ2BIEy1z5jsXpq5n-RxWe5QVUrwyS3PjteGztrXM5Cl0Mk_AMFfHzVcQ6wms57bqz9BWeQtFq7ruzWzs1FLMQ5rMVSC28M/s320/1C3D6F58-5022-4CC3-ACD8-E249BCE61938.jpeg
blogger.googleusercontent.com (blogger.googleusercontent.com)|2404:6800:400b:c005::84|:443 に接続しています... 接続しました。
HTTP による接続要求を送信しました、応答を待っています... 200 OK
長さ: 31116 (30K) [image/jpeg]
‘blogger.googleusercontent.com/img/b/R29vZ2xl/AVvXsEgEKFAulI41RnPSZonNVapIlv6VnG3gJrBm11a5-wmNYqWHrJ2BIEy1z5jsXpq5n-RxWe5QVUrwyS3PjteGztrXM5Cl0Mk_AMFfHzVcQ6wms57bqz9BWeQtFq7ruzWzs1FLMQ5rMVSC28M/s320/1C3D6F58-5022-4CC3-ACD8-E249BCE61938.jpeg’ に保存中

     0K .......... .......... ..........                      100% 2.76M=0.01s

2026-09-16 09:35:26 (2.76 MB/s) - ‘blogger.googleusercontent.com/img/b/R29vZ2xl/AVvXsEgEKFAulI41RnPSZonNVapIlv6VnG3gJrBm11a5-wmNYqWHrJ2BIEy1z5jsXpq5n-RxWe5QVUrwyS3PjteGztrXM5Cl0Mk_AMFfHzVcQ6wms57bqz9BWeQtFq7ruzWzs1FLMQ5rMVSC28M/s320/1C3D6F58-5022-4CC3-ACD8-E249BCE61938.jpeg’ へ保存完了 [31116/31116]

--2026-09-16 09:35:27--  https://www.tunnelpoemer.com/2021/03/blog-post_24.html
www.tunnelpoemer.com (www.tunnelpoemer.com)|2404:6800:400b:c005::79|:443 に接続しています... 接続しました。
HTTP による接続要求を送信しました、応答を待っています... 200 OK
長さ: 特定できません [text/html]
‘www.tunnelpoemer.com/2021/03/blog-post_24.html’ に保存中

     0K .......... .......... .......... .......... .......... 2.49M
    50K ....                                                   4.28M=0.02s

2026-09-16 09:35:28 (2.58 MB/s) - ‘www.tunnelpoemer.com/2021/03/blog-post_24.html’ へ保存終了 [56200]

--2026-09-16 09:35:29--  https://blogger.googleusercontent.com/img/b/R29vZ2xl/AVvXsEirARDlMPULza2IsXjN0G_nI_cearmQ-lhPNWAoPBTdc_vdeWs7nXkL0dSGGtTg74n9X_VSEKL2C__NyphPibAuJO-Uq3IQAsDiMfb66-O_Zw-z_U1qW2YliXyMwnNdt8hjPdPhe3TqccU/s320/ABFD5ECE-0483-4136-9978-756B208F5DC1.jpeg
blogger.googleusercontent.com (blogger.googleusercontent.com)|2404:6800:400b:c005::84|:443 に接続しています... 接続しました。
HTTP による接続要求を送信しました、応答を待っています... 200 OK
長さ: 33915 (33K) [image/jpeg]
‘blogger.googleusercontent.com/img/b/R29vZ2xl/AVvXsEirARDlMPULza2IsXjN0G_nI_cearmQ-lhPNWAoPBTdc_vdeWs7nXkL0dSGGtTg74n9X_VSEKL2C__NyphPibAuJO-Uq3IQAsDiMfb66-O_Zw-z_U1qW2YliXyMwnNdt8hjPdPhe3TqccU/s320/ABFD5ECE-0483-4136-9978-756B208F5DC1.jpeg’ に保存中

     0K .......... .......... .......... ...                  100% 3.34M=0.01s

2026-09-16 09:35:30 (3.34 MB/s) - ‘blogger.googleusercontent.com/img/b/R29vZ2xl/AVvXsEirARDlMPULza2IsXjN0G_nI_cearmQ-lhPNWAoPBTdc_vdeWs7nXkL0dSGGtTg74n9X_VSEKL2C__NyphPibAuJO-Uq3IQAsDiMfb66-O_Zw-z_U1qW2YliXyMwnNdt8hjPdPhe3TqccU/s320/ABFD5ECE-0483-4136-9978-756B208F5DC1.jpeg’ へ保存完了 [33915/33915]

--2026-09-16 09:35:31--  https://www.tunnelpoemer.com/2021/03/blog-post_25.html
www.tunnelpoemer.com (www.tunnelpoemer.com)|2404:6800:400b:c005::79|:443 に接続しています... 接続しました。
HTTP による接続要求を送信しました、応答を待っています... 200 OK
長さ: 特定できません [text/html]
‘www.tunnelpoemer.com/2021/03/blog-post_25.html’ に保存中

     0K .......... .......... .......... .......... .......... 1.61M
    50K ....                                                   3.80M=0.03s

2026-09-16 09:35:33 (1.69 MB/s) - ‘www.tunnelpoemer.com/2021/03/blog-post_25.html’ へ保存終了 [56133]

--2026-09-16 09:35:34--  https://blogger.googleusercontent.com/img/b/R29vZ2xl/AVvXsEhzPvi2Bq-6DIMtFQArtwfhklPGYOWdCAtwDhQfmjyET5fw4GhDDua90ZOjNN9w53Om0UaIvNIcStV2CK2iU3weXtUw8nrqIF0wAR7atgZ6vac6Z0UuSNfz7KlmNPBDAjk5MOnwIEPYoxI/s320/59B5AA76-9C94-44D2-9524-46F39C9BBFBC.jpeg
blogger.googleusercontent.com (blogger.googleusercontent.com)|2404:6800:400b:c005::84|:443 に接続しています... 接続しました。
HTTP による接続要求を送信しました、応答を待っています... 200 OK
長さ: 26219 (26K) [image/jpeg]
‘blogger.googleusercontent.com/img/b/R29vZ2xl/AVvXsEhzPvi2Bq-6DIMtFQArtwfhklPGYOWdCAtwDhQfmjyET5fw4GhDDua90ZOjNN9w53Om0UaIvNIcStV2CK2iU3weXtUw8nrqIF0wAR7atgZ6vac6Z0UuSNfz7KlmNPBDAjk5MOnwIEPYoxI/s320/59B5AA76-9C94-44D2-9524-46F39C9BBFBC.jpeg’ に保存中

     0K .......... .......... .....                           100% 3.64M=0.007s

2026-09-16 09:35:36 (3.64 MB/s) - ‘blogger.googleusercontent.com/img/b/R29vZ2xl/AVvXsEhzPvi2Bq-6DIMtFQArtwfhklPGYOWdCAtwDhQfmjyET5fw4GhDDua90ZOjNN9w53Om0UaIvNIcStV2CK2iU3weXtUw8nrqIF0wAR7atgZ6vac6Z0UuSNfz7KlmNPBDAjk5MOnwIEPYoxI/s320/59B5AA76-9C94-44D2-9524-46F39C9BBFBC.jpeg’ へ保存完了 [26219/26219]

--2026-09-16 09:35:37--  https://www.tunnelpoemer.com/2021/03/blog-post_2.html
www.tunnelpoemer.com (www.tunnelpoemer.com)|2404:6800:400b:c005::79|:443 に接続しています... 接続しました。
HTTP による接続要求を送信しました、応答を待っています... 200 OK
長さ: 特定できません [text/html]
‘www.tunnelpoemer.com/2021/03/blog-post_2.html’ に保存中

     0K .......... .......... .......... .......... .......... 3.29M
    50K ....                                                   4.54M=0.02s

2026-09-16 09:35:38 (3.37 MB/s) - ‘www.tunnelpoemer.com/2021/03/blog-post_2.html’ へ保存終了 [56169]

--2026-09-16 09:35:39--  https://blogger.googleusercontent.com/img/b/R29vZ2xl/AVvXsEiz-AvNSSffG9CbDHTa1DifE-OnF2LVi2oQ5RmRX09AyQRd_EUrBMyF8jfjCB3Zb_2Hr66iwh5rbynaE2Xd3ilf_-2BL4gtJKLZYLzCf8wy3n4mJr4Kl7_D4CiOOCULFtadqnBQVv3fK5A/s320/E745FEEE-B6BC-4C91-AB9C-974369C8DB44.jpeg
blogger.googleusercontent.com (blogger.googleusercontent.com)|2404:6800:400b:c005::84|:443 に接続しています... 接続しました。
HTTP による接続要求を送信しました、応答を待っています... 200 OK
長さ: 39273 (38K) [image/jpeg]
‘blogger.googleusercontent.com/img/b/R29vZ2xl/AVvXsEiz-AvNSSffG9CbDHTa1DifE-OnF2LVi2oQ5RmRX09AyQRd_EUrBMyF8jfjCB3Zb_2Hr66iwh5rbynaE2Xd3ilf_-2BL4gtJKLZYLzCf8wy3n4mJr4Kl7_D4CiOOCULFtadqnBQVv3fK5A/s320/E745FEEE-B6BC-4C91-AB9C-974369C8DB44.jpeg’ に保存中

     0K .......... .......... .......... ........             100% 4.00M=0.009s

2026-09-16 09:35:40 (4.00 MB/s) - ‘blogger.googleusercontent.com/img/b/R29vZ2xl/AVvXsEiz-AvNSSffG9CbDHTa1DifE-OnF2LVi2oQ5RmRX09AyQRd_EUrBMyF8jfjCB3Zb_2Hr66iwh5rbynaE2Xd3ilf_-2BL4gtJKLZYLzCf8wy3n4mJr4Kl7_D4CiOOCULFtadqnBQVv3fK5A/s320/E745FEEE-B6BC-4C91-AB9C-974369C8DB44.jpeg’ へ保存完了 [39273/39273]

--2026-09-16 09:35:41--  https://www.tunnelpoemer.com/2021/03/blog-post_4.html
www.tunnelpoemer.com (www.tunnelpoemer.com)|2404:6800:400b:c005::79|:443 に接続しています... 接続しました。
HTTP による接続要求を送信しました、応答を待っています... 200 OK
長さ: 特定できません [text/html]
‘www.tunnelpoemer.com/2021/03/blog-post_4.html’ に保存中

     0K .......... .......... .......... .......... .......... 2.98M
    50K ....                                                   2.98M=0.02s

2026-09-16 09:35:42 (2.98 MB/s) - ‘www.tunnelpoemer.com/2021/03/blog-post_4.html’ へ保存終了 [56203]

--2026-09-16 09:35:43--  https://blogger.googleusercontent.com/img/b/R29vZ2xl/AVvXsEh_tdpHiNMw2Bht0yj37AcHOJo6TCqIvmSxKXHNsdIx_5G3NWP0qLWy-_QbhZRSmDwCmR6Vx44ebqPC2l9tjLDs5bUg6ZBMzl7O7y9ooIIDsMec-Rn-alnCaYI6FO7jc9p83XDU6nLACEo/s320/99540E17-B575-4D75-8C5C-245A141A4D36.jpeg
blogger.googleusercontent.com (blogger.googleusercontent.com)|2404:6800:400b:c005::84|:443 に接続しています... 接続しました。
HTTP による接続要求を送信しました、応答を待っています... 200 OK
長さ: 19773 (19K) [image/jpeg]
‘blogger.googleusercontent.com/img/b/R29vZ2xl/AVvXsEh_tdpHiNMw2Bht0yj37AcHOJo6TCqIvmSxKXHNsdIx_5G3NWP0qLWy-_QbhZRSmDwCmR6Vx44ebqPC2l9tjLDs5bUg6ZBMzl7O7y9ooIIDsMec-Rn-alnCaYI6FO7jc9p83XDU6nLACEo/s320/99540E17-B575-4D75-8C5C-245A141A4D36.jpeg’ に保存中

     0K .......... .........                                  100% 16.6M=0.001s

2026-09-16 09:35:44 (16.6 MB/s) - ‘blogger.googleusercontent.com/img/b/R29vZ2xl/AVvXsEh_tdpHiNMw2Bht0yj37AcHOJo6TCqIvmSxKXHNsdIx_5G3NWP0qLWy-_QbhZRSmDwCmR6Vx44ebqPC2l9tjLDs5bUg6ZBMzl7O7y9ooIIDsMec-Rn-alnCaYI6FO7jc9p83XDU6nLACEo/s320/99540E17-B575-4D75-8C5C-245A141A4D36.jpeg’ へ保存完了 [19773/19773]

--2026-09-16 09:35:45--  https://www.tunnelpoemer.com/2021/03/blog-post_6.html
www.tunnelpoemer.com (www.tunnelpoemer.com)|2404:6800:400b:c005::79|:443 に接続しています... 接続しました。
HTTP による接続要求を送信しました、応答を待っています... 200 OK
長さ: 特定できません [text/html]
‘www.tunnelpoemer.com/2021/03/blog-post_6.html’ に保存中

     0K .......... .......... .......... .......... ..........  214K
    50K ....                                                   24.9M=0.2s

2026-09-16 09:35:46 (235 KB/s) - ‘www.tunnelpoemer.com/2021/03/blog-post_6.html’ へ保存終了 [56261]

--2026-09-16 09:35:47--  https://blogger.googleusercontent.com/img/b/R29vZ2xl/AVvXsEjxK4b8ZHwId4CKYpNoOa60AQR1YVkzbhSLdMZN6r1VUmgV672c3gGT2cNv-LG2oWVAMtSNU9rahThq6lC8bwRO6vPB0clKqi90Um-KeWCJgnzB7uHtc8oi3d4KbH0_dxzzclCXN71UU08/s320/0F2FC451-95C9-40FF-9C12-250312DBA0B7.jpeg
blogger.googleusercontent.com (blogger.googleusercontent.com)|2404:6800:400b:c005::84|:443 に接続しています... 接続しました。
HTTP による接続要求を送信しました、応答を待っています... 200 OK
長さ: 30945 (30K) [image/jpeg]
‘blogger.googleusercontent.com/img/b/R29vZ2xl/AVvXsEjxK4b8ZHwId4CKYpNoOa60AQR1YVkzbhSLdMZN6r1VUmgV672c3gGT2cNv-LG2oWVAMtSNU9rahThq6lC8bwRO6vPB0clKqi90Um-KeWCJgnzB7uHtc8oi3d4KbH0_dxzzclCXN71UU08/s320/0F2FC451-95C9-40FF-9C12-250312DBA0B7.jpeg’ に保存中

     0K .......... .......... ..........                      100% 4.19M=0.007s

2026-09-16 09:35:48 (4.19 MB/s) - ‘blogger.googleusercontent.com/img/b/R29vZ2xl/AVvXsEjxK4b8ZHwId4CKYpNoOa60AQR1YVkzbhSLdMZN6r1VUmgV672c3gGT2cNv-LG2oWVAMtSNU9rahThq6lC8bwRO6vPB0clKqi90Um-KeWCJgnzB7uHtc8oi3d4KbH0_dxzzclCXN71UU08/s320/0F2FC451-95C9-40FF-9C12-250312DBA0B7.jpeg’ へ保存完了 [30945/30945]

--2026-09-16 09:35:49--  https://www.tunnelpoemer.com/2021/03/blog-post_79.html
www.tunnelpoemer.com (www.tunnelpoemer.com)|2404:6800:400b:c005::79|:443 に接続しています... 接続しました。
HTTP による接続要求を送信しました、応答を待っています... 200 OK
長さ: 特定できません [text/html]
‘www.tunnelpoemer.com/2021/03/blog-post_79.html’ に保存中

     0K .......... .......... .......... .......... .......... 3.34M
    50K ....                                                   18.3M=0.01s

2026-09-16 09:35:50 (3.59 MB/s) - ‘www.tunnelpoemer.com/2021/03/blog-post_79.html’ へ保存終了 [56142]

--2026-09-16 09:35:51--  https://blogger.googleusercontent.com/img/b/R29vZ2xl/AVvXsEhdVy0PPqX5AekIVyK2NfZcCdKr52xljSM9o6zLG2-IdQImISO6lTGavnSMbKHPhN-G6GgK3hWsY8lNEI6Z_NYh4O7XGIfzANOj-aRZiMZCgO4TG1kctjkRtuy7ZM1OL1dYFl2pFrCCfcs/s320/ADA38C52-E98F-4670-BC36-82FBB6386F99.jpeg
blogger.googleusercontent.com (blogger.googleusercontent.com)|2404:6800:400b:c005::84|:443 に接続しています... 接続しました。
HTTP による接続要求を送信しました、応答を待っています... 200 OK
長さ: 37259 (36K) [image/jpeg]
‘blogger.googleusercontent.com/img/b/R29vZ2xl/AVvXsEhdVy0PPqX5AekIVyK2NfZcCdKr52xljSM9o6zLG2-IdQImISO6lTGavnSMbKHPhN-G6GgK3hWsY8lNEI6Z_NYh4O7XGIfzANOj-aRZiMZCgO4TG1kctjkRtuy7ZM1OL1dYFl2pFrCCfcs/s320/ADA38C52-E98F-4670-BC36-82FBB6386F99.jpeg’ に保存中

     0K .......... .......... .......... ......               100% 3.15M=0.01s

2026-09-16 09:35:53 (3.15 MB/s) - ‘blogger.googleusercontent.com/img/b/R29vZ2xl/AVvXsEhdVy0PPqX5AekIVyK2NfZcCdKr52xljSM9o6zLG2-IdQImISO6lTGavnSMbKHPhN-G6GgK3hWsY8lNEI6Z_NYh4O7XGIfzANOj-aRZiMZCgO4TG1kctjkRtuy7ZM1OL1dYFl2pFrCCfcs/s320/ADA38C52-E98F-4670-BC36-82FBB6386F99.jpeg’ へ保存完了 [37259/37259]

--2026-09-16 09:35:54--  https://www.tunnelpoemer.com/2021/03/blog-post_8.html
www.tunnelpoemer.com (www.tunnelpoemer.com)|2404:6800:400b:c005::79|:443 に接続しています... 接続しました。
HTTP による接続要求を送信しました、応答を待っています... 200 OK
長さ: 特定できません [text/html]
‘www.tunnelpoemer.com/2021/03/blog-post_8.html’ に保存中

     0K .......... .......... .......... .......... .......... 3.13M
    50K ....                                                   5.33M=0.02s

2026-09-16 09:35:55 (3.25 MB/s) - ‘www.tunnelpoemer.com/2021/03/blog-post_8.html’ へ保存終了 [56219]

--2026-09-16 09:35:56--  https://blogger.googleusercontent.com/img/b/R29vZ2xl/AVvXsEg7HvtQnOPg3WtKtSocfh-dLIIWC5YNiROghBPyqkrZJw3dzZtwaL_yJWbv_rg03uQuJmGZWsooj79HhS3mxH3sUHsGD7P8iZn8xoDl1zf078JL2-S_UGQS0GHJhmOCBPeTUkSXBI8bYD0/s320/B4CD56CD-09C8-4C02-B4B1-017841A53338.jpeg
blogger.googleusercontent.com (blogger.googleusercontent.com)|2404:6800:400b:c005::84|:443 に接続しています... 接続しました。
HTTP による接続要求を送信しました、応答を待っています... 200 OK
長さ: 26128 (26K) [image/jpeg]
‘blogger.googleusercontent.com/img/b/R29vZ2xl/AVvXsEg7HvtQnOPg3WtKtSocfh-dLIIWC5YNiROghBPyqkrZJw3dzZtwaL_yJWbv_rg03uQuJmGZWsooj79HhS3mxH3sUHsGD7P8iZn8xoDl1zf078JL2-S_UGQS0GHJhmOCBPeTUkSXBI8bYD0/s320/B4CD56CD-09C8-4C02-B4B1-017841A53338.jpeg’ に保存中

     0K .......... .......... .....                           100% 1.23M=0.02s

2026-09-16 09:35:58 (1.23 MB/s) - ‘blogger.googleusercontent.com/img/b/R29vZ2xl/AVvXsEg7HvtQnOPg3WtKtSocfh-dLIIWC5YNiROghBPyqkrZJw3dzZtwaL_yJWbv_rg03uQuJmGZWsooj79HhS3mxH3sUHsGD7P8iZn8xoDl1zf078JL2-S_UGQS0GHJhmOCBPeTUkSXBI8bYD0/s320/B4CD56CD-09C8-4C02-B4B1-017841A53338.jpeg’ へ保存完了 [26128/26128]

--2026-09-16 09:35:59--  https://www.tunnelpoemer.com/2021/03/blog-post.html
www.tunnelpoemer.com (www.tunnelpoemer.com)|2404:6800:400b:c005::79|:443 に接続しています... 接続しました。
HTTP による接続要求を送信しました、応答を待っています... 200 OK
長さ: 特定できません [text/html]
‘www.tunnelpoemer.com/2021/03/blog-post.html’ に保存中

     0K .......... .......... .......... .......... .......... 1.47M
    50K ....                                                   2.76M=0.03s

2026-09-16 09:35:59 (1.54 MB/s) - ‘www.tunnelpoemer.com/2021/03/blog-post.html’ へ保存終了 [56254]

--2026-09-16 09:36:00--  https://blogger.googleusercontent.com/img/b/R29vZ2xl/AVvXsEj1mNLgDptUtYSKybwfCEmJemu2qwcch0MuKbV60xLJ6Nwz8qqO9mgzkmXBqB9Xuo6iMawS02h6AsCUWZoHNDdCz3ao-sTEAP3dHQIWfjrMwQELaWgmYLiDHbRRELLFtgODS6nnesJq8po/s320/A1AEBBC3-85F1-43EC-BA8F-6515B8323E9F.jpeg
blogger.googleusercontent.com (blogger.googleusercontent.com)|2404:6800:400b:c005::84|:443 に接続しています... 接続しました。
HTTP による接続要求を送信しました、応答を待っています... 200 OK
長さ: 22267 (22K) [image/jpeg]
‘blogger.googleusercontent.com/img/b/R29vZ2xl/AVvXsEj1mNLgDptUtYSKybwfCEmJemu2qwcch0MuKbV60xLJ6Nwz8qqO9mgzkmXBqB9Xuo6iMawS02h6AsCUWZoHNDdCz3ao-sTEAP3dHQIWfjrMwQELaWgmYLiDHbRRELLFtgODS6nnesJq8po/s320/A1AEBBC3-85F1-43EC-BA8F-6515B8323E9F.jpeg’ に保存中

     0K .......... .......... .                               100% 2.58M=0.008s

2026-09-16 09:36:02 (2.58 MB/s) - ‘blogger.googleusercontent.com/img/b/R29vZ2xl/AVvXsEj1mNLgDptUtYSKybwfCEmJemu2qwcch0MuKbV60xLJ6Nwz8qqO9mgzkmXBqB9Xuo6iMawS02h6AsCUWZoHNDdCz3ao-sTEAP3dHQIWfjrMwQELaWgmYLiDHbRRELLFtgODS6nnesJq8po/s320/A1AEBBC3-85F1-43EC-BA8F-6515B8323E9F.jpeg’ へ保存完了 [22267/22267]

--2026-09-16 09:36:03--  https://www.tunnelpoemer.com/2021/04/18.html
www.tunnelpoemer.com (www.tunnelpoemer.com)|2404:6800:400b:c005::79|:443 に接続しています... 接続しました。
HTTP による接続要求を送信しました、応答を待っています... 200 OK
長さ: 特定できません [text/html]
‘www.tunnelpoemer.com/2021/04/18.html’ に保存中

     0K .......... .......... .......... .......... .......... 3.30M
    50K ....                                                   4.54M=0.02s

2026-09-16 09:36:04 (3.37 MB/s) - ‘www.tunnelpoemer.com/2021/04/18.html’ へ保存終了 [55307]

--2026-09-16 09:36:05--  https://blogger.googleusercontent.com/img/b/R29vZ2xl/AVvXsEgsUu0pvg4IFTUGYi0851xU1EVf4Oo_wLbOyU6V7VjHLZCb3Fv8w83VYfSkWZfZ_COkE-MsS9d5BNL0lG_sgCvGbrQNXE9WjfcD3fw7BaKKgfPrATvGmGCCvhmhtfZrj62QaWyV8nZBw4Q/s320/1F9B1E3F-0D54-4638-B269-E52968D8A1EF.jpeg
blogger.googleusercontent.com (blogger.googleusercontent.com)|2404:6800:400b:c005::84|:443 に接続しています... 接続しました。
HTTP による接続要求を送信しました、応答を待っています... 200 OK
長さ: 27586 (27K) [image/jpeg]
‘blogger.googleusercontent.com/img/b/R29vZ2xl/AVvXsEgsUu0pvg4IFTUGYi0851xU1EVf4Oo_wLbOyU6V7VjHLZCb3Fv8w83VYfSkWZfZ_COkE-MsS9d5BNL0lG_sgCvGbrQNXE9WjfcD3fw7BaKKgfPrATvGmGCCvhmhtfZrj62QaWyV8nZBw4Q/s320/1F9B1E3F-0D54-4638-B269-E52968D8A1EF.jpeg’ に保存中

     0K .......... .......... ......                          100% 3.07M=0.009s

2026-09-16 09:36:06 (3.07 MB/s) - ‘blogger.googleusercontent.com/img/b/R29vZ2xl/AVvXsEgsUu0pvg4IFTUGYi0851xU1EVf4Oo_wLbOyU6V7VjHLZCb3Fv8w83VYfSkWZfZ_COkE-MsS9d5BNL0lG_sgCvGbrQNXE9WjfcD3fw7BaKKgfPrATvGmGCCvhmhtfZrj62QaWyV8nZBw4Q/s320/1F9B1E3F-0D54-4638-B269-E52968D8A1EF.jpeg’ へ保存完了 [27586/27586]

--2026-09-16 09:36:07--  https://www.tunnelpoemer.com/2021/04/blog-post_11.html
www.tunnelpoemer.com (www.tunnelpoemer.com)|2404:6800:400b:c005::79|:443 に接続しています... 接続しました。
HTTP による接続要求を送信しました、応答を待っています... 200 OK
長さ: 特定できません [text/html]
‘www.tunnelpoemer.com/2021/04/blog-post_11.html’ に保存中

     0K .......... .......... .......... .......... .......... 1.94M
    50K ....                                                   1.49M=0.03s

2026-09-16 09:36:07 (1.90 MB/s) - ‘www.tunnelpoemer.com/2021/04/blog-post_11.html’ へ保存終了 [55528]

--2026-09-16 09:36:08--  https://blogger.googleusercontent.com/img/b/R29vZ2xl/AVvXsEhd9SIqVE-dB-UOeFflZ3EK4MmGpmcjaYqqCPkLZA-IyllCP7Tx1R0LiD1x7YhdnG0XOnLPHZj6WnwyiombyVpAmOlC1kkT1oTBQHDTsBvB9-oKdqOYFeIUSvAk1ZUJbo5p9fagby3fSLw/s320/58A8D0C6-392B-4FCD-AD61-C6CCF145F172.jpeg
blogger.googleusercontent.com (blogger.googleusercontent.com)|2404:6800:400b:c005::84|:443 に接続しています... 接続しました。
HTTP による接続要求を送信しました、応答を待っています... 200 OK
長さ: 34992 (34K) [image/jpeg]
‘blogger.googleusercontent.com/img/b/R29vZ2xl/AVvXsEhd9SIqVE-dB-UOeFflZ3EK4MmGpmcjaYqqCPkLZA-IyllCP7Tx1R0LiD1x7YhdnG0XOnLPHZj6WnwyiombyVpAmOlC1kkT1oTBQHDTsBvB9-oKdqOYFeIUSvAk1ZUJbo5p9fagby3fSLw/s320/58A8D0C6-392B-4FCD-AD61-C6CCF145F172.jpeg’ に保存中

     0K .......... .......... .......... ....                 100% 2.43M=0.01s

2026-09-16 09:36:10 (2.43 MB/s) - ‘blogger.googleusercontent.com/img/b/R29vZ2xl/AVvXsEhd9SIqVE-dB-UOeFflZ3EK4MmGpmcjaYqqCPkLZA-IyllCP7Tx1R0LiD1x7YhdnG0XOnLPHZj6WnwyiombyVpAmOlC1kkT1oTBQHDTsBvB9-oKdqOYFeIUSvAk1ZUJbo5p9fagby3fSLw/s320/58A8D0C6-392B-4FCD-AD61-C6CCF145F172.jpeg’ へ保存完了 [34992/34992]

--2026-09-16 09:36:11--  https://www.tunnelpoemer.com/2021/04/blog-post_12.html
www.tunnelpoemer.com (www.tunnelpoemer.com)|2404:6800:400b:c005::79|:443 に接続しています... 接続しました。
HTTP による接続要求を送信しました、応答を待っています... 200 OK
長さ: 特定できません [text/html]
‘www.tunnelpoemer.com/2021/04/blog-post_12.html’ に保存中

     0K .......... .......... .......... .......... .......... 2.55M
    50K ....                                                   18.9M=0.02s

2026-09-16 09:36:12 (2.74 MB/s) - ‘www.tunnelpoemer.com/2021/04/blog-post_12.html’ へ保存終了 [55800]

--2026-09-16 09:36:13--  https://blogger.googleusercontent.com/img/b/R29vZ2xl/AVvXsEiaHwzwvKl-B-eAxr-j6ks_3hSgOct8Za1eYaxLns_QBbr3XANJ569tA9UqIrgWApiAvW6RapUlFxe2QHZiT-JxT4jFcbM8xoFxS455GiyUy94UNrpsvPmQPPvzeA9huOoufH__RuK0cMo/s320/0D94A64F-6F9E-4BEA-938D-F3FEF07505B2.jpeg
blogger.googleusercontent.com (blogger.googleusercontent.com)|2404:6800:400b:c005::84|:443 に接続しています... 接続しました。
HTTP による接続要求を送信しました、応答を待っています... 200 OK
長さ: 29566 (29K) [image/jpeg]
‘blogger.googleusercontent.com/img/b/R29vZ2xl/AVvXsEiaHwzwvKl-B-eAxr-j6ks_3hSgOct8Za1eYaxLns_QBbr3XANJ569tA9UqIrgWApiAvW6RapUlFxe2QHZiT-JxT4jFcbM8xoFxS455GiyUy94UNrpsvPmQPPvzeA9huOoufH__RuK0cMo/s320/0D94A64F-6F9E-4BEA-938D-F3FEF07505B2.jpeg’ に保存中

     0K .......... .......... ........                        100% 3.52M=0.008s

2026-09-16 09:36:15 (3.52 MB/s) - ‘blogger.googleusercontent.com/img/b/R29vZ2xl/AVvXsEiaHwzwvKl-B-eAxr-j6ks_3hSgOct8Za1eYaxLns_QBbr3XANJ569tA9UqIrgWApiAvW6RapUlFxe2QHZiT-JxT4jFcbM8xoFxS455GiyUy94UNrpsvPmQPPvzeA9huOoufH__RuK0cMo/s320/0D94A64F-6F9E-4BEA-938D-F3FEF07505B2.jpeg’ へ保存完了 [29566/29566]

--2026-09-16 09:36:16--  https://www.tunnelpoemer.com/2021/04/blog-post_17.html
www.tunnelpoemer.com (www.tunnelpoemer.com)|2404:6800:400b:c005::79|:443 に接続しています... 接続しました。
HTTP による接続要求を送信しました、応答を待っています... 200 OK
長さ: 特定できません [text/html]
‘www.tunnelpoemer.com/2021/04/blog-post_17.html’ に保存中

     0K .......... .......... .......... .......... .......... 1.35M
    50K ....                                                   5.82M=0.04s

2026-09-16 09:36:16 (1.44 MB/s) - ‘www.tunnelpoemer.com/2021/04/blog-post_17.html’ へ保存終了 [55537]

--2026-09-16 09:36:17--  https://blogger.googleusercontent.com/img/b/R29vZ2xl/AVvXsEiNHNcScgNdklOmJbsPGoyRDnlv-0B2covtScm6bzHtomZOmniZ2QNNQidmapqz3IjyrH_P0vWvhEX2sEgrvVg848coCCJbgcSS34ls_i4dZr5ERmfTwWNDAjedA8j04WT3MVtPv8yB-ZU/s320/BB78F09B-74AC-43D2-A6CF-E801E62C4B9B.jpeg
blogger.googleusercontent.com (blogger.googleusercontent.com)|2404:6800:400b:c005::84|:443 に接続しています... 接続しました。
HTTP による接続要求を送信しました、応答を待っています... 200 OK
長さ: 27264 (27K) [image/jpeg]
‘blogger.googleusercontent.com/img/b/R29vZ2xl/AVvXsEiNHNcScgNdklOmJbsPGoyRDnlv-0B2covtScm6bzHtomZOmniZ2QNNQidmapqz3IjyrH_P0vWvhEX2sEgrvVg848coCCJbgcSS34ls_i4dZr5ERmfTwWNDAjedA8j04WT3MVtPv8yB-ZU/s320/BB78F09B-74AC-43D2-A6CF-E801E62C4B9B.jpeg’ に保存中

     0K .......... .......... ......                          100% 1.46M=0.02s

2026-09-16 09:36:19 (1.46 MB/s) - ‘blogger.googleusercontent.com/img/b/R29vZ2xl/AVvXsEiNHNcScgNdklOmJbsPGoyRDnlv-0B2covtScm6bzHtomZOmniZ2QNNQidmapqz3IjyrH_P0vWvhEX2sEgrvVg848coCCJbgcSS34ls_i4dZr5ERmfTwWNDAjedA8j04WT3MVtPv8yB-ZU/s320/BB78F09B-74AC-43D2-A6CF-E801E62C4B9B.jpeg’ へ保存完了 [27264/27264]

--2026-09-16 09:36:20--  https://www.tunnelpoemer.com/2021/04/blog-post_22.html
www.tunnelpoemer.com (www.tunnelpoemer.com)|2404:6800:400b:c005::79|:443 に接続しています... 接続しました。
HTTP による接続要求を送信しました、応答を待っています... 200 OK
長さ: 特定できません [text/html]
‘www.tunnelpoemer.com/2021/04/blog-post_22.html’ に保存中

     0K .......... .......... .......... .......... .......... 2.91M
    50K ....                                                   20.0M=0.02s

2026-09-16 09:36:22 (3.12 MB/s) - ‘www.tunnelpoemer.com/2021/04/blog-post_22.html’ へ保存終了 [55744]

--2026-09-16 09:36:23--  https://blogger.googleusercontent.com/img/b/R29vZ2xl/AVvXsEjLsN7CAonk26sO0PIgSiiJcxtJgVkCU7pGMGe7drFvFYeDB_SsiweAXz4PUXOnc9s6FQ4673U9nKF3Gqj5GIXF72UipUFg_4dxrbk7Ugf0Em8iIcs43MIod1z0yQQaimTQAjydY8PzSf0/s320/B8EBDA99-EA27-4788-B5E1-65AD4A8C7B5C.jpeg
blogger.googleusercontent.com (blogger.googleusercontent.com)|2404:6800:400b:c005::84|:443 に接続しています... 接続しました。
HTTP による接続要求を送信しました、応答を待っています... 200 OK
長さ: 21716 (21K) [image/jpeg]
‘blogger.googleusercontent.com/img/b/R29vZ2xl/AVvXsEjLsN7CAonk26sO0PIgSiiJcxtJgVkCU7pGMGe7drFvFYeDB_SsiweAXz4PUXOnc9s6FQ4673U9nKF3Gqj5GIXF72UipUFg_4dxrbk7Ugf0Em8iIcs43MIod1z0yQQaimTQAjydY8PzSf0/s320/B8EBDA99-EA27-4788-B5E1-65AD4A8C7B5C.jpeg’ に保存中

     0K .......... .......... .                               100% 18.5M=0.001s

2026-09-16 09:36:24 (18.5 MB/s) - ‘blogger.googleusercontent.com/img/b/R29vZ2xl/AVvXsEjLsN7CAonk26sO0PIgSiiJcxtJgVkCU7pGMGe7drFvFYeDB_SsiweAXz4PUXOnc9s6FQ4673U9nKF3Gqj5GIXF72UipUFg_4dxrbk7Ugf0Em8iIcs43MIod1z0yQQaimTQAjydY8PzSf0/s320/B8EBDA99-EA27-4788-B5E1-65AD4A8C7B5C.jpeg’ へ保存完了 [21716/21716]

--2026-09-16 09:36:25--  https://www.tunnelpoemer.com/2021/04/blog-post_24.html
www.tunnelpoemer.com (www.tunnelpoemer.com)|2404:6800:400b:c005::79|:443 に接続しています... 接続しました。
HTTP による接続要求を送信しました、応答を待っています... 200 OK
長さ: 特定できません [text/html]
‘www.tunnelpoemer.com/2021/04/blog-post_24.html’ に保存中

     0K .......... .......... .......... .......... .......... 3.48M
    50K ....                                                   20.7M=0.01s

2026-09-16 09:36:27 (3.73 MB/s) - ‘www.tunnelpoemer.com/2021/04/blog-post_24.html’ へ保存終了 [55597]

--2026-09-16 09:36:28--  https://blogger.googleusercontent.com/img/b/R29vZ2xl/AVvXsEg9FxC-6cPe4Naa9ykKIkZJp2OhRrnyhWvnu4qnZjoIOVAIMR-QqLHLbQbtkV_2zKPhgJurDJ_cCqQezrAWhCuZ1X-TeEA93cqLqiKLOH2IpYTZBwoQyoX1r3K-6M2d8R2GCLEscpA7P5Y/s320/F4D8F3B6-5D8B-4304-A9A8-DDAD197D84DF.jpeg
blogger.googleusercontent.com (blogger.googleusercontent.com)|2404:6800:400b:c005::84|:443 に接続しています... 接続しました。
HTTP による接続要求を送信しました、応答を待っています... 200 OK
長さ: 23061 (23K) [image/jpeg]
‘blogger.googleusercontent.com/img/b/R29vZ2xl/AVvXsEg9FxC-6cPe4Naa9ykKIkZJp2OhRrnyhWvnu4qnZjoIOVAIMR-QqLHLbQbtkV_2zKPhgJurDJ_cCqQezrAWhCuZ1X-TeEA93cqLqiKLOH2IpYTZBwoQyoX1r3K-6M2d8R2GCLEscpA7P5Y/s320/F4D8F3B6-5D8B-4304-A9A8-DDAD197D84DF.jpeg’ に保存中

     0K .......... .......... ..                              100% 2.21M=0.01s

2026-09-16 09:36:29 (2.21 MB/s) - ‘blogger.googleusercontent.com/img/b/R29vZ2xl/AVvXsEg9FxC-6cPe4Naa9ykKIkZJp2OhRrnyhWvnu4qnZjoIOVAIMR-QqLHLbQbtkV_2zKPhgJurDJ_cCqQezrAWhCuZ1X-TeEA93cqLqiKLOH2IpYTZBwoQyoX1r3K-6M2d8R2GCLEscpA7P5Y/s320/F4D8F3B6-5D8B-4304-A9A8-DDAD197D84DF.jpeg’ へ保存完了 [23061/23061]

--2026-09-16 09:36:30--  https://www.tunnelpoemer.com/2021/04/blog-post_26.html
www.tunnelpoemer.com (www.tunnelpoemer.com)|2404:6800:400b:c005::79|:443 に接続しています... 接続しました。
HTTP による接続要求を送信しました、応答を待っています... 200 OK
長さ: 特定できません [text/html]
‘www.tunnelpoemer.com/2021/04/blog-post_26.html’ に保存中

     0K .......... .......... .......... .......... .......... 2.38M
    50K ....                                                   4.28M=0.02s

2026-09-16 09:36:31 (2.47 MB/s) - ‘www.tunnelpoemer.com/2021/04/blog-post_26.html’ へ保存終了 [55512]

--2026-09-16 09:36:32--  https://blogger.googleusercontent.com/img/b/R29vZ2xl/AVvXsEgf6lOUotWLeGOfBHeFvsd8ieTXm62-BoZPAV4JYBswBT2-mOCLog8em2zlp6V2pGnAntEZFxBsSjkEEMkzxJZ_YNPccQVTZpMDRXME6w3oGEwlqXDo8dcrf1EbRbTE-lLwbcED2kSW5zI/s320/6D62A51F-67FC-487D-A631-C83174CD8FDE.jpeg
blogger.googleusercontent.com (blogger.googleusercontent.com)|2404:6800:400b:c005::84|:443 に接続しています... 接続しました。
HTTP による接続要求を送信しました、応答を待っています... 200 OK
長さ: 44057 (43K) [image/jpeg]
‘blogger.googleusercontent.com/img/b/R29vZ2xl/AVvXsEgf6lOUotWLeGOfBHeFvsd8ieTXm62-BoZPAV4JYBswBT2-mOCLog8em2zlp6V2pGnAntEZFxBsSjkEEMkzxJZ_YNPccQVTZpMDRXME6w3oGEwlqXDo8dcrf1EbRbTE-lLwbcED2kSW5zI/s320/6D62A51F-67FC-487D-A631-C83174CD8FDE.jpeg’ に保存中

     0K .......... .......... .......... .......... ...       100% 1.80M=0.02s

2026-09-16 09:36:33 (1.80 MB/s) - ‘blogger.googleusercontent.com/img/b/R29vZ2xl/AVvXsEgf6lOUotWLeGOfBHeFvsd8ieTXm62-BoZPAV4JYBswBT2-mOCLog8em2zlp6V2pGnAntEZFxBsSjkEEMkzxJZ_YNPccQVTZpMDRXME6w3oGEwlqXDo8dcrf1EbRbTE-lLwbcED2kSW5zI/s320/6D62A51F-67FC-487D-A631-C83174CD8FDE.jpeg’ へ保存完了 [44057/44057]

--2026-09-16 09:36:34--  https://www.tunnelpoemer.com/2021/04/blog-post_27.html
www.tunnelpoemer.com (www.tunnelpoemer.com)|2404:6800:400b:c005::79|:443 に接続しています... 接続しました。
HTTP による接続要求を送信しました、応答を待っています... 200 OK
長さ: 特定できません [text/html]
‘www.tunnelpoemer.com/2021/04/blog-post_27.html’ に保存中

     0K .......... .......... .......... .......... .......... 1.60M
    50K ....                                                   6.70M=0.03s

2026-09-16 09:36:35 (1.70 MB/s) - ‘www.tunnelpoemer.com/2021/04/blog-post_27.html’ へ保存終了 [55719]

--2026-09-16 09:36:36--  https://blogger.googleusercontent.com/img/b/R29vZ2xl/AVvXsEhYZPBLg8D-YdThDd1wuwwP2Cu083RNKj4kceBCTFMuKbu_u3AVlbudvB43gnMyAHQPES7pZnsfwzoGVh4XDvvfmtCSp965HBv1OZJiAaFC87Ffq2ubP15THXQ6pfIa1E9R8S08hoLZuv4/s320/EF681027-348C-4264-884B-7AF88E08FF0E.jpeg
blogger.googleusercontent.com (blogger.googleusercontent.com)|2404:6800:400b:c005::84|:443 に接続しています... 接続しました。
HTTP による接続要求を送信しました、応答を待っています... 200 OK
長さ: 35469 (35K) [image/jpeg]
‘blogger.googleusercontent.com/img/b/R29vZ2xl/AVvXsEhYZPBLg8D-YdThDd1wuwwP2Cu083RNKj4kceBCTFMuKbu_u3AVlbudvB43gnMyAHQPES7pZnsfwzoGVh4XDvvfmtCSp965HBv1OZJiAaFC87Ffq2ubP15THXQ6pfIa1E9R8S08hoLZuv4/s320/EF681027-348C-4264-884B-7AF88E08FF0E.jpeg’ に保存中

     0K .......... .......... .......... ....                 100% 3.92M=0.009s

2026-09-16 09:36:37 (3.92 MB/s) - ‘blogger.googleusercontent.com/img/b/R29vZ2xl/AVvXsEhYZPBLg8D-YdThDd1wuwwP2Cu083RNKj4kceBCTFMuKbu_u3AVlbudvB43gnMyAHQPES7pZnsfwzoGVh4XDvvfmtCSp965HBv1OZJiAaFC87Ffq2ubP15THXQ6pfIa1E9R8S08hoLZuv4/s320/EF681027-348C-4264-884B-7AF88E08FF0E.jpeg’ へ保存完了 [35469/35469]

--2026-09-16 09:36:38--  https://www.tunnelpoemer.com/2021/04/blog-post_29.html
www.tunnelpoemer.com (www.tunnelpoemer.com)|2404:6800:400b:c005::79|:443 に接続しています... 接続しました。
HTTP による接続要求を送信しました、応答を待っています... 200 OK
長さ: 特定できません [text/html]
‘www.tunnelpoemer.com/2021/04/blog-post_29.html’ に保存中

     0K .......... .......... .......... .......... .......... 1.18M
    50K ....                                                   3.64M=0.04s

2026-09-16 09:36:38 (1.25 MB/s) - ‘www.tunnelpoemer.com/2021/04/blog-post_29.html’ へ保存終了 [55688]

--2026-09-16 09:36:39--  https://blogger.googleusercontent.com/img/b/R29vZ2xl/AVvXsEhu5-bdQ3R_KsmexJsVw8VgUsvop8VEyIErOoZY9-xQiTtXCZ7cb2TlNC2PHy9stCC0HvnMFyiv4Bpa40OC6sJrxCAicsu-PUv515ocs7ala-erPdpTQadHYgfGV9kJ6vbvWz1H15Xh9GA/s320/6DECE836-1C0F-4414-AF88-24C87A13C01B.jpeg
blogger.googleusercontent.com (blogger.googleusercontent.com)|2404:6800:400b:c005::84|:443 に接続しています... 接続しました。
HTTP による接続要求を送信しました、応答を待っています... 200 OK
長さ: 28198 (28K) [image/jpeg]
‘blogger.googleusercontent.com/img/b/R29vZ2xl/AVvXsEhu5-bdQ3R_KsmexJsVw8VgUsvop8VEyIErOoZY9-xQiTtXCZ7cb2TlNC2PHy9stCC0HvnMFyiv4Bpa40OC6sJrxCAicsu-PUv515ocs7ala-erPdpTQadHYgfGV9kJ6vbvWz1H15Xh9GA/s320/6DECE836-1C0F-4414-AF88-24C87A13C01B.jpeg’ に保存中

     0K .......... .......... .......                         100% 2.61M=0.01s

2026-09-16 09:36:41 (2.61 MB/s) - ‘blogger.googleusercontent.com/img/b/R29vZ2xl/AVvXsEhu5-bdQ3R_KsmexJsVw8VgUsvop8VEyIErOoZY9-xQiTtXCZ7cb2TlNC2PHy9stCC0HvnMFyiv4Bpa40OC6sJrxCAicsu-PUv515ocs7ala-erPdpTQadHYgfGV9kJ6vbvWz1H15Xh9GA/s320/6DECE836-1C0F-4414-AF88-24C87A13C01B.jpeg’ へ保存完了 [28198/28198]

--2026-09-16 09:36:42--  https://www.tunnelpoemer.com/2021/04/blog-post_5.html
www.tunnelpoemer.com (www.tunnelpoemer.com)|2404:6800:400b:c005::79|:443 に接続しています... 接続しました。
HTTP による接続要求を送信しました、応答を待っています... 200 OK
長さ: 特定できません [text/html]
‘www.tunnelpoemer.com/2021/04/blog-post_5.html’ に保存中

     0K .......... .......... .......... .......... .......... 1.86M
    50K ....                                                   17.8M=0.03s

2026-09-16 09:36:44 (2.00 MB/s) - ‘www.tunnelpoemer.com/2021/04/blog-post_5.html’ へ保存終了 [55532]

--2026-09-16 09:36:45--  https://blogger.googleusercontent.com/img/b/R29vZ2xl/AVvXsEgniFmEo63l3qWj1QBEpOyW4dffFFam8Ug9jNflH7XsvCem_F7JRNwWNNZcGN0LYSjJZhypDrtxhtO6_25qCX2jm4EWSo2oGISMh01gmqYgIzk8oICNMOq6N500YC8CIhYTh6ZfgMH_sPg/s320/AF3C9442-B087-4427-8125-86317FA6AB53.jpeg
blogger.googleusercontent.com (blogger.googleusercontent.com)|2404:6800:400b:c005::84|:443 に接続しています... 接続しました。
HTTP による接続要求を送信しました、応答を待っています... 200 OK
長さ: 37663 (37K) [image/jpeg]
‘blogger.googleusercontent.com/img/b/R29vZ2xl/AVvXsEgniFmEo63l3qWj1QBEpOyW4dffFFam8Ug9jNflH7XsvCem_F7JRNwWNNZcGN0LYSjJZhypDrtxhtO6_25qCX2jm4EWSo2oGISMh01gmqYgIzk8oICNMOq6N500YC8CIhYTh6ZfgMH_sPg/s320/AF3C9442-B087-4427-8125-86317FA6AB53.jpeg’ に保存中

     0K .......... .......... .......... ......               100% 3.19M=0.01s

2026-09-16 09:36:47 (3.19 MB/s) - ‘blogger.googleusercontent.com/img/b/R29vZ2xl/AVvXsEgniFmEo63l3qWj1QBEpOyW4dffFFam8Ug9jNflH7XsvCem_F7JRNwWNNZcGN0LYSjJZhypDrtxhtO6_25qCX2jm4EWSo2oGISMh01gmqYgIzk8oICNMOq6N500YC8CIhYTh6ZfgMH_sPg/s320/AF3C9442-B087-4427-8125-86317FA6AB53.jpeg’ へ保存完了 [37663/37663]

--2026-09-16 09:36:48--  https://www.tunnelpoemer.com/2021/04/blog-post_7.html
www.tunnelpoemer.com (www.tunnelpoemer.com)|2404:6800:400b:c005::79|:443 に接続しています... 接続しました。
HTTP による接続要求を送信しました、応答を待っています... 200 OK
長さ: 特定できません [text/html]
‘www.tunnelpoemer.com/2021/04/blog-post_7.html’ に保存中

     0K .......... .......... .......... .......... .......... 2.68M
    50K ....                                                   4.12M=0.02s

2026-09-16 09:36:50 (2.77 MB/s) - ‘www.tunnelpoemer.com/2021/04/blog-post_7.html’ へ保存終了 [56143]

--2026-09-16 09:36:51--  https://blogger.googleusercontent.com/img/b/R29vZ2xl/AVvXsEhrnNO_Mif0rqyiCZtvdeOxJwiw7xH4UyQ5YFh8bDN7fykqd9UD_F4wgf4SmNoaCnE2To70FAqsiELdEt5cCL6l14OocTzxBp4SrZnHPKz6uOhkgT_asInKWhm-KRnnEmoJR2MZjIxV8ME/s320/6C1A5871-0476-415F-9B91-8E795C84A7DA.jpeg
blogger.googleusercontent.com (blogger.googleusercontent.com)|2404:6800:400b:c005::84|:443 に接続しています... 接続しました。
HTTP による接続要求を送信しました、応答を待っています... 200 OK
長さ: 43299 (42K) [image/jpeg]
‘blogger.googleusercontent.com/img/b/R29vZ2xl/AVvXsEhrnNO_Mif0rqyiCZtvdeOxJwiw7xH4UyQ5YFh8bDN7fykqd9UD_F4wgf4SmNoaCnE2To70FAqsiELdEt5cCL6l14OocTzxBp4SrZnHPKz6uOhkgT_asInKWhm-KRnnEmoJR2MZjIxV8ME/s320/6C1A5871-0476-415F-9B91-8E795C84A7DA.jpeg’ に保存中

     0K .......... .......... .......... .......... ..        100% 3.62M=0.01s

2026-09-16 09:36:52 (3.62 MB/s) - ‘blogger.googleusercontent.com/img/b/R29vZ2xl/AVvXsEhrnNO_Mif0rqyiCZtvdeOxJwiw7xH4UyQ5YFh8bDN7fykqd9UD_F4wgf4SmNoaCnE2To70FAqsiELdEt5cCL6l14OocTzxBp4SrZnHPKz6uOhkgT_asInKWhm-KRnnEmoJR2MZjIxV8ME/s320/6C1A5871-0476-415F-9B91-8E795C84A7DA.jpeg’ へ保存完了 [43299/43299]

--2026-09-16 09:36:53--  https://www.tunnelpoemer.com/2021/04/blog-post_9.html
www.tunnelpoemer.com (www.tunnelpoemer.com)|2404:6800:400b:c005::79|:443 に接続しています... 接続しました。
HTTP による接続要求を送信しました、応答を待っています... 200 OK
長さ: 特定できません [text/html]
‘www.tunnelpoemer.com/2021/04/blog-post_9.html’ に保存中

     0K .......... .......... .......... .......... .......... 2.69M
    50K ....                                                   4.28M=0.02s

2026-09-16 09:36:54 (2.77 MB/s) - ‘www.tunnelpoemer.com/2021/04/blog-post_9.html’ へ保存終了 [55521]

--2026-09-16 09:36:55--  https://blogger.googleusercontent.com/img/b/R29vZ2xl/AVvXsEiX6jb8osnx-64D4mgCiGsJNMgswiI5SpszUVFfqFvgzJ0_qZu6GiKatLe04LcF8IApbAw4wcE_PJS7QZPJc61Kk3K8vPFPomg3pg_ZhP0M5c7M-D42aPdToCI6CClUkYOytlGn64tUvmE/s320/188A0472-6DBF-4053-8475-53CCD6469083.jpeg
blogger.googleusercontent.com (blogger.googleusercontent.com)|2404:6800:400b:c005::84|:443 に接続しています... 接続しました。
HTTP による接続要求を送信しました、応答を待っています... 200 OK
長さ: 24204 (24K) [image/jpeg]
‘blogger.googleusercontent.com/img/b/R29vZ2xl/AVvXsEiX6jb8osnx-64D4mgCiGsJNMgswiI5SpszUVFfqFvgzJ0_qZu6GiKatLe04LcF8IApbAw4wcE_PJS7QZPJc61Kk3K8vPFPomg3pg_ZhP0M5c7M-D42aPdToCI6CClUkYOytlGn64tUvmE/s320/188A0472-6DBF-4053-8475-53CCD6469083.jpeg’ に保存中

     0K .......... .......... ...                             100% 2.27M=0.01s

2026-09-16 09:36:56 (2.27 MB/s) - ‘blogger.googleusercontent.com/img/b/R29vZ2xl/AVvXsEiX6jb8osnx-64D4mgCiGsJNMgswiI5SpszUVFfqFvgzJ0_qZu6GiKatLe04LcF8IApbAw4wcE_PJS7QZPJc61Kk3K8vPFPomg3pg_ZhP0M5c7M-D42aPdToCI6CClUkYOytlGn64tUvmE/s320/188A0472-6DBF-4053-8475-53CCD6469083.jpeg’ へ保存完了 [24204/24204]

--2026-09-16 09:36:57--  https://www.tunnelpoemer.com/2021/04/blog-post.html
www.tunnelpoemer.com (www.tunnelpoemer.com)|2404:6800:400b:c005::79|:443 に接続しています... 接続しました。
HTTP による接続要求を送信しました、応答を待っています... 200 OK
長さ: 特定できません [text/html]
‘www.tunnelpoemer.com/2021/04/blog-post.html’ に保存中

     0K .......... .......... .......... .......... .......... 2.75M
    50K ....                                                   4.99M=0.02s

2026-09-16 09:36:59 (2.85 MB/s) - ‘www.tunnelpoemer.com/2021/04/blog-post.html’ へ保存終了 [55675]

--2026-09-16 09:37:00--  https://blogger.googleusercontent.com/img/b/R29vZ2xl/AVvXsEjhdiAE8z_qxAH-CMzmYJH4GAl5xUHMkXDPS0FRV8kthF79B5fyP9ITXFJ_p0LFBk3F-_koc0W956xM8jxeFVduChgOKH4BbQUZUONtPvOl3DQEcghw1GQRLpFUdnF32IdeX2vxDRmxoLk/s320/53868E5A-A17E-4D7C-830A-E1A96460F922.jpeg
blogger.googleusercontent.com (blogger.googleusercontent.com)|2404:6800:400b:c005::84|:443 に接続しています... 接続しました。
HTTP による接続要求を送信しました、応答を待っています... 200 OK
長さ: 30048 (29K) [image/jpeg]
‘blogger.googleusercontent.com/img/b/R29vZ2xl/AVvXsEjhdiAE8z_qxAH-CMzmYJH4GAl5xUHMkXDPS0FRV8kthF79B5fyP9ITXFJ_p0LFBk3F-_koc0W956xM8jxeFVduChgOKH4BbQUZUONtPvOl3DQEcghw1GQRLpFUdnF32IdeX2vxDRmxoLk/s320/53868E5A-A17E-4D7C-830A-E1A96460F922.jpeg’ に保存中

     0K .......... .......... .........                       100% 3.17M=0.009s

2026-09-16 09:37:02 (3.17 MB/s) - ‘blogger.googleusercontent.com/img/b/R29vZ2xl/AVvXsEjhdiAE8z_qxAH-CMzmYJH4GAl5xUHMkXDPS0FRV8kthF79B5fyP9ITXFJ_p0LFBk3F-_koc0W956xM8jxeFVduChgOKH4BbQUZUONtPvOl3DQEcghw1GQRLpFUdnF32IdeX2vxDRmxoLk/s320/53868E5A-A17E-4D7C-830A-E1A96460F922.jpeg’ へ保存完了 [30048/30048]

--2026-09-16 09:37:03--  https://www.tunnelpoemer.com/2021/04/e.html
www.tunnelpoemer.com (www.tunnelpoemer.com)|2404:6800:400b:c005::79|:443 に接続しています... 接続しました。
HTTP による接続要求を送信しました、応答を待っています... 200 OK
長さ: 特定できません [text/html]
‘www.tunnelpoemer.com/2021/04/e.html’ に保存中

     0K .......... .......... .......... .......... .......... 1.82M
    50K ...                                                    1.52M=0.03s

2026-09-16 09:37:05 (1.80 MB/s) - ‘www.tunnelpoemer.com/2021/04/e.html’ へ保存終了 [55270]

--2026-09-16 09:37:06--  https://blogger.googleusercontent.com/img/b/R29vZ2xl/AVvXsEjSsTBgr5MjpqBn0iwLxXMPrhmocOilmXRuO_TYjvGet5OWM2uoZTArVq_-9e33XjCnbuZCDs05Ay-BjBlGQSRxhwo56aVZp4caNtcw6nNmkYKTkVrCbUeXCVwi9SW8nDStmo2rJr_0G3U/s320/3C1DB585-97C2-4677-AAC4-9D3CC35D82CA.jpeg
blogger.googleusercontent.com (blogger.googleusercontent.com)|2404:6800:400b:c005::84|:443 に接続しています... 接続しました。
HTTP による接続要求を送信しました、応答を待っています... 200 OK
長さ: 26478 (26K) [image/jpeg]
‘blogger.googleusercontent.com/img/b/R29vZ2xl/AVvXsEjSsTBgr5MjpqBn0iwLxXMPrhmocOilmXRuO_TYjvGet5OWM2uoZTArVq_-9e33XjCnbuZCDs05Ay-BjBlGQSRxhwo56aVZp4caNtcw6nNmkYKTkVrCbUeXCVwi9SW8nDStmo2rJr_0G3U/s320/3C1DB585-97C2-4677-AAC4-9D3CC35D82CA.jpeg’ に保存中

     0K .......... .......... .....                           100% 3.95M=0.006s

2026-09-16 09:37:08 (3.95 MB/s) - ‘blogger.googleusercontent.com/img/b/R29vZ2xl/AVvXsEjSsTBgr5MjpqBn0iwLxXMPrhmocOilmXRuO_TYjvGet5OWM2uoZTArVq_-9e33XjCnbuZCDs05Ay-BjBlGQSRxhwo56aVZp4caNtcw6nNmkYKTkVrCbUeXCVwi9SW8nDStmo2rJr_0G3U/s320/3C1DB585-97C2-4677-AAC4-9D3CC35D82CA.jpeg’ へ保存完了 [26478/26478]

--2026-09-16 09:37:09--  https://www.tunnelpoemer.com/2021/04/fs510.html
www.tunnelpoemer.com (www.tunnelpoemer.com)|2404:6800:400b:c005::79|:443 に接続しています... 接続しました。
HTTP による接続要求を送信しました、応答を待っています... 200 OK
長さ: 特定できません [text/html]
‘www.tunnelpoemer.com/2021/04/fs510.html’ に保存中

     0K .......... .......... .......... .......... .......... 2.24M
    50K ...                                                    3.36M=0.02s

2026-09-16 09:37:10 (2.30 MB/s) - ‘www.tunnelpoemer.com/2021/04/fs510.html’ へ保存終了 [55293]

--2026-09-16 09:37:11--  https://blogger.googleusercontent.com/img/b/R29vZ2xl/AVvXsEhqeOE-dsdSFQKqkj1YnWiuZqkq7yJP8Bw58fjXgqAiFHJuiMYSOQM0stUtBUNEpkwUOoWUEpIFR1WlmllTYb1OFFULGFW90u5O_rI5zX6COiOcHbSB-Rh-ao5x_iFUyZwV6Agh9ytyD4I/s320/E87446BA-E948-475B-9F29-4C51B8830EE4.jpeg
blogger.googleusercontent.com (blogger.googleusercontent.com)|2404:6800:400b:c005::84|:443 に接続しています... 接続しました。
HTTP による接続要求を送信しました、応答を待っています... 200 OK
長さ: 17197 (17K) [image/jpeg]
‘blogger.googleusercontent.com/img/b/R29vZ2xl/AVvXsEhqeOE-dsdSFQKqkj1YnWiuZqkq7yJP8Bw58fjXgqAiFHJuiMYSOQM0stUtBUNEpkwUOoWUEpIFR1WlmllTYb1OFFULGFW90u5O_rI5zX6COiOcHbSB-Rh-ao5x_iFUyZwV6Agh9ytyD4I/s320/E87446BA-E948-475B-9F29-4C51B8830EE4.jpeg’ に保存中

     0K .......... ......                                     100% 8.13M=0.002s

2026-09-16 09:37:13 (8.13 MB/s) - ‘blogger.googleusercontent.com/img/b/R29vZ2xl/AVvXsEhqeOE-dsdSFQKqkj1YnWiuZqkq7yJP8Bw58fjXgqAiFHJuiMYSOQM0stUtBUNEpkwUOoWUEpIFR1WlmllTYb1OFFULGFW90u5O_rI5zX6COiOcHbSB-Rh-ao5x_iFUyZwV6Agh9ytyD4I/s320/E87446BA-E948-475B-9F29-4C51B8830EE4.jpeg’ へ保存完了 [17197/17197]

--2026-09-16 09:37:14--  https://www.tunnelpoemer.com/2021/05/2006516.html
www.tunnelpoemer.com (www.tunnelpoemer.com)|2404:6800:400b:c005::79|:443 に接続しています... 接続しました。
HTTP による接続要求を送信しました、応答を待っています... 200 OK
長さ: 特定できません [text/html]
‘www.tunnelpoemer.com/2021/05/2006516.html’ に保存中

     0K .......... .......... .......... .......... .......... 4.90M
    50K .....                                                  4.63M=0.01s

2026-09-16 09:37:14 (4.87 MB/s) - ‘www.tunnelpoemer.com/2021/05/2006516.html’ へ保存終了 [56949]

--2026-09-16 09:37:15--  https://blogger.googleusercontent.com/img/b/R29vZ2xl/AVvXsEj4YvbjnJeCnjrjURfZspXewoM5sbrqvY-hQrJNiQ0eMcYPzIvL1DsZRaWnHOejqMkBmbpwi6Wcz7-znsi7RQbI8CTuLZ2IYr10_AOCz7QlG_OQ9Kqkjf8STXr7rtC_RqPplhus03ubGL4/s320/0FA0E360-3856-4C80-873F-C81FE0AB3327.jpeg
blogger.googleusercontent.com (blogger.googleusercontent.com)|2404:6800:400b:c005::84|:443 に接続しています... 接続しました。
HTTP による接続要求を送信しました、応答を待っています... 200 OK
長さ: 33141 (32K) [image/jpeg]
‘blogger.googleusercontent.com/img/b/R29vZ2xl/AVvXsEj4YvbjnJeCnjrjURfZspXewoM5sbrqvY-hQrJNiQ0eMcYPzIvL1DsZRaWnHOejqMkBmbpwi6Wcz7-znsi7RQbI8CTuLZ2IYr10_AOCz7QlG_OQ9Kqkjf8STXr7rtC_RqPplhus03ubGL4/s320/0FA0E360-3856-4C80-873F-C81FE0AB3327.jpeg’ に保存中

     0K .......... .......... .......... ..                   100% 1.40M=0.02s

2026-09-16 09:37:18 (1.40 MB/s) - ‘blogger.googleusercontent.com/img/b/R29vZ2xl/AVvXsEj4YvbjnJeCnjrjURfZspXewoM5sbrqvY-hQrJNiQ0eMcYPzIvL1DsZRaWnHOejqMkBmbpwi6Wcz7-znsi7RQbI8CTuLZ2IYr10_AOCz7QlG_OQ9Kqkjf8STXr7rtC_RqPplhus03ubGL4/s320/0FA0E360-3856-4C80-873F-C81FE0AB3327.jpeg’ へ保存完了 [33141/33141]

--2026-09-16 09:37:19--  https://www.tunnelpoemer.com/2021/05/2047.html
www.tunnelpoemer.com (www.tunnelpoemer.com)|2404:6800:400b:c005::79|:443 に接続しています... 接続しました。
HTTP による接続要求を送信しました、応答を待っています... 200 OK
長さ: 特定できません [text/html]
‘www.tunnelpoemer.com/2021/05/2047.html’ に保存中

     0K .......... .......... .......... .......... .......... 1.55M
    50K ....                                                   5.73M=0.03s

2026-09-16 09:37:20 (1.65 MB/s) - ‘www.tunnelpoemer.com/2021/05/2047.html’ へ保存終了 [56083]

--2026-09-16 09:37:21--  https://blogger.googleusercontent.com/img/b/R29vZ2xl/AVvXsEiMYXonhzUb96IGqOGx9e__hGzYc4pPoeNoucvY5-B2zxjGW3oRz9j7xVvSELaKH0_ICV5hPQMo74bxiPYYIh1if_A9PhIoQOcfambgZnGg1DIbEb2fqvsMZ5SLyUYoElf1mN5NhLJdBUk/s320/2FF26966-319B-45D4-902C-F77CE9A8F769.jpeg
blogger.googleusercontent.com (blogger.googleusercontent.com)|2404:6800:400b:c005::84|:443 に接続しています... 接続しました。
HTTP による接続要求を送信しました、応答を待っています... 200 OK
長さ: 23714 (23K) [image/jpeg]
‘blogger.googleusercontent.com/img/b/R29vZ2xl/AVvXsEiMYXonhzUb96IGqOGx9e__hGzYc4pPoeNoucvY5-B2zxjGW3oRz9j7xVvSELaKH0_ICV5hPQMo74bxiPYYIh1if_A9PhIoQOcfambgZnGg1DIbEb2fqvsMZ5SLyUYoElf1mN5NhLJdBUk/s320/2FF26966-319B-45D4-902C-F77CE9A8F769.jpeg’ に保存中

     0K .......... .......... ...                             100% 2.58M=0.009s

2026-09-16 09:37:23 (2.58 MB/s) - ‘blogger.googleusercontent.com/img/b/R29vZ2xl/AVvXsEiMYXonhzUb96IGqOGx9e__hGzYc4pPoeNoucvY5-B2zxjGW3oRz9j7xVvSELaKH0_ICV5hPQMo74bxiPYYIh1if_A9PhIoQOcfambgZnGg1DIbEb2fqvsMZ5SLyUYoElf1mN5NhLJdBUk/s320/2FF26966-319B-45D4-902C-F77CE9A8F769.jpeg’ へ保存完了 [23714/23714]

--2026-09-16 09:37:24--  https://www.tunnelpoemer.com/2021/05/blog-post_11.html
www.tunnelpoemer.com (www.tunnelpoemer.com)|2404:6800:400b:c005::79|:443 に接続しています... 接続しました。
HTTP による接続要求を送信しました、応答を待っています... 200 OK
長さ: 特定できません [text/html]
‘www.tunnelpoemer.com/2021/05/blog-post_11.html’ に保存中

     0K .......... .......... .......... .......... .......... 1.36M
    50K .....                                                  1.22M=0.04s

2026-09-16 09:37:24 (1.34 MB/s) - ‘www.tunnelpoemer.com/2021/05/blog-post_11.html’ へ保存終了 [56366]

--2026-09-16 09:37:25--  https://blogger.googleusercontent.com/img/b/R29vZ2xl/AVvXsEjb_p_v8U35VyR6mMrKEwjzGIP14G91BzkDdRb9wT1d9Xk_Bd8VEUZIM4t9LcbQGTBipR8qLD3oaDQkXXR42TL_2KxDiavK_zp-9Os1h5ShSxDnBJeH0jgrCBEX-PNf6Tzs05KnM6g9Ekc/s320/9824B196-8F0B-4D5C-8773-4394D2C29FBF.jpeg
blogger.googleusercontent.com (blogger.googleusercontent.com)|2404:6800:400b:c005::84|:443 に接続しています... 接続しました。
HTTP による接続要求を送信しました、応答を待っています... 200 OK
長さ: 29294 (29K) [image/jpeg]
‘blogger.googleusercontent.com/img/b/R29vZ2xl/AVvXsEjb_p_v8U35VyR6mMrKEwjzGIP14G91BzkDdRb9wT1d9Xk_Bd8VEUZIM4t9LcbQGTBipR8qLD3oaDQkXXR42TL_2KxDiavK_zp-9Os1h5ShSxDnBJeH0jgrCBEX-PNf6Tzs05KnM6g9Ekc/s320/9824B196-8F0B-4D5C-8773-4394D2C29FBF.jpeg’ に保存中

     0K .......... .......... ........                        100% 2.84M=0.01s

2026-09-16 09:37:27 (2.84 MB/s) - ‘blogger.googleusercontent.com/img/b/R29vZ2xl/AVvXsEjb_p_v8U35VyR6mMrKEwjzGIP14G91BzkDdRb9wT1d9Xk_Bd8VEUZIM4t9LcbQGTBipR8qLD3oaDQkXXR42TL_2KxDiavK_zp-9Os1h5ShSxDnBJeH0jgrCBEX-PNf6Tzs05KnM6g9Ekc/s320/9824B196-8F0B-4D5C-8773-4394D2C29FBF.jpeg’ へ保存完了 [29294/29294]

--2026-09-16 09:37:28--  https://www.tunnelpoemer.com/2021/05/blog-post_12.html
www.tunnelpoemer.com (www.tunnelpoemer.com)|2404:6800:400b:c005::79|:443 に接続しています... 接続しました。
HTTP による接続要求を送信しました、応答を待っています... 200 OK
長さ: 特定できません [text/html]
‘www.tunnelpoemer.com/2021/05/blog-post_12.html’ に保存中

     0K .......... .......... .......... .......... .......... 2.38M
    50K ....                                                   4.22M=0.02s

2026-09-16 09:37:28 (2.47 MB/s) - ‘www.tunnelpoemer.com/2021/05/blog-post_12.html’ へ保存終了 [55839]

--2026-09-16 09:37:29--  https://blogger.googleusercontent.com/img/b/R29vZ2xl/AVvXsEij5d331d1THASKe2edMrvHqx1tHaDEUg1p6aiXJ43nsYsV94KaH-KnJKy6uC_d8sUdAWlcJ8oJ2QdXKxZoARAEIGpYi4XBPeVTiffhUw7ylNPVNwY7WCIPtazvx3g4Pw29V-I3-p6-UqQ/s320/D13B2B7A-477B-498B-A511-E9502C5C2D3E.jpeg
blogger.googleusercontent.com (blogger.googleusercontent.com)|2404:6800:400b:c005::84|:443 に接続しています... 接続しました。
HTTP による接続要求を送信しました、応答を待っています... 200 OK
長さ: 46063 (45K) [image/jpeg]
‘blogger.googleusercontent.com/img/b/R29vZ2xl/AVvXsEij5d331d1THASKe2edMrvHqx1tHaDEUg1p6aiXJ43nsYsV94KaH-KnJKy6uC_d8sUdAWlcJ8oJ2QdXKxZoARAEIGpYi4XBPeVTiffhUw7ylNPVNwY7WCIPtazvx3g4Pw29V-I3-p6-UqQ/s320/D13B2B7A-477B-498B-A511-E9502C5C2D3E.jpeg’ に保存中

     0K .......... .......... .......... .......... ....      100% 2.92M=0.02s

2026-09-16 09:37:30 (2.92 MB/s) - ‘blogger.googleusercontent.com/img/b/R29vZ2xl/AVvXsEij5d331d1THASKe2edMrvHqx1tHaDEUg1p6aiXJ43nsYsV94KaH-KnJKy6uC_d8sUdAWlcJ8oJ2QdXKxZoARAEIGpYi4XBPeVTiffhUw7ylNPVNwY7WCIPtazvx3g4Pw29V-I3-p6-UqQ/s320/D13B2B7A-477B-498B-A511-E9502C5C2D3E.jpeg’ へ保存完了 [46063/46063]

--2026-09-16 09:37:32--  https://www.tunnelpoemer.com/2021/05/blog-post_16.html
www.tunnelpoemer.com (www.tunnelpoemer.com)|2404:6800:400b:c005::79|:443 に接続しています... 接続しました。
HTTP による接続要求を送信しました、応答を待っています... 200 OK
長さ: 特定できません [text/html]
‘www.tunnelpoemer.com/2021/05/blog-post_16.html’ に保存中

     0K .......... .......... .......... .......... .......... 2.45M
    50K ....                                                   3.65M=0.02s

2026-09-16 09:37:33 (2.52 MB/s) - ‘www.tunnelpoemer.com/2021/05/blog-post_16.html’ へ保存終了 [56030]

--2026-09-16 09:37:34--  https://blogger.googleusercontent.com/img/b/R29vZ2xl/AVvXsEiS8k1BLtG4mODuXjmsbdYRJmFSXzrnZI2l2g0A59MKZbxFbLgvD3RHnsHzZhOqlhNuDDaFvWd_2K84mdbbWaLo8v2mqXQfTdgu66uRipQkSsLSAJTUCEPSIJ_jXGD7jsW5b6sqz77h_ps/s320/653DA986-FDC3-4B2E-9EC6-CF47EDC23F2D.jpeg
blogger.googleusercontent.com (blogger.googleusercontent.com)|2404:6800:400b:c005::84|:443 に接続しています... 接続しました。
HTTP による接続要求を送信しました、応答を待っています... 200 OK
長さ: 35823 (35K) [image/jpeg]
‘blogger.googleusercontent.com/img/b/R29vZ2xl/AVvXsEiS8k1BLtG4mODuXjmsbdYRJmFSXzrnZI2l2g0A59MKZbxFbLgvD3RHnsHzZhOqlhNuDDaFvWd_2K84mdbbWaLo8v2mqXQfTdgu66uRipQkSsLSAJTUCEPSIJ_jXGD7jsW5b6sqz77h_ps/s320/653DA986-FDC3-4B2E-9EC6-CF47EDC23F2D.jpeg’ に保存中

     0K .......... .......... .......... ....                 100% 1.91M=0.02s

2026-09-16 09:37:36 (1.91 MB/s) - ‘blogger.googleusercontent.com/img/b/R29vZ2xl/AVvXsEiS8k1BLtG4mODuXjmsbdYRJmFSXzrnZI2l2g0A59MKZbxFbLgvD3RHnsHzZhOqlhNuDDaFvWd_2K84mdbbWaLo8v2mqXQfTdgu66uRipQkSsLSAJTUCEPSIJ_jXGD7jsW5b6sqz77h_ps/s320/653DA986-FDC3-4B2E-9EC6-CF47EDC23F2D.jpeg’ へ保存完了 [35823/35823]

--2026-09-16 09:37:37--  https://www.tunnelpoemer.com/2021/05/blog-post_17.html
www.tunnelpoemer.com (www.tunnelpoemer.com)|2404:6800:400b:c005::79|:443 に接続しています... 接続しました。
HTTP による接続要求を送信しました、応答を待っています... 200 OK
長さ: 特定できません [text/html]
‘www.tunnelpoemer.com/2021/05/blog-post_17.html’ に保存中

     0K .......... .......... .......... .......... .......... 2.65M
    50K ....                                                   4.11M=0.02s

2026-09-16 09:37:37 (2.74 MB/s) - ‘www.tunnelpoemer.com/2021/05/blog-post_17.html’ へ保存終了 [56216]

--2026-09-16 09:37:38--  https://blogger.googleusercontent.com/img/b/R29vZ2xl/AVvXsEisnw2DdQyhpsfqLzWoSMmXLpzeKhVjJim2Ru3KV9hhG95AO9VY1dmKx6xgx8Bv8y-f9-1ljJ9idw-pUzAzv8EM30Pn6aUQ5oQzAuOLkD0Mm1jgn_Nhysy26k2bOjHAWm-Fj7gRfBWDaAE/s320/8B8D155D-AF41-47A9-BBD1-A345383506C3.jpeg
blogger.googleusercontent.com (blogger.googleusercontent.com)|2404:6800:400b:c005::84|:443 に接続しています... 接続しました。
HTTP による接続要求を送信しました、応答を待っています... 200 OK
長さ: 33609 (33K) [image/jpeg]
‘blogger.googleusercontent.com/img/b/R29vZ2xl/AVvXsEisnw2DdQyhpsfqLzWoSMmXLpzeKhVjJim2Ru3KV9hhG95AO9VY1dmKx6xgx8Bv8y-f9-1ljJ9idw-pUzAzv8EM30Pn6aUQ5oQzAuOLkD0Mm1jgn_Nhysy26k2bOjHAWm-Fj7gRfBWDaAE/s320/8B8D155D-AF41-47A9-BBD1-A345383506C3.jpeg’ に保存中

     0K .......... .......... .......... ..                   100% 2.52M=0.01s

2026-09-16 09:37:39 (2.52 MB/s) - ‘blogger.googleusercontent.com/img/b/R29vZ2xl/AVvXsEisnw2DdQyhpsfqLzWoSMmXLpzeKhVjJim2Ru3KV9hhG95AO9VY1dmKx6xgx8Bv8y-f9-1ljJ9idw-pUzAzv8EM30Pn6aUQ5oQzAuOLkD0Mm1jgn_Nhysy26k2bOjHAWm-Fj7gRfBWDaAE/s320/8B8D155D-AF41-47A9-BBD1-A345383506C3.jpeg’ へ保存完了 [33609/33609]

--2026-09-16 09:37:40--  https://www.tunnelpoemer.com/2021/05/blog-post_20.html
www.tunnelpoemer.com (www.tunnelpoemer.com)|2404:6800:400b:c005::79|:443 に接続しています... 接続しました。
HTTP による接続要求を送信しました、応答を待っています... 200 OK
長さ: 特定できません [text/html]
‘www.tunnelpoemer.com/2021/05/blog-post_20.html’ に保存中

     0K .......... .......... .......... .......... .......... 2.44M
    50K ....                                                   2.26M=0.02s

2026-09-16 09:37:41 (2.43 MB/s) - ‘www.tunnelpoemer.com/2021/05/blog-post_20.html’ へ保存終了 [56119]

--2026-09-16 09:37:42--  https://blogger.googleusercontent.com/img/b/R29vZ2xl/AVvXsEjsjCu_9x8mg2QuAdwMhNuDWyalW7YjUdQOhe0gVhkmwNJz1FTiPP1iRk7EdTip2nqV7QIhExaemnpWU7DOtQocOx0WMV_IfXg1TPsiLGfTIH1MNuzGXXTqXkQmJQJa5V5uaPZzlX91fHA/s320/412D8C5E-61AE-417D-92B9-023CC2979ED9.jpeg
blogger.googleusercontent.com (blogger.googleusercontent.com)|2404:6800:400b:c005::84|:443 に接続しています... 接続しました。
HTTP による接続要求を送信しました、応答を待っています... 200 OK
長さ: 24619 (24K) [image/jpeg]
‘blogger.googleusercontent.com/img/b/R29vZ2xl/AVvXsEjsjCu_9x8mg2QuAdwMhNuDWyalW7YjUdQOhe0gVhkmwNJz1FTiPP1iRk7EdTip2nqV7QIhExaemnpWU7DOtQocOx0WMV_IfXg1TPsiLGfTIH1MNuzGXXTqXkQmJQJa5V5uaPZzlX91fHA/s320/412D8C5E-61AE-417D-92B9-023CC2979ED9.jpeg’ に保存中

     0K .......... .......... ....                            100% 3.62M=0.006s

2026-09-16 09:37:43 (3.62 MB/s) - ‘blogger.googleusercontent.com/img/b/R29vZ2xl/AVvXsEjsjCu_9x8mg2QuAdwMhNuDWyalW7YjUdQOhe0gVhkmwNJz1FTiPP1iRk7EdTip2nqV7QIhExaemnpWU7DOtQocOx0WMV_IfXg1TPsiLGfTIH1MNuzGXXTqXkQmJQJa5V5uaPZzlX91fHA/s320/412D8C5E-61AE-417D-92B9-023CC2979ED9.jpeg’ へ保存完了 [24619/24619]

--2026-09-16 09:37:44--  https://www.tunnelpoemer.com/2021/05/blog-post_22.html
www.tunnelpoemer.com (www.tunnelpoemer.com)|2404:6800:400b:c005::79|:443 に接続しています... 接続しました。
HTTP による接続要求を送信しました、応答を待っています... 200 OK
長さ: 特定できません [text/html]
‘www.tunnelpoemer.com/2021/05/blog-post_22.html’ に保存中

     0K .......... .......... .......... .......... .......... 1.61M
    50K ....                                                   3.44M=0.03s

2026-09-16 09:37:45 (1.69 MB/s) - ‘www.tunnelpoemer.com/2021/05/blog-post_22.html’ へ保存終了 [55914]

--2026-09-16 09:37:46--  https://blogger.googleusercontent.com/img/b/R29vZ2xl/AVvXsEiEc4sYv-sGTwltDVk1mDcfQRjJTdQuFJvydV0HRrmzAXg8J_CeonDVFUPQtQzCITaU5BXDHUx-ykh2AlfapfZSLQ9b-FGveFtR40_910673XxwtPO0s_IXntsSssBWMDYDFKiaW_NdIwI/s320/9E40DEDC-38AF-45E1-9A4B-DA83BE1EB8CD.jpeg
blogger.googleusercontent.com (blogger.googleusercontent.com)|2404:6800:400b:c005::84|:443 に接続しています... 接続しました。
HTTP による接続要求を送信しました、応答を待っています... 200 OK
長さ: 20444 (20K) [image/jpeg]
‘blogger.googleusercontent.com/img/b/R29vZ2xl/AVvXsEiEc4sYv-sGTwltDVk1mDcfQRjJTdQuFJvydV0HRrmzAXg8J_CeonDVFUPQtQzCITaU5BXDHUx-ykh2AlfapfZSLQ9b-FGveFtR40_910673XxwtPO0s_IXntsSssBWMDYDFKiaW_NdIwI/s320/9E40DEDC-38AF-45E1-9A4B-DA83BE1EB8CD.jpeg’ に保存中

     0K .......... .........                                  100% 8.20M=0.002s

2026-09-16 09:37:47 (8.20 MB/s) - ‘blogger.googleusercontent.com/img/b/R29vZ2xl/AVvXsEiEc4sYv-sGTwltDVk1mDcfQRjJTdQuFJvydV0HRrmzAXg8J_CeonDVFUPQtQzCITaU5BXDHUx-ykh2AlfapfZSLQ9b-FGveFtR40_910673XxwtPO0s_IXntsSssBWMDYDFKiaW_NdIwI/s320/9E40DEDC-38AF-45E1-9A4B-DA83BE1EB8CD.jpeg’ へ保存完了 [20444/20444]

--2026-09-16 09:37:48--  https://www.tunnelpoemer.com/2021/05/blog-post_24.html
www.tunnelpoemer.com (www.tunnelpoemer.com)|2404:6800:400b:c005::79|:443 に接続しています... 接続しました。
HTTP による接続要求を送信しました、応答を待っています... 200 OK
長さ: 特定できません [text/html]
‘www.tunnelpoemer.com/2021/05/blog-post_24.html’ に保存中

     0K .......... .......... .......... .......... .......... 1.76M
    50K ....                                                   3.62M=0.03s

2026-09-16 09:37:50 (1.84 MB/s) - ‘www.tunnelpoemer.com/2021/05/blog-post_24.html’ へ保存終了 [55934]

--2026-09-16 09:37:51--  https://blogger.googleusercontent.com/img/b/R29vZ2xl/AVvXsEhBhNvXIdg-rbjN2rccfIUe2iLwCD52m8kWRtnHrYIGpzWUZayF6UZqPCv6uqlpAt3CrzSi2hGiGQKz4VvhaaN5SWXvecbEw1h-5UAeH95z6-0S5tUgOmMQJxcQdostfHSn2lfG_0iNQtw/s320/C96D724F-BEB9-4933-A166-E1B9D448B768.jpeg
blogger.googleusercontent.com (blogger.googleusercontent.com)|2404:6800:400b:c005::84|:443 に接続しています... 接続しました。
HTTP による接続要求を送信しました、応答を待っています... 200 OK
長さ: 27271 (27K) [image/jpeg]
‘blogger.googleusercontent.com/img/b/R29vZ2xl/AVvXsEhBhNvXIdg-rbjN2rccfIUe2iLwCD52m8kWRtnHrYIGpzWUZayF6UZqPCv6uqlpAt3CrzSi2hGiGQKz4VvhaaN5SWXvecbEw1h-5UAeH95z6-0S5tUgOmMQJxcQdostfHSn2lfG_0iNQtw/s320/C96D724F-BEB9-4933-A166-E1B9D448B768.jpeg’ に保存中

     0K .......... .......... ......                          100% 3.73M=0.007s

2026-09-16 09:37:53 (3.73 MB/s) - ‘blogger.googleusercontent.com/img/b/R29vZ2xl/AVvXsEhBhNvXIdg-rbjN2rccfIUe2iLwCD52m8kWRtnHrYIGpzWUZayF6UZqPCv6uqlpAt3CrzSi2hGiGQKz4VvhaaN5SWXvecbEw1h-5UAeH95z6-0S5tUgOmMQJxcQdostfHSn2lfG_0iNQtw/s320/C96D724F-BEB9-4933-A166-E1B9D448B768.jpeg’ へ保存完了 [27271/27271]

--2026-09-16 09:37:54--  https://www.tunnelpoemer.com/2021/05/blog-post_25.html
www.tunnelpoemer.com (www.tunnelpoemer.com)|2404:6800:400b:c005::79|:443 に接続しています... 接続しました。
HTTP による接続要求を送信しました、応答を待っています... 200 OK
長さ: 特定できません [text/html]
‘www.tunnelpoemer.com/2021/05/blog-post_25.html’ に保存中

     0K .......... .......... .......... .......... .......... 2.37M
    50K ....                                                   4.13M=0.02s

2026-09-16 09:37:55 (2.46 MB/s) - ‘www.tunnelpoemer.com/2021/05/blog-post_25.html’ へ保存終了 [55866]

--2026-09-16 09:37:56--  https://blogger.googleusercontent.com/img/b/R29vZ2xl/AVvXsEimpJzVUX2BFxwrwzewTDW7JL-LNIefntn-wwKbI8hRtLsB0G7Q6KxCCorehzCZePzKqOb918UikOG8rYvwXxp8HuBDzFcbsx9tngszIGI2M-0tMrOejzcGh8CMTruFY3qfP_9rndJIWvY/s320/0F76B352-8056-410B-B2BA-8719C3DA9C45.jpeg
blogger.googleusercontent.com (blogger.googleusercontent.com)|2404:6800:400b:c005::84|:443 に接続しています... 接続しました。
HTTP による接続要求を送信しました、応答を待っています... 200 OK
長さ: 26422 (26K) [image/jpeg]
‘blogger.googleusercontent.com/img/b/R29vZ2xl/AVvXsEimpJzVUX2BFxwrwzewTDW7JL-LNIefntn-wwKbI8hRtLsB0G7Q6KxCCorehzCZePzKqOb918UikOG8rYvwXxp8HuBDzFcbsx9tngszIGI2M-0tMrOejzcGh8CMTruFY3qfP_9rndJIWvY/s320/0F76B352-8056-410B-B2BA-8719C3DA9C45.jpeg’ に保存中

     0K .......... .......... .....                           100% 4.33M=0.006s

2026-09-16 09:37:58 (4.33 MB/s) - ‘blogger.googleusercontent.com/img/b/R29vZ2xl/AVvXsEimpJzVUX2BFxwrwzewTDW7JL-LNIefntn-wwKbI8hRtLsB0G7Q6KxCCorehzCZePzKqOb918UikOG8rYvwXxp8HuBDzFcbsx9tngszIGI2M-0tMrOejzcGh8CMTruFY3qfP_9rndJIWvY/s320/0F76B352-8056-410B-B2BA-8719C3DA9C45.jpeg’ へ保存完了 [26422/26422]

--2026-09-16 09:37:59--  https://www.tunnelpoemer.com/2021/05/blog-post_26.html
www.tunnelpoemer.com (www.tunnelpoemer.com)|2404:6800:400b:c005::79|:443 に接続しています... 接続しました。
HTTP による接続要求を送信しました、応答を待っています... 200 OK
長さ: 特定できません [text/html]
‘www.tunnelpoemer.com/2021/05/blog-post_26.html’ に保存中

     0K .......... .......... .......... .......... .......... 2.34M
    50K ....                                                   3.54M=0.02s

2026-09-16 09:38:00 (2.41 MB/s) - ‘www.tunnelpoemer.com/2021/05/blog-post_26.html’ へ保存終了 [56096]

--2026-09-16 09:38:01--  https://blogger.googleusercontent.com/img/b/R29vZ2xl/AVvXsEitq8YqoD16MfUHoo5IzeBAb1H6Fa0LU0FAwyTp02gUnq8WxSy7yHLBmPaxaqReit9st74dejocnMuI470JYmMFTGp1hwdqs94xQBV4wryVEVJOiPqk6whwU9vOAhuNFELs-lRj_SYjsX8/s320/28E1A0E1-D9D1-445C-8BA1-E601BE3B2A97.jpeg
blogger.googleusercontent.com (blogger.googleusercontent.com)|2404:6800:400b:c005::84|:443 に接続しています... 接続しました。
HTTP による接続要求を送信しました、応答を待っています... 200 OK
長さ: 22601 (22K) [image/jpeg]
‘blogger.googleusercontent.com/img/b/R29vZ2xl/AVvXsEitq8YqoD16MfUHoo5IzeBAb1H6Fa0LU0FAwyTp02gUnq8WxSy7yHLBmPaxaqReit9st74dejocnMuI470JYmMFTGp1hwdqs94xQBV4wryVEVJOiPqk6whwU9vOAhuNFELs-lRj_SYjsX8/s320/28E1A0E1-D9D1-445C-8BA1-E601BE3B2A97.jpeg’ に保存中

     0K .......... .......... ..                              100%  949K=0.02s

2026-09-16 09:38:04 (949 KB/s) - ‘blogger.googleusercontent.com/img/b/R29vZ2xl/AVvXsEitq8YqoD16MfUHoo5IzeBAb1H6Fa0LU0FAwyTp02gUnq8WxSy7yHLBmPaxaqReit9st74dejocnMuI470JYmMFTGp1hwdqs94xQBV4wryVEVJOiPqk6whwU9vOAhuNFELs-lRj_SYjsX8/s320/28E1A0E1-D9D1-445C-8BA1-E601BE3B2A97.jpeg’ へ保存完了 [22601/22601]

--2026-09-16 09:38:05--  https://www.tunnelpoemer.com/2021/05/blog-post_29.html
www.tunnelpoemer.com (www.tunnelpoemer.com)|2404:6800:400b:c005::79|:443 に接続しています... 接続しました。
HTTP による接続要求を送信しました、応答を待っています... 200 OK
長さ: 特定できません [text/html]
‘www.tunnelpoemer.com/2021/05/blog-post_29.html’ に保存中

     0K .......... .......... .......... .......... .......... 2.33M
    50K ....                                                   4.02M=0.02s

2026-09-16 09:38:07 (2.41 MB/s) - ‘www.tunnelpoemer.com/2021/05/blog-post_29.html’ へ保存終了 [56024]

--2026-09-16 09:38:08--  https://blogger.googleusercontent.com/img/b/R29vZ2xl/AVvXsEj6VmPlpprSVA54CV_aKzxhi6mY3-fzj6XNVhTWSjJlm_n-AGhCyNiJywNtFQAMxmx_NUcKVt4GS-9N9iTNtNCBlbby8tAZJSZwiojX83Dx3u0I3IjYT-RvJY-I4oINUqBkXv2UAkWQ9MQ/s320/24A4AE23-AA33-4CFD-8EB3-91A626441A69.jpeg
blogger.googleusercontent.com (blogger.googleusercontent.com)|2404:6800:400b:c005::84|:443 に接続しています... 接続しました。
HTTP による接続要求を送信しました、応答を待っています... 200 OK
長さ: 25997 (25K) [image/jpeg]
‘blogger.googleusercontent.com/img/b/R29vZ2xl/AVvXsEj6VmPlpprSVA54CV_aKzxhi6mY3-fzj6XNVhTWSjJlm_n-AGhCyNiJywNtFQAMxmx_NUcKVt4GS-9N9iTNtNCBlbby8tAZJSZwiojX83Dx3u0I3IjYT-RvJY-I4oINUqBkXv2UAkWQ9MQ/s320/24A4AE23-AA33-4CFD-8EB3-91A626441A69.jpeg’ に保存中

     0K .......... .......... .....                           100% 3.13M=0.008s

2026-09-16 09:38:10 (3.13 MB/s) - ‘blogger.googleusercontent.com/img/b/R29vZ2xl/AVvXsEj6VmPlpprSVA54CV_aKzxhi6mY3-fzj6XNVhTWSjJlm_n-AGhCyNiJywNtFQAMxmx_NUcKVt4GS-9N9iTNtNCBlbby8tAZJSZwiojX83Dx3u0I3IjYT-RvJY-I4oINUqBkXv2UAkWQ9MQ/s320/24A4AE23-AA33-4CFD-8EB3-91A626441A69.jpeg’ へ保存完了 [25997/25997]

--2026-09-16 09:38:11--  https://www.tunnelpoemer.com/2021/05/blog-post_31.html
www.tunnelpoemer.com (www.tunnelpoemer.com)|2404:6800:400b:c005::79|:443 に接続しています... 接続しました。
HTTP による接続要求を送信しました、応答を待っています... 200 OK
長さ: 特定できません [text/html]
‘www.tunnelpoemer.com/2021/05/blog-post_31.html’ に保存中

     0K .......... .......... .......... .......... .......... 1.36M
    50K ....                                                   3.44M=0.04s

2026-09-16 09:38:14 (1.43 MB/s) - ‘www.tunnelpoemer.com/2021/05/blog-post_31.html’ へ保存終了 [56111]

--2026-09-16 09:38:15--  https://blogger.googleusercontent.com/img/b/R29vZ2xl/AVvXsEhe-PMvw-x59v-pmwUZ88Kb3nkPYGk7MPmKfUO5FzVIxwdRU9jnbChZtwrXIwRrdZyk0wReMVHeNKZAHl54NzOH38i7GzmlnwRkxZejsXgv5PP-fK5J3tKsOX0qWij0D5820AgCE9HbYMM/s320/E61DB84C-B967-4EDD-A47F-C53B6190EE1A.jpeg
blogger.googleusercontent.com (blogger.googleusercontent.com)|2404:6800:400b:c005::84|:443 に接続しています... 接続しました。
HTTP による接続要求を送信しました、応答を待っています... 200 OK
長さ: 37743 (37K) [image/jpeg]
‘blogger.googleusercontent.com/img/b/R29vZ2xl/AVvXsEhe-PMvw-x59v-pmwUZ88Kb3nkPYGk7MPmKfUO5FzVIxwdRU9jnbChZtwrXIwRrdZyk0wReMVHeNKZAHl54NzOH38i7GzmlnwRkxZejsXgv5PP-fK5J3tKsOX0qWij0D5820AgCE9HbYMM/s320/E61DB84C-B967-4EDD-A47F-C53B6190EE1A.jpeg’ に保存中

     0K .......... .......... .......... ......               100% 2.15M=0.02s

2026-09-16 09:38:16 (2.15 MB/s) - ‘blogger.googleusercontent.com/img/b/R29vZ2xl/AVvXsEhe-PMvw-x59v-pmwUZ88Kb3nkPYGk7MPmKfUO5FzVIxwdRU9jnbChZtwrXIwRrdZyk0wReMVHeNKZAHl54NzOH38i7GzmlnwRkxZejsXgv5PP-fK5J3tKsOX0qWij0D5820AgCE9HbYMM/s320/E61DB84C-B967-4EDD-A47F-C53B6190EE1A.jpeg’ へ保存完了 [37743/37743]

--2026-09-16 09:38:17--  https://www.tunnelpoemer.com/2021/05/blog-post_5.html
www.tunnelpoemer.com (www.tunnelpoemer.com)|2404:6800:400b:c005::79|:443 に接続しています... 接続しました。
HTTP による接続要求を送信しました、応答を待っています... 200 OK
長さ: 特定できません [text/html]
‘www.tunnelpoemer.com/2021/05/blog-post_5.html’ に保存中

     0K .......... .......... .......... .......... .......... 3.14M
    50K ....                                                   3.30M=0.02s

2026-09-16 09:38:19 (3.15 MB/s) - ‘www.tunnelpoemer.com/2021/05/blog-post_5.html’ へ保存終了 [55961]

--2026-09-16 09:38:20--  https://blogger.googleusercontent.com/img/b/R29vZ2xl/AVvXsEi91HJcuwaaK0xTlXhu9FAyqpN1EZv0qd5EZUaGZtHPg6HWdxjiMwWI0tEHOReh-xlqYeK-4RB5M0ql0KgGM5L8q7aWbhAlA8Mib2-ksoq-I6Yu2GjCSCYuLf6VflD6niBLMpClRzOyzNQ/s320/63EE05A2-3C4F-4171-9004-4B9E6D18A836.jpeg
blogger.googleusercontent.com (blogger.googleusercontent.com)|2404:6800:400b:c005::84|:443 に接続しています... 接続しました。
HTTP による接続要求を送信しました、応答を待っています... 200 OK
長さ: 25391 (25K) [image/jpeg]
‘blogger.googleusercontent.com/img/b/R29vZ2xl/AVvXsEi91HJcuwaaK0xTlXhu9FAyqpN1EZv0qd5EZUaGZtHPg6HWdxjiMwWI0tEHOReh-xlqYeK-4RB5M0ql0KgGM5L8q7aWbhAlA8Mib2-ksoq-I6Yu2GjCSCYuLf6VflD6niBLMpClRzOyzNQ/s320/63EE05A2-3C4F-4171-9004-4B9E6D18A836.jpeg’ に保存中

     0K .......... .......... ....                            100% 3.04M=0.008s

2026-09-16 09:38:22 (3.04 MB/s) - ‘blogger.googleusercontent.com/img/b/R29vZ2xl/AVvXsEi91HJcuwaaK0xTlXhu9FAyqpN1EZv0qd5EZUaGZtHPg6HWdxjiMwWI0tEHOReh-xlqYeK-4RB5M0ql0KgGM5L8q7aWbhAlA8Mib2-ksoq-I6Yu2GjCSCYuLf6VflD6niBLMpClRzOyzNQ/s320/63EE05A2-3C4F-4171-9004-4B9E6D18A836.jpeg’ へ保存完了 [25391/25391]

--2026-09-16 09:38:23--  https://www.tunnelpoemer.com/2021/05/blog-post_84.html
www.tunnelpoemer.com (www.tunnelpoemer.com)|2404:6800:400b:c005::79|:443 に接続しています... 接続しました。
HTTP による接続要求を送信しました、応答を待っています... 200 OK
長さ: 特定できません [text/html]
‘www.tunnelpoemer.com/2021/05/blog-post_84.html’ に保存中

     0K .......... .......... .......... .......... ..........  529K
    50K ....                                                   2.45M=0.1s

2026-09-16 09:38:24 (569 KB/s) - ‘www.tunnelpoemer.com/2021/05/blog-post_84.html’ へ保存終了 [56168]

--2026-09-16 09:38:25--  https://blogger.googleusercontent.com/img/b/R29vZ2xl/AVvXsEhmUJmjzGzRetkEx16jza53YKLa04RyCtu6qNMaJkHv2HwXv4g6GsUa0JtWqDO-yzaRuWsyqGXgu7I052-MTAZ1l8mRtAAdIH8QgqvbjQgyajuSbAWwT2l8lCjBH4-tswCK5DvQ4fQTc0o/s320/341E618C-4B84-4534-9EFC-AFE0ACAD998D.jpeg
blogger.googleusercontent.com (blogger.googleusercontent.com)|2404:6800:400b:c005::84|:443 に接続しています... 接続しました。
HTTP による接続要求を送信しました、応答を待っています... 200 OK
長さ: 27453 (27K) [image/jpeg]
‘blogger.googleusercontent.com/img/b/R29vZ2xl/AVvXsEhmUJmjzGzRetkEx16jza53YKLa04RyCtu6qNMaJkHv2HwXv4g6GsUa0JtWqDO-yzaRuWsyqGXgu7I052-MTAZ1l8mRtAAdIH8QgqvbjQgyajuSbAWwT2l8lCjBH4-tswCK5DvQ4fQTc0o/s320/341E618C-4B84-4534-9EFC-AFE0ACAD998D.jpeg’ に保存中

     0K .......... .......... ......                          100% 3.41M=0.008s

2026-09-16 09:38:26 (3.41 MB/s) - ‘blogger.googleusercontent.com/img/b/R29vZ2xl/AVvXsEhmUJmjzGzRetkEx16jza53YKLa04RyCtu6qNMaJkHv2HwXv4g6GsUa0JtWqDO-yzaRuWsyqGXgu7I052-MTAZ1l8mRtAAdIH8QgqvbjQgyajuSbAWwT2l8lCjBH4-tswCK5DvQ4fQTc0o/s320/341E618C-4B84-4534-9EFC-AFE0ACAD998D.jpeg’ へ保存完了 [27453/27453]

--2026-09-16 09:38:27--  https://www.tunnelpoemer.com/2021/05/blog-post_8.html
www.tunnelpoemer.com (www.tunnelpoemer.com)|2404:6800:400b:c005::79|:443 に接続しています... 接続しました。
HTTP による接続要求を送信しました、応答を待っています... 200 OK
長さ: 特定できません [text/html]
‘www.tunnelpoemer.com/2021/05/blog-post_8.html’ に保存中

     0K .......... .......... .......... .......... .......... 2.15M
    50K .....                                                  4.79M=0.02s

2026-09-16 09:38:28 (2.26 MB/s) - ‘www.tunnelpoemer.com/2021/05/blog-post_8.html’ へ保存終了 [56382]

--2026-09-16 09:38:29--  https://blogger.googleusercontent.com/img/b/R29vZ2xl/AVvXsEjyDRghHU8dfC_7_UXyKj1LUSfOftkVjn5nhXZeUekDsGaPL3KaPK1WAb9qo7JFSMwHncLh7gucD06RG9b50VQ7Vy0pEIhh8A5U5GKO9ji2sWgBGOcPRBqL8TAG4DdokYAZZFXQGPpaXAU/s320/3637ED1A-B8DE-48B9-BC5E-1698BFDE2CD7.jpeg
blogger.googleusercontent.com (blogger.googleusercontent.com)|2404:6800:400b:c005::84|:443 に接続しています... 接続しました。
HTTP による接続要求を送信しました、応答を待っています... 200 OK
長さ: 32401 (32K) [image/jpeg]
‘blogger.googleusercontent.com/img/b/R29vZ2xl/AVvXsEjyDRghHU8dfC_7_UXyKj1LUSfOftkVjn5nhXZeUekDsGaPL3KaPK1WAb9qo7JFSMwHncLh7gucD06RG9b50VQ7Vy0pEIhh8A5U5GKO9ji2sWgBGOcPRBqL8TAG4DdokYAZZFXQGPpaXAU/s320/3637ED1A-B8DE-48B9-BC5E-1698BFDE2CD7.jpeg’ に保存中

     0K .......... .......... .......... .                    100% 2.79M=0.01s

2026-09-16 09:38:30 (2.79 MB/s) - ‘blogger.googleusercontent.com/img/b/R29vZ2xl/AVvXsEjyDRghHU8dfC_7_UXyKj1LUSfOftkVjn5nhXZeUekDsGaPL3KaPK1WAb9qo7JFSMwHncLh7gucD06RG9b50VQ7Vy0pEIhh8A5U5GKO9ji2sWgBGOcPRBqL8TAG4DdokYAZZFXQGPpaXAU/s320/3637ED1A-B8DE-48B9-BC5E-1698BFDE2CD7.jpeg’ へ保存完了 [32401/32401]

--2026-09-16 09:38:31--  https://www.tunnelpoemer.com/2021/05/blog-post.html
www.tunnelpoemer.com (www.tunnelpoemer.com)|2404:6800:400b:c005::79|:443 に接続しています... 接続しました。
HTTP による接続要求を送信しました、応答を待っています... 200 OK
長さ: 特定できません [text/html]
‘www.tunnelpoemer.com/2021/05/blog-post.html’ に保存中

     0K .......... .......... .......... .......... .......... 2.15M
    50K ....                                                   2.52M=0.02s

2026-09-16 09:38:33 (2.17 MB/s) - ‘www.tunnelpoemer.com/2021/05/blog-post.html’ へ保存終了 [55924]

--2026-09-16 09:38:34--  https://blogger.googleusercontent.com/img/b/R29vZ2xl/AVvXsEgiews9GKh48TDVE-WpTp7NUdg4oni61ZbvWIRMfOR36SPLk73ggywCJGXZXimH5s5j_wt6ihav4NeGo_z1yQG__y170niGdqz-JHm55UOvpUhLcUJOjqMZWH8Jepn_BrDsfOWGAQLG-c0/s320/D3D01D2A-2256-4A86-84E2-2509BD58F212.jpeg
blogger.googleusercontent.com (blogger.googleusercontent.com)|2404:6800:400b:c005::84|:443 に接続しています... 接続しました。
HTTP による接続要求を送信しました、応答を待っています... 200 OK
長さ: 42591 (42K) [image/jpeg]
‘blogger.googleusercontent.com/img/b/R29vZ2xl/AVvXsEgiews9GKh48TDVE-WpTp7NUdg4oni61ZbvWIRMfOR36SPLk73ggywCJGXZXimH5s5j_wt6ihav4NeGo_z1yQG__y170niGdqz-JHm55UOvpUhLcUJOjqMZWH8Jepn_BrDsfOWGAQLG-c0/s320/D3D01D2A-2256-4A86-84E2-2509BD58F212.jpeg’ に保存中

     0K .......... .......... .......... .......... .         100% 3.35M=0.01s

2026-09-16 09:38:36 (3.35 MB/s) - ‘blogger.googleusercontent.com/img/b/R29vZ2xl/AVvXsEgiews9GKh48TDVE-WpTp7NUdg4oni61ZbvWIRMfOR36SPLk73ggywCJGXZXimH5s5j_wt6ihav4NeGo_z1yQG__y170niGdqz-JHm55UOvpUhLcUJOjqMZWH8Jepn_BrDsfOWGAQLG-c0/s320/D3D01D2A-2256-4A86-84E2-2509BD58F212.jpeg’ へ保存完了 [42591/42591]

--2026-09-16 09:38:37--  https://www.tunnelpoemer.com/2021/05/o.html
www.tunnelpoemer.com (www.tunnelpoemer.com)|2404:6800:400b:c005::79|:443 に接続しています... 接続しました。
HTTP による接続要求を送信しました、応答を待っています... 200 OK
長さ: 特定できません [text/html]
‘www.tunnelpoemer.com/2021/05/o.html’ に保存中

     0K .......... .......... .......... .......... .......... 1.82M
    50K ....                                                   4.65M=0.03s

2026-09-16 09:38:38 (1.92 MB/s) - ‘www.tunnelpoemer.com/2021/05/o.html’ へ保存終了 [56127]

--2026-09-16 09:38:39--  https://blogger.googleusercontent.com/img/b/R29vZ2xl/AVvXsEjF51c6LVRxMSL96-zXqYQriarT5LWJv4n3el4NZIgLFFDaeUGuP3nv44sX2C7JmOgwMDqqyhjCl-vz7HDAFFAXUT9u4l_SkIGACUKokzJcPBbbTrEqZ-HTXhDeASkyr0NgvdwS0Ge1drc/s320/BCB29BD5-E369-4094-ACAB-AE2715544A60.jpeg
blogger.googleusercontent.com (blogger.googleusercontent.com)|2404:6800:400b:c005::84|:443 に接続しています... 接続しました。
HTTP による接続要求を送信しました、応答を待っています... 200 OK
長さ: 21239 (21K) [image/jpeg]
‘blogger.googleusercontent.com/img/b/R29vZ2xl/AVvXsEjF51c6LVRxMSL96-zXqYQriarT5LWJv4n3el4NZIgLFFDaeUGuP3nv44sX2C7JmOgwMDqqyhjCl-vz7HDAFFAXUT9u4l_SkIGACUKokzJcPBbbTrEqZ-HTXhDeASkyr0NgvdwS0Ge1drc/s320/BCB29BD5-E369-4094-ACAB-AE2715544A60.jpeg’ に保存中

     0K .......... ..........                                 100% 15.0M=0.001s

2026-09-16 09:38:40 (15.0 MB/s) - ‘blogger.googleusercontent.com/img/b/R29vZ2xl/AVvXsEjF51c6LVRxMSL96-zXqYQriarT5LWJv4n3el4NZIgLFFDaeUGuP3nv44sX2C7JmOgwMDqqyhjCl-vz7HDAFFAXUT9u4l_SkIGACUKokzJcPBbbTrEqZ-HTXhDeASkyr0NgvdwS0Ge1drc/s320/BCB29BD5-E369-4094-ACAB-AE2715544A60.jpeg’ へ保存完了 [21239/21239]

--2026-09-16 09:38:41--  https://www.tunnelpoemer.com/2021/06/5.html
www.tunnelpoemer.com (www.tunnelpoemer.com)|2404:6800:400b:c005::79|:443 に接続しています... 接続しました。
HTTP による接続要求を送信しました、応答を待っています... 200 OK
長さ: 特定できません [text/html]
‘www.tunnelpoemer.com/2021/06/5.html’ に保存中

     0K .......... .......... .......... .......... .......... 3.38M
    50K ....                                                   20.9M=0.01s

2026-09-16 09:38:41 (3.61 MB/s) - ‘www.tunnelpoemer.com/2021/06/5.html’ へ保存終了 [55569]

--2026-09-16 09:38:42--  https://blogger.googleusercontent.com/img/b/R29vZ2xl/AVvXsEgghYY95Pb-JytPLz3VhGl2YiNqT8VkOh305Sj-5OfyV4twK3jfLuX5EO38Zxt1iFM1GCpU100OV0DrqNL01YnYAFcMXbVkenHh6LPjH9-334enuxBULBBdVdCc6DHi0M_2zjfswXZCxC4/s320/C51046F9-07A1-458F-B668-54B1A4DF3416.jpeg
blogger.googleusercontent.com (blogger.googleusercontent.com)|2404:6800:400b:c005::84|:443 に接続しています... 接続しました。
HTTP による接続要求を送信しました、応答を待っています... 200 OK
長さ: 40010 (39K) [image/jpeg]
‘blogger.googleusercontent.com/img/b/R29vZ2xl/AVvXsEgghYY95Pb-JytPLz3VhGl2YiNqT8VkOh305Sj-5OfyV4twK3jfLuX5EO38Zxt1iFM1GCpU100OV0DrqNL01YnYAFcMXbVkenHh6LPjH9-334enuxBULBBdVdCc6DHi0M_2zjfswXZCxC4/s320/C51046F9-07A1-458F-B668-54B1A4DF3416.jpeg’ に保存中

     0K .......... .......... .......... .........            100% 2.82M=0.01s

2026-09-16 09:38:44 (2.82 MB/s) - ‘blogger.googleusercontent.com/img/b/R29vZ2xl/AVvXsEgghYY95Pb-JytPLz3VhGl2YiNqT8VkOh305Sj-5OfyV4twK3jfLuX5EO38Zxt1iFM1GCpU100OV0DrqNL01YnYAFcMXbVkenHh6LPjH9-334enuxBULBBdVdCc6DHi0M_2zjfswXZCxC4/s320/C51046F9-07A1-458F-B668-54B1A4DF3416.jpeg’ へ保存完了 [40010/40010]

--2026-09-16 09:38:45--  https://www.tunnelpoemer.com/2021/06/8888.html
www.tunnelpoemer.com (www.tunnelpoemer.com)|2404:6800:400b:c005::79|:443 に接続しています... 接続しました。
HTTP による接続要求を送信しました、応答を待っています... 200 OK
長さ: 特定できません [text/html]
‘www.tunnelpoemer.com/2021/06/8888.html’ に保存中

     0K .......... .......... .......... .......... .......... 2.12M
    50K ...                                                    2.38M=0.02s

2026-09-16 09:38:45 (2.14 MB/s) - ‘www.tunnelpoemer.com/2021/06/8888.html’ へ保存終了 [55121]

--2026-09-16 09:38:46--  https://blogger.googleusercontent.com/img/b/R29vZ2xl/AVvXsEgickCzB69H2LqT9wLPFoT7YYJDX7bDHasVJYbW_YwfFLKFRs96HB043UDa70l22unrkf2qNq7_l_RjF8Je0oAzIu0FQvDX96IfTQMNI35niRX2zwFYJsGSEWIKMIPnIz201bXrru2LM5o/s320/A842994F-6C87-48FE-8703-2667A9D3608F.jpeg
blogger.googleusercontent.com (blogger.googleusercontent.com)|2404:6800:400b:c005::84|:443 に接続しています... 接続しました。
HTTP による接続要求を送信しました、応答を待っています... 200 OK
長さ: 19947 (19K) [image/jpeg]
‘blogger.googleusercontent.com/img/b/R29vZ2xl/AVvXsEgickCzB69H2LqT9wLPFoT7YYJDX7bDHasVJYbW_YwfFLKFRs96HB043UDa70l22unrkf2qNq7_l_RjF8Je0oAzIu0FQvDX96IfTQMNI35niRX2zwFYJsGSEWIKMIPnIz201bXrru2LM5o/s320/A842994F-6C87-48FE-8703-2667A9D3608F.jpeg’ に保存中

     0K .......... .........                                  100% 14.5M=0.001s

2026-09-16 09:38:48 (14.5 MB/s) - ‘blogger.googleusercontent.com/img/b/R29vZ2xl/AVvXsEgickCzB69H2LqT9wLPFoT7YYJDX7bDHasVJYbW_YwfFLKFRs96HB043UDa70l22unrkf2qNq7_l_RjF8Je0oAzIu0FQvDX96IfTQMNI35niRX2zwFYJsGSEWIKMIPnIz201bXrru2LM5o/s320/A842994F-6C87-48FE-8703-2667A9D3608F.jpeg’ へ保存完了 [19947/19947]

--2026-09-16 09:38:49--  https://www.tunnelpoemer.com/2021/06/blog-post_12.html
www.tunnelpoemer.com (www.tunnelpoemer.com)|2404:6800:400b:c005::79|:443 に接続しています... 接続しました。
HTTP による接続要求を送信しました、応答を待っています... 200 OK
長さ: 特定できません [text/html]
‘www.tunnelpoemer.com/2021/06/blog-post_12.html’ に保存中

     0K .......... .......... .......... .......... .......... 2.27M
    50K ....                                                   21.6M=0.02s

2026-09-16 09:38:50 (2.43 MB/s) - ‘www.tunnelpoemer.com/2021/06/blog-post_12.html’ へ保存終了 [55407]

--2026-09-16 09:38:51--  https://blogger.googleusercontent.com/img/b/R29vZ2xl/AVvXsEgfQpJj_rtOtKvc_QyrUh8GtVTuq1QN9OR8IqgSrEAAhWzNZHVZxbNEz2qv-t7ELblm5WqD3TqCxCCCnBg7EkxsznThvvgQPdR8V4fkDF3OmPmYiD_jOAnadgv2Nl3fXpB7sPDi1vPQV4M/s320/E06A5D7F-075A-4AB3-8C1C-21792C280DFC.jpeg
blogger.googleusercontent.com (blogger.googleusercontent.com)|2404:6800:400b:c005::84|:443 に接続しています... 接続しました。
HTTP による接続要求を送信しました、応答を待っています... 200 OK
長さ: 29964 (29K) [image/jpeg]
‘blogger.googleusercontent.com/img/b/R29vZ2xl/AVvXsEgfQpJj_rtOtKvc_QyrUh8GtVTuq1QN9OR8IqgSrEAAhWzNZHVZxbNEz2qv-t7ELblm5WqD3TqCxCCCnBg7EkxsznThvvgQPdR8V4fkDF3OmPmYiD_jOAnadgv2Nl3fXpB7sPDi1vPQV4M/s320/E06A5D7F-075A-4AB3-8C1C-21792C280DFC.jpeg’ に保存中

     0K .......... .......... .........                       100% 4.32M=0.007s

2026-09-16 09:38:52 (4.32 MB/s) - ‘blogger.googleusercontent.com/img/b/R29vZ2xl/AVvXsEgfQpJj_rtOtKvc_QyrUh8GtVTuq1QN9OR8IqgSrEAAhWzNZHVZxbNEz2qv-t7ELblm5WqD3TqCxCCCnBg7EkxsznThvvgQPdR8V4fkDF3OmPmYiD_jOAnadgv2Nl3fXpB7sPDi1vPQV4M/s320/E06A5D7F-075A-4AB3-8C1C-21792C280DFC.jpeg’ へ保存完了 [29964/29964]

--2026-09-16 09:38:53--  https://www.tunnelpoemer.com/2021/06/blog-post_13.html
www.tunnelpoemer.com (www.tunnelpoemer.com)|2404:6800:400b:c005::79|:443 に接続しています... 接続しました。
HTTP による接続要求を送信しました、応答を待っています... 200 OK
長さ: 特定できません [text/html]
‘www.tunnelpoemer.com/2021/06/blog-post_13.html’ に保存中

     0K .......... .......... .......... .......... .......... 2.46M
    50K ...                                                    22.9M=0.02s

2026-09-16 09:38:54 (2.63 MB/s) - ‘www.tunnelpoemer.com/2021/06/blog-post_13.html’ へ保存終了 [55288]

--2026-09-16 09:38:55--  https://blogger.googleusercontent.com/img/b/R29vZ2xl/AVvXsEg6xZYN4np_KuuhxOUlQZVvtfWSHVjcELrGzuanB8OsSQ7Bq0eW-vlE29SY3EkJNqSPMW1yQpS975GsD2eASTWLvaZbFzgtv-z8vQw79JZeRUZIU5UuJ27JF9ol_RuRjb0LR2D5_d1Q6QE/s320/1C4FFB5C-0C7C-41FC-8CC7-71FC1C50BFC3.jpeg
blogger.googleusercontent.com (blogger.googleusercontent.com)|2404:6800:400b:c005::84|:443 に接続しています... 接続しました。
HTTP による接続要求を送信しました、応答を待っています... 200 OK
長さ: 36098 (35K) [image/jpeg]
‘blogger.googleusercontent.com/img/b/R29vZ2xl/AVvXsEg6xZYN4np_KuuhxOUlQZVvtfWSHVjcELrGzuanB8OsSQ7Bq0eW-vlE29SY3EkJNqSPMW1yQpS975GsD2eASTWLvaZbFzgtv-z8vQw79JZeRUZIU5UuJ27JF9ol_RuRjb0LR2D5_d1Q6QE/s320/1C4FFB5C-0C7C-41FC-8CC7-71FC1C50BFC3.jpeg’ に保存中

     0K .......... .......... .......... .....                100% 1.50M=0.02s

2026-09-16 09:38:56 (1.50 MB/s) - ‘blogger.googleusercontent.com/img/b/R29vZ2xl/AVvXsEg6xZYN4np_KuuhxOUlQZVvtfWSHVjcELrGzuanB8OsSQ7Bq0eW-vlE29SY3EkJNqSPMW1yQpS975GsD2eASTWLvaZbFzgtv-z8vQw79JZeRUZIU5UuJ27JF9ol_RuRjb0LR2D5_d1Q6QE/s320/1C4FFB5C-0C7C-41FC-8CC7-71FC1C50BFC3.jpeg’ へ保存完了 [36098/36098]

--2026-09-16 09:38:57--  https://www.tunnelpoemer.com/2021/06/blog-post_14.html
www.tunnelpoemer.com (www.tunnelpoemer.com)|2404:6800:400b:c005::79|:443 に接続しています... 接続しました。
HTTP による接続要求を送信しました、応答を待っています... 200 OK
長さ: 特定できません [text/html]
‘www.tunnelpoemer.com/2021/06/blog-post_14.html’ に保存中

     0K .......... .......... .......... .......... .......... 1.29M
    50K ....                                                   20.5M=0.04s

2026-09-16 09:38:58 (1.39 MB/s) - ‘www.tunnelpoemer.com/2021/06/blog-post_14.html’ へ保存終了 [55475]

--2026-09-16 09:38:59--  https://blogger.googleusercontent.com/img/b/R29vZ2xl/AVvXsEgiMsLSW5hrrAWxhtgOxDOpc-u81ru_-uQoE9l1_If93EAJpA4wjGc-EWeX3-1MAejVPtv2x90763YcfC86hFN_xaHrOfwyy2i7zbNHpdkk-kcsdMEoZrzqKX1ifbzRG9lWZaoM_7rdsGg/s320/BA2C122A-AFCD-401A-AECD-23A2965D7455.jpeg
blogger.googleusercontent.com (blogger.googleusercontent.com)|2404:6800:400b:c005::84|:443 に接続しています... 接続しました。
HTTP による接続要求を送信しました、応答を待っています... 200 OK
長さ: 46843 (46K) [image/jpeg]
‘blogger.googleusercontent.com/img/b/R29vZ2xl/AVvXsEgiMsLSW5hrrAWxhtgOxDOpc-u81ru_-uQoE9l1_If93EAJpA4wjGc-EWeX3-1MAejVPtv2x90763YcfC86hFN_xaHrOfwyy2i7zbNHpdkk-kcsdMEoZrzqKX1ifbzRG9lWZaoM_7rdsGg/s320/BA2C122A-AFCD-401A-AECD-23A2965D7455.jpeg’ に保存中

     0K .......... .......... .......... .......... .....     100% 2.41M=0.02s

2026-09-16 09:39:01 (2.41 MB/s) - ‘blogger.googleusercontent.com/img/b/R29vZ2xl/AVvXsEgiMsLSW5hrrAWxhtgOxDOpc-u81ru_-uQoE9l1_If93EAJpA4wjGc-EWeX3-1MAejVPtv2x90763YcfC86hFN_xaHrOfwyy2i7zbNHpdkk-kcsdMEoZrzqKX1ifbzRG9lWZaoM_7rdsGg/s320/BA2C122A-AFCD-401A-AECD-23A2965D7455.jpeg’ へ保存完了 [46843/46843]

--2026-09-16 09:39:02--  https://www.tunnelpoemer.com/2021/06/blog-post_20.html
www.tunnelpoemer.com (www.tunnelpoemer.com)|2404:6800:400b:c005::79|:443 に接続しています... 接続しました。
HTTP による接続要求を送信しました、応答を待っています... 200 OK
長さ: 特定できません [text/html]
‘www.tunnelpoemer.com/2021/06/blog-post_20.html’ に保存中

     0K .......... .......... .......... .......... .......... 2.42M
    50K ...                                                    19.4M=0.02s

2026-09-16 09:39:04 (2.58 MB/s) - ‘www.tunnelpoemer.com/2021/06/blog-post_20.html’ へ保存終了 [55268]

--2026-09-16 09:39:05--  https://blogger.googleusercontent.com/img/b/R29vZ2xl/AVvXsEjwWZyQ8lDsl10UMPhLjZOzjdd7ScUVQTMf9C9s8z2qrPJ7cgSJKuQfJvLFdQ9ndpQfOo7fwGW7Jr8p91rqr76mrGSvVHXWV6qAFPH_6-UMUnuXrfd58T5V3qh_W0nksqSZnytv3lf5y5M/s320/6FE78D46-C00C-4392-B248-09C00CA3D0DE.jpeg
blogger.googleusercontent.com (blogger.googleusercontent.com)|2404:6800:400b:c005::84|:443 に接続しています... 接続しました。
HTTP による接続要求を送信しました、応答を待っています... 200 OK
長さ: 36689 (36K) [image/jpeg]
‘blogger.googleusercontent.com/img/b/R29vZ2xl/AVvXsEjwWZyQ8lDsl10UMPhLjZOzjdd7ScUVQTMf9C9s8z2qrPJ7cgSJKuQfJvLFdQ9ndpQfOo7fwGW7Jr8p91rqr76mrGSvVHXWV6qAFPH_6-UMUnuXrfd58T5V3qh_W0nksqSZnytv3lf5y5M/s320/6FE78D46-C00C-4392-B248-09C00CA3D0DE.jpeg’ に保存中

     0K .......... .......... .......... .....                100% 4.23M=0.008s

2026-09-16 09:39:07 (4.23 MB/s) - ‘blogger.googleusercontent.com/img/b/R29vZ2xl/AVvXsEjwWZyQ8lDsl10UMPhLjZOzjdd7ScUVQTMf9C9s8z2qrPJ7cgSJKuQfJvLFdQ9ndpQfOo7fwGW7Jr8p91rqr76mrGSvVHXWV6qAFPH_6-UMUnuXrfd58T5V3qh_W0nksqSZnytv3lf5y5M/s320/6FE78D46-C00C-4392-B248-09C00CA3D0DE.jpeg’ へ保存完了 [36689/36689]

--2026-09-16 09:39:08--  https://www.tunnelpoemer.com/2021/06/blog-post_21.html
www.tunnelpoemer.com (www.tunnelpoemer.com)|2404:6800:400b:c005::79|:443 に接続しています... 接続しました。
HTTP による接続要求を送信しました、応答を待っています... 200 OK
長さ: 特定できません [text/html]
‘www.tunnelpoemer.com/2021/06/blog-post_21.html’ に保存中

     0K .......... .......... .......... .......... .......... 2.47M
    50K ...                                                    3.49M=0.02s

2026-09-16 09:39:09 (2.53 MB/s) - ‘www.tunnelpoemer.com/2021/06/blog-post_21.html’ へ保存終了 [55274]

--2026-09-16 09:39:10--  https://blogger.googleusercontent.com/img/b/R29vZ2xl/AVvXsEixvMVhzGDV1kuYm4QwEO84vPvf_Y-Z6WvcoSR0Ai8vgxLsw47o3KiRTI-wgzpnV_EsZhzhuxjVVXiD10NfJbuFMh7NK2fCGkqGkd18PyzBeTnr19Pq_UV5IraCYfzE9_njhjP2bdnim5E/s320/A965DF2F-26FA-4D21-BDDA-27672787AFEB.jpeg
blogger.googleusercontent.com (blogger.googleusercontent.com)|2404:6800:400b:c005::84|:443 に接続しています... 接続しました。
HTTP による接続要求を送信しました、応答を待っています... 200 OK
長さ: 53671 (52K) [image/jpeg]
‘blogger.googleusercontent.com/img/b/R29vZ2xl/AVvXsEixvMVhzGDV1kuYm4QwEO84vPvf_Y-Z6WvcoSR0Ai8vgxLsw47o3KiRTI-wgzpnV_EsZhzhuxjVVXiD10NfJbuFMh7NK2fCGkqGkd18PyzBeTnr19Pq_UV5IraCYfzE9_njhjP2bdnim5E/s320/A965DF2F-26FA-4D21-BDDA-27672787AFEB.jpeg’ に保存中

     0K .......... .......... .......... .......... .......... 95% 3.22M 0s
    50K ..                                                    100%  665K=0.02s

2026-09-16 09:39:13 (2.72 MB/s) - ‘blogger.googleusercontent.com/img/b/R29vZ2xl/AVvXsEixvMVhzGDV1kuYm4QwEO84vPvf_Y-Z6WvcoSR0Ai8vgxLsw47o3KiRTI-wgzpnV_EsZhzhuxjVVXiD10NfJbuFMh7NK2fCGkqGkd18PyzBeTnr19Pq_UV5IraCYfzE9_njhjP2bdnim5E/s320/A965DF2F-26FA-4D21-BDDA-27672787AFEB.jpeg’ へ保存完了 [53671/53671]

--2026-09-16 09:39:14--  https://www.tunnelpoemer.com/2021/06/blog-post_40.html
www.tunnelpoemer.com (www.tunnelpoemer.com)|2404:6800:400b:c005::79|:443 に接続しています... 接続しました。
HTTP による接続要求を送信しました、応答を待っています... 200 OK
長さ: 特定できません [text/html]
‘www.tunnelpoemer.com/2021/06/blog-post_40.html’ に保存中

     0K .......... .......... .......... .......... .......... 2.87M
    50K ....                                                   12.5M=0.02s

2026-09-16 09:39:16 (3.05 MB/s) - ‘www.tunnelpoemer.com/2021/06/blog-post_40.html’ へ保存終了 [55352]

--2026-09-16 09:39:17--  https://blogger.googleusercontent.com/img/b/R29vZ2xl/AVvXsEjgErx1nZYYWWn-PHb8Bu9rVMf8Mts5Y4TCYkCvdt-fKQCaz85jqFA9VTQMEa-ZAde6xJ_WR9VeEwOO02LKvcsSqyXR1U84iYUBXjtEf_TblLNZF4vuge7VmJHJA1DonsHeLfKOZtsqRjk/s320/3B712D2C-08B8-451A-A763-DD56839670F2.jpeg
blogger.googleusercontent.com (blogger.googleusercontent.com)|2404:6800:400b:c005::84|:443 に接続しています... 接続しました。
HTTP による接続要求を送信しました、応答を待っています... 200 OK
長さ: 30684 (30K) [image/jpeg]
‘blogger.googleusercontent.com/img/b/R29vZ2xl/AVvXsEjgErx1nZYYWWn-PHb8Bu9rVMf8Mts5Y4TCYkCvdt-fKQCaz85jqFA9VTQMEa-ZAde6xJ_WR9VeEwOO02LKvcsSqyXR1U84iYUBXjtEf_TblLNZF4vuge7VmJHJA1DonsHeLfKOZtsqRjk/s320/3B712D2C-08B8-451A-A763-DD56839670F2.jpeg’ に保存中

     0K .......... .......... .........                       100% 3.75M=0.008s

2026-09-16 09:39:19 (3.75 MB/s) - ‘blogger.googleusercontent.com/img/b/R29vZ2xl/AVvXsEjgErx1nZYYWWn-PHb8Bu9rVMf8Mts5Y4TCYkCvdt-fKQCaz85jqFA9VTQMEa-ZAde6xJ_WR9VeEwOO02LKvcsSqyXR1U84iYUBXjtEf_TblLNZF4vuge7VmJHJA1DonsHeLfKOZtsqRjk/s320/3B712D2C-08B8-451A-A763-DD56839670F2.jpeg’ へ保存完了 [30684/30684]

--2026-09-16 09:39:20--  https://www.tunnelpoemer.com/2021/06/blog-post_5.html
www.tunnelpoemer.com (www.tunnelpoemer.com)|2404:6800:400b:c005::79|:443 に接続しています... 接続しました。
HTTP による接続要求を送信しました、応答を待っています... 200 OK
長さ: 特定できません [text/html]
‘www.tunnelpoemer.com/2021/06/blog-post_5.html’ に保存中

     0K .......... .......... .......... .......... .......... 1.87M
    50K ....                                                   5.47M=0.03s

2026-09-16 09:39:21 (1.97 MB/s) - ‘www.tunnelpoemer.com/2021/06/blog-post_5.html’ へ保存終了 [55498]

--2026-09-16 09:39:22--  https://blogger.googleusercontent.com/img/b/R29vZ2xl/AVvXsEjjPVnl-JKd2u0jG2cGkXVa1KVrhz4YYOFKrvpgevKOzilERPNUvUMd2p-3ycQt9Aoe-gQh0oMEi8CWVE79scx9jC9lVnK_aXmNSkU7LVuzK0rr0okNKdmD_DYD2iTDnmT5lKJJUMqWdRQ/s320/EC81A818-4ABF-4395-8DDF-20404C5E2F1E.jpeg
blogger.googleusercontent.com (blogger.googleusercontent.com)|2404:6800:400b:c005::84|:443 に接続しています... 接続しました。
HTTP による接続要求を送信しました、応答を待っています... 200 OK
長さ: 44281 (43K) [image/jpeg]
‘blogger.googleusercontent.com/img/b/R29vZ2xl/AVvXsEjjPVnl-JKd2u0jG2cGkXVa1KVrhz4YYOFKrvpgevKOzilERPNUvUMd2p-3ycQt9Aoe-gQh0oMEi8CWVE79scx9jC9lVnK_aXmNSkU7LVuzK0rr0okNKdmD_DYD2iTDnmT5lKJJUMqWdRQ/s320/EC81A818-4ABF-4395-8DDF-20404C5E2F1E.jpeg’ に保存中

     0K .......... .......... .......... .......... ...       100%  251K=0.2s

2026-09-16 09:39:26 (251 KB/s) - ‘blogger.googleusercontent.com/img/b/R29vZ2xl/AVvXsEjjPVnl-JKd2u0jG2cGkXVa1KVrhz4YYOFKrvpgevKOzilERPNUvUMd2p-3ycQt9Aoe-gQh0oMEi8CWVE79scx9jC9lVnK_aXmNSkU7LVuzK0rr0okNKdmD_DYD2iTDnmT5lKJJUMqWdRQ/s320/EC81A818-4ABF-4395-8DDF-20404C5E2F1E.jpeg’ へ保存完了 [44281/44281]

--2026-09-16 09:39:27--  https://www.tunnelpoemer.com/2021/06/blog-post_6.html
www.tunnelpoemer.com (www.tunnelpoemer.com)|2404:6800:400b:c005::79|:443 に接続しています... 接続しました。
HTTP による接続要求を送信しました、応答を待っています... 200 OK
長さ: 特定できません [text/html]
‘www.tunnelpoemer.com/2021/06/blog-post_6.html’ に保存中

     0K .......... .......... .......... .......... .......... 2.62M
    50K ....                                                   5.01M=0.02s

2026-09-16 09:39:28 (2.72 MB/s) - ‘www.tunnelpoemer.com/2021/06/blog-post_6.html’ へ保存終了 [55460]

--2026-09-16 09:39:29--  https://blogger.googleusercontent.com/img/b/R29vZ2xl/AVvXsEicnjw5dPZEXMpIFpqpAhaxYxPepnOB89H9LJ0dfYLg0MPXSLKlx0Ts4C96bZRYZ10ESa7VXcbMgF96HrqXfq_bsom84D40XOjB2rCojfep4RXALMi_8BfCgbQmVKdRbGK-Pj4uiwpmwA4/s320/6111D6C6-3325-4C1A-8FEB-D53C791414AA.jpeg
blogger.googleusercontent.com (blogger.googleusercontent.com)|2404:6800:400b:c005::84|:443 に接続しています... 接続しました。
HTTP による接続要求を送信しました、応答を待っています... 200 OK
長さ: 50231 (49K) [image/jpeg]
‘blogger.googleusercontent.com/img/b/R29vZ2xl/AVvXsEicnjw5dPZEXMpIFpqpAhaxYxPepnOB89H9LJ0dfYLg0MPXSLKlx0Ts4C96bZRYZ10ESa7VXcbMgF96HrqXfq_bsom84D40XOjB2rCojfep4RXALMi_8BfCgbQmVKdRbGK-Pj4uiwpmwA4/s320/6111D6C6-3325-4C1A-8FEB-D53C791414AA.jpeg’ に保存中

     0K .......... .......... .......... .......... ......... 100% 2.96M=0.02s

2026-09-16 09:39:30 (2.96 MB/s) - ‘blogger.googleusercontent.com/img/b/R29vZ2xl/AVvXsEicnjw5dPZEXMpIFpqpAhaxYxPepnOB89H9LJ0dfYLg0MPXSLKlx0Ts4C96bZRYZ10ESa7VXcbMgF96HrqXfq_bsom84D40XOjB2rCojfep4RXALMi_8BfCgbQmVKdRbGK-Pj4uiwpmwA4/s320/6111D6C6-3325-4C1A-8FEB-D53C791414AA.jpeg’ へ保存完了 [50231/50231]

--2026-09-16 09:39:31--  https://www.tunnelpoemer.com/2021/06/blog-post_9.html
www.tunnelpoemer.com (www.tunnelpoemer.com)|2404:6800:400b:c005::79|:443 に接続しています... 接続しました。
HTTP による接続要求を送信しました、応答を待っています... 200 OK
長さ: 特定できません [text/html]
‘www.tunnelpoemer.com/2021/06/blog-post_9.html’ に保存中

     0K .......... .......... .......... .......... .......... 1.71M
    50K ....                                                   19.0M=0.03s

2026-09-16 09:39:33 (1.84 MB/s) - ‘www.tunnelpoemer.com/2021/06/blog-post_9.html’ へ保存終了 [55776]

--2026-09-16 09:39:34--  https://blogger.googleusercontent.com/img/b/R29vZ2xl/AVvXsEhqMN_NOmi3gFwETVRI1XRdpb9H0Cbz2rKj1G8cJDeeQKq21nX0AeLgmgdH1nYhbvsMhXKVgpjaebCqCq8QOouw-zFVbK4K-dQM1_vKvqYjkrpm1gSF9V4Wp1SdOT6-d-orvJHFBh9lJ1c/s320/D1B8B8F2-B6EB-4617-AA36-114E70A85AE3.jpeg
blogger.googleusercontent.com (blogger.googleusercontent.com)|2404:6800:400b:c005::84|:443 に接続しています... 接続しました。
HTTP による接続要求を送信しました、応答を待っています... 200 OK
長さ: 35381 (35K) [image/jpeg]
‘blogger.googleusercontent.com/img/b/R29vZ2xl/AVvXsEhqMN_NOmi3gFwETVRI1XRdpb9H0Cbz2rKj1G8cJDeeQKq21nX0AeLgmgdH1nYhbvsMhXKVgpjaebCqCq8QOouw-zFVbK4K-dQM1_vKvqYjkrpm1gSF9V4Wp1SdOT6-d-orvJHFBh9lJ1c/s320/D1B8B8F2-B6EB-4617-AA36-114E70A85AE3.jpeg’ に保存中

     0K .......... .......... .......... ....                 100% 2.86M=0.01s

2026-09-16 09:39:36 (2.86 MB/s) - ‘blogger.googleusercontent.com/img/b/R29vZ2xl/AVvXsEhqMN_NOmi3gFwETVRI1XRdpb9H0Cbz2rKj1G8cJDeeQKq21nX0AeLgmgdH1nYhbvsMhXKVgpjaebCqCq8QOouw-zFVbK4K-dQM1_vKvqYjkrpm1gSF9V4Wp1SdOT6-d-orvJHFBh9lJ1c/s320/D1B8B8F2-B6EB-4617-AA36-114E70A85AE3.jpeg’ へ保存完了 [35381/35381]

--2026-09-16 09:39:37--  https://www.tunnelpoemer.com/2021/06/blog-post.html
www.tunnelpoemer.com (www.tunnelpoemer.com)|2404:6800:400b:c005::79|:443 に接続しています... 接続しました。
HTTP による接続要求を送信しました、応答を待っています... 200 OK
長さ: 特定できません [text/html]
‘www.tunnelpoemer.com/2021/06/blog-post.html’ に保存中

     0K .......... .......... .......... .......... .......... 2.75M
    50K ....                                                   4.38M=0.02s

2026-09-16 09:39:39 (2.83 MB/s) - ‘www.tunnelpoemer.com/2021/06/blog-post.html’ へ保存終了 [55589]

--2026-09-16 09:39:40--  https://blogger.googleusercontent.com/img/b/R29vZ2xl/AVvXsEjtTiNBipN-Xi9-siYxap71QPIC5GAf7PULocPZzeysUndPUhMxj2Rt2_Ouoe86Pxnwu6gtGRpjJJX8Mo2E1CCZLvhuMu_LJr8uVWalFwTGdL5jHMPmhBm86KNk9dsabdmbJibzy4vDTq0/s320/AA8962B1-A09B-4EB9-A144-A012C1814FCE.jpeg
blogger.googleusercontent.com (blogger.googleusercontent.com)|2404:6800:400b:c005::84|:443 に接続しています... 接続しました。
HTTP による接続要求を送信しました、応答を待っています... 200 OK
長さ: 43201 (42K) [image/jpeg]
‘blogger.googleusercontent.com/img/b/R29vZ2xl/AVvXsEjtTiNBipN-Xi9-siYxap71QPIC5GAf7PULocPZzeysUndPUhMxj2Rt2_Ouoe86Pxnwu6gtGRpjJJX8Mo2E1CCZLvhuMu_LJr8uVWalFwTGdL5jHMPmhBm86KNk9dsabdmbJibzy4vDTq0/s320/AA8962B1-A09B-4EB9-A144-A012C1814FCE.jpeg’ に保存中

     0K .......... .......... .......... .......... ..        100% 4.37M=0.009s

2026-09-16 09:39:41 (4.37 MB/s) - ‘blogger.googleusercontent.com/img/b/R29vZ2xl/AVvXsEjtTiNBipN-Xi9-siYxap71QPIC5GAf7PULocPZzeysUndPUhMxj2Rt2_Ouoe86Pxnwu6gtGRpjJJX8Mo2E1CCZLvhuMu_LJr8uVWalFwTGdL5jHMPmhBm86KNk9dsabdmbJibzy4vDTq0/s320/AA8962B1-A09B-4EB9-A144-A012C1814FCE.jpeg’ へ保存完了 [43201/43201]

--2026-09-16 09:39:42--  https://www.tunnelpoemer.com/2021/06/lra.html
www.tunnelpoemer.com (www.tunnelpoemer.com)|2404:6800:400b:c005::79|:443 に接続しています... 接続しました。
HTTP による接続要求を送信しました、応答を待っています... 200 OK
長さ: 特定できません [text/html]
‘www.tunnelpoemer.com/2021/06/lra.html’ に保存中

     0K .......... .......... .......... .......... .......... 3.52M
    50K ....                                                   4.21M=0.01s

2026-09-16 09:39:43 (3.56 MB/s) - ‘www.tunnelpoemer.com/2021/06/lra.html’ へ保存終了 [55315]

--2026-09-16 09:39:44--  https://blogger.googleusercontent.com/img/b/R29vZ2xl/AVvXsEh-PZqe87ngsboTP5J3DAq5_nBLzBMcRSbgrDE1M0jL4UD3UNDyED9-3eNurSEiEyERepwDsaH3JNIOg5RmgCc46Teo6pVb-GGptJTNUtUfzs1GTaF2-_UY2ecKTT4oB6YJMnjnj66nNuE/s320/2CAD501A-4592-4131-86E1-E6B8C6E26B5D.jpeg
blogger.googleusercontent.com (blogger.googleusercontent.com)|2404:6800:400b:c005::84|:443 に接続しています... 接続しました。
HTTP による接続要求を送信しました、応答を待っています... 200 OK
長さ: 42780 (42K) [image/jpeg]
‘blogger.googleusercontent.com/img/b/R29vZ2xl/AVvXsEh-PZqe87ngsboTP5J3DAq5_nBLzBMcRSbgrDE1M0jL4UD3UNDyED9-3eNurSEiEyERepwDsaH3JNIOg5RmgCc46Teo6pVb-GGptJTNUtUfzs1GTaF2-_UY2ecKTT4oB6YJMnjnj66nNuE/s320/2CAD501A-4592-4131-86E1-E6B8C6E26B5D.jpeg’ に保存中

     0K .......... .......... .......... .......... .         100% 3.99M=0.01s

2026-09-16 09:39:45 (3.99 MB/s) - ‘blogger.googleusercontent.com/img/b/R29vZ2xl/AVvXsEh-PZqe87ngsboTP5J3DAq5_nBLzBMcRSbgrDE1M0jL4UD3UNDyED9-3eNurSEiEyERepwDsaH3JNIOg5RmgCc46Teo6pVb-GGptJTNUtUfzs1GTaF2-_UY2ecKTT4oB6YJMnjnj66nNuE/s320/2CAD501A-4592-4131-86E1-E6B8C6E26B5D.jpeg’ へ保存完了 [42780/42780]

--2026-09-16 09:39:46--  https://www.tunnelpoemer.com/2021/07/blog-post_11.html
www.tunnelpoemer.com (www.tunnelpoemer.com)|2404:6800:400b:c005::79|:443 に接続しています... 接続しました。
HTTP による接続要求を送信しました、応答を待っています... 200 OK
長さ: 特定できません [text/html]
‘www.tunnelpoemer.com/2021/07/blog-post_11.html’ に保存中

     0K .......... .......... .......... .......... .......... 2.43M
    50K ...                                                    14.2M=0.02s

2026-09-16 09:39:47 (2.58 MB/s) - ‘www.tunnelpoemer.com/2021/07/blog-post_11.html’ へ保存終了 [55048]

--2026-09-16 09:39:48--  https://blogger.googleusercontent.com/img/b/R29vZ2xl/AVvXsEiRtIjrAjeFSCGX7wCtSjD_WC8qdx48cegqW99qHOnS5bSqtIguhe_Xf1BxWFvj8O0HncOh5n445JC8nc5aage_BBOyPjtSKTYYMQKXUPQpXkPku-bjzjGG26oqe6gYs3NtF1XV_nqltC8/s320/3D1431DA-EB6E-4115-926D-2E0A9CBCFFB4.jpeg
blogger.googleusercontent.com (blogger.googleusercontent.com)|2404:6800:400b:c005::84|:443 に接続しています... 接続しました。
HTTP による接続要求を送信しました、応答を待っています... 200 OK
長さ: 35913 (35K) [image/jpeg]
‘blogger.googleusercontent.com/img/b/R29vZ2xl/AVvXsEiRtIjrAjeFSCGX7wCtSjD_WC8qdx48cegqW99qHOnS5bSqtIguhe_Xf1BxWFvj8O0HncOh5n445JC8nc5aage_BBOyPjtSKTYYMQKXUPQpXkPku-bjzjGG26oqe6gYs3NtF1XV_nqltC8/s320/3D1431DA-EB6E-4115-926D-2E0A9CBCFFB4.jpeg’ に保存中

     0K .......... .......... .......... .....                100% 3.24M=0.01s

2026-09-16 09:39:50 (3.24 MB/s) - ‘blogger.googleusercontent.com/img/b/R29vZ2xl/AVvXsEiRtIjrAjeFSCGX7wCtSjD_WC8qdx48cegqW99qHOnS5bSqtIguhe_Xf1BxWFvj8O0HncOh5n445JC8nc5aage_BBOyPjtSKTYYMQKXUPQpXkPku-bjzjGG26oqe6gYs3NtF1XV_nqltC8/s320/3D1431DA-EB6E-4115-926D-2E0A9CBCFFB4.jpeg’ へ保存完了 [35913/35913]

--2026-09-16 09:39:51--  https://www.tunnelpoemer.com/2021/07/blog-post_14.html
www.tunnelpoemer.com (www.tunnelpoemer.com)|2404:6800:400b:c005::79|:443 に接続しています... 接続しました。
HTTP による接続要求を送信しました、応答を待っています... 200 OK
長さ: 特定できません [text/html]
‘www.tunnelpoemer.com/2021/07/blog-post_14.html’ に保存中

     0K .......... .......... .......... .......... .......... 3.26M
    50K ....                                                   3.77M=0.02s

2026-09-16 09:39:53 (3.29 MB/s) - ‘www.tunnelpoemer.com/2021/07/blog-post_14.html’ へ保存終了 [55345]

--2026-09-16 09:39:54--  https://blogger.googleusercontent.com/img/b/R29vZ2xl/AVvXsEjFzI8XyzrhEhua9CS1a_3W2IhtD3m9mFAORqdTIXzQvFkyIOHnl2W-WeJU5N4NIYiz7beJFnR_UEYcHS0RMOvP1aGPQcqvWi3fdrCrzkQJrCaXlCklVzdDQItyM8VioBfU9TcQNGevpuk/s320/23D83E79-CFC1-43C2-804F-2D4DF160EEA0.jpeg
blogger.googleusercontent.com (blogger.googleusercontent.com)|2404:6800:400b:c005::84|:443 に接続しています... 接続しました。
HTTP による接続要求を送信しました、応答を待っています... 200 OK
長さ: 39554 (39K) [image/jpeg]
‘blogger.googleusercontent.com/img/b/R29vZ2xl/AVvXsEjFzI8XyzrhEhua9CS1a_3W2IhtD3m9mFAORqdTIXzQvFkyIOHnl2W-WeJU5N4NIYiz7beJFnR_UEYcHS0RMOvP1aGPQcqvWi3fdrCrzkQJrCaXlCklVzdDQItyM8VioBfU9TcQNGevpuk/s320/23D83E79-CFC1-43C2-804F-2D4DF160EEA0.jpeg’ に保存中

     0K .......... .......... .......... ........             100% 3.18M=0.01s

2026-09-16 09:39:56 (3.18 MB/s) - ‘blogger.googleusercontent.com/img/b/R29vZ2xl/AVvXsEjFzI8XyzrhEhua9CS1a_3W2IhtD3m9mFAORqdTIXzQvFkyIOHnl2W-WeJU5N4NIYiz7beJFnR_UEYcHS0RMOvP1aGPQcqvWi3fdrCrzkQJrCaXlCklVzdDQItyM8VioBfU9TcQNGevpuk/s320/23D83E79-CFC1-43C2-804F-2D4DF160EEA0.jpeg’ へ保存完了 [39554/39554]

--2026-09-16 09:39:57--  https://www.tunnelpoemer.com/2021/07/blog-post_18.html
www.tunnelpoemer.com (www.tunnelpoemer.com)|2404:6800:400b:c005::79|:443 に接続しています... 接続しました。
HTTP による接続要求を送信しました、応答を待っています... 200 OK
長さ: 特定できません [text/html]
‘www.tunnelpoemer.com/2021/07/blog-post_18.html’ に保存中

     0K .......... .......... .......... .......... .......... 2.54M
    50K ...                                                    6.03M=0.02s

2026-09-16 09:39:58 (2.65 MB/s) - ‘www.tunnelpoemer.com/2021/07/blog-post_18.html’ へ保存終了 [55275]

--2026-09-16 09:39:59--  https://blogger.googleusercontent.com/img/b/R29vZ2xl/AVvXsEgRVbg9ctDVghtZftLSkrHLBhRolwonTCYDJ6F7QE70W26tezl18HdYBRgZn2KxNoY7Cqeq-WyMh2n_7qfeMFGaJ0j-6exDkWZXYd4ftEIrQKzbKJmniJKJPhACmVfClVSYblbjzORKrns/s320/13D21C90-9194-4B6C-BE61-EDE16DA0A294.jpeg
blogger.googleusercontent.com (blogger.googleusercontent.com)|2404:6800:400b:c005::84|:443 に接続しています... 接続しました。
HTTP による接続要求を送信しました、応答を待っています... 200 OK
長さ: 36975 (36K) [image/jpeg]
‘blogger.googleusercontent.com/img/b/R29vZ2xl/AVvXsEgRVbg9ctDVghtZftLSkrHLBhRolwonTCYDJ6F7QE70W26tezl18HdYBRgZn2KxNoY7Cqeq-WyMh2n_7qfeMFGaJ0j-6exDkWZXYd4ftEIrQKzbKJmniJKJPhACmVfClVSYblbjzORKrns/s320/13D21C90-9194-4B6C-BE61-EDE16DA0A294.jpeg’ に保存中

     0K .......... .......... .......... ......               100% 4.23M=0.008s

2026-09-16 09:40:02 (4.23 MB/s) - ‘blogger.googleusercontent.com/img/b/R29vZ2xl/AVvXsEgRVbg9ctDVghtZftLSkrHLBhRolwonTCYDJ6F7QE70W26tezl18HdYBRgZn2KxNoY7Cqeq-WyMh2n_7qfeMFGaJ0j-6exDkWZXYd4ftEIrQKzbKJmniJKJPhACmVfClVSYblbjzORKrns/s320/13D21C90-9194-4B6C-BE61-EDE16DA0A294.jpeg’ へ保存完了 [36975/36975]

--2026-09-16 09:40:03--  https://www.tunnelpoemer.com/2021/07/blog-post_20.html
www.tunnelpoemer.com (www.tunnelpoemer.com)|2404:6800:400b:c005::79|:443 に接続しています... 接続しました。
HTTP による接続要求を送信しました、応答を待っています... 200 OK
長さ: 特定できません [text/html]
‘www.tunnelpoemer.com/2021/07/blog-post_20.html’ に保存中

     0K .......... .......... .......... .......... .......... 3.39M
    50K ...                                                    5.61M=0.02s

2026-09-16 09:40:03 (3.49 MB/s) - ‘www.tunnelpoemer.com/2021/07/blog-post_20.html’ へ保存終了 [55276]

--2026-09-16 09:40:04--  https://blogger.googleusercontent.com/img/b/R29vZ2xl/AVvXsEhh4qiZ94To-0G92YYLetMcKZ3pInass8sX4Cp4JeEl8qwYp4wYrBGZhYofjLpmM4XHduGhtcRUkwE1dHWKSPt-mAzE9Ac5-0FD0Iv7_MOsxjMdd5jgeyvmoI_LFBOB5pG4ssWw0_AuR0Q/s320/79121585-BE9C-47A6-BFD2-E471BCA309A2.jpeg
blogger.googleusercontent.com (blogger.googleusercontent.com)|2404:6800:400b:c005::84|:443 に接続しています... 接続しました。
HTTP による接続要求を送信しました、応答を待っています... 200 OK
長さ: 23970 (23K) [image/jpeg]
‘blogger.googleusercontent.com/img/b/R29vZ2xl/AVvXsEhh4qiZ94To-0G92YYLetMcKZ3pInass8sX4Cp4JeEl8qwYp4wYrBGZhYofjLpmM4XHduGhtcRUkwE1dHWKSPt-mAzE9Ac5-0FD0Iv7_MOsxjMdd5jgeyvmoI_LFBOB5pG4ssWw0_AuR0Q/s320/79121585-BE9C-47A6-BFD2-E471BCA309A2.jpeg’ に保存中

     0K .......... .......... ...                             100% 2.32M=0.01s

2026-09-16 09:40:06 (2.32 MB/s) - ‘blogger.googleusercontent.com/img/b/R29vZ2xl/AVvXsEhh4qiZ94To-0G92YYLetMcKZ3pInass8sX4Cp4JeEl8qwYp4wYrBGZhYofjLpmM4XHduGhtcRUkwE1dHWKSPt-mAzE9Ac5-0FD0Iv7_MOsxjMdd5jgeyvmoI_LFBOB5pG4ssWw0_AuR0Q/s320/79121585-BE9C-47A6-BFD2-E471BCA309A2.jpeg’ へ保存完了 [23970/23970]

--2026-09-16 09:40:07--  https://www.tunnelpoemer.com/2021/07/blog-post_24.html
www.tunnelpoemer.com (www.tunnelpoemer.com)|2404:6800:400b:c005::79|:443 に接続しています... 接続しました。
HTTP による接続要求を送信しました、応答を待っています... 200 OK
長さ: 特定できません [text/html]
‘www.tunnelpoemer.com/2021/07/blog-post_24.html’ に保存中

     0K .......... .......... .......... .......... .......... 3.08M
    50K ....                                                   3.20M=0.02s

2026-09-16 09:40:08 (3.09 MB/s) - ‘www.tunnelpoemer.com/2021/07/blog-post_24.html’ へ保存終了 [55349]

--2026-09-16 09:40:09--  https://blogger.googleusercontent.com/img/b/R29vZ2xl/AVvXsEirQ18MfrzMy5aA_hjLDblt0mvsWCvPbCJNnOBllsWxr2qMm892bbEUrPjwfQkld1iqRMDefDPuCJG2vOYd3ACkY4RbWt1aPEwacX932Mt7FB74IBvzroBQbMePSD9PmAHxiBpdiDw5QVU/s320/A55DC823-2BA8-4485-B645-717D5186B6BE.jpeg
blogger.googleusercontent.com (blogger.googleusercontent.com)|2404:6800:400b:c005::84|:443 に接続しています... 接続しました。
HTTP による接続要求を送信しました、応答を待っています... 200 OK
長さ: 37625 (37K) [image/jpeg]
‘blogger.googleusercontent.com/img/b/R29vZ2xl/AVvXsEirQ18MfrzMy5aA_hjLDblt0mvsWCvPbCJNnOBllsWxr2qMm892bbEUrPjwfQkld1iqRMDefDPuCJG2vOYd3ACkY4RbWt1aPEwacX932Mt7FB74IBvzroBQbMePSD9PmAHxiBpdiDw5QVU/s320/A55DC823-2BA8-4485-B645-717D5186B6BE.jpeg’ に保存中

     0K .......... .......... .......... ......               100% 4.17M=0.009s

2026-09-16 09:40:11 (4.17 MB/s) - ‘blogger.googleusercontent.com/img/b/R29vZ2xl/AVvXsEirQ18MfrzMy5aA_hjLDblt0mvsWCvPbCJNnOBllsWxr2qMm892bbEUrPjwfQkld1iqRMDefDPuCJG2vOYd3ACkY4RbWt1aPEwacX932Mt7FB74IBvzroBQbMePSD9PmAHxiBpdiDw5QVU/s320/A55DC823-2BA8-4485-B645-717D5186B6BE.jpeg’ へ保存完了 [37625/37625]

--2026-09-16 09:40:12--  https://www.tunnelpoemer.com/2021/07/blog-post_25.html
www.tunnelpoemer.com (www.tunnelpoemer.com)|2404:6800:400b:c005::79|:443 に接続しています... 接続しました。
HTTP による接続要求を送信しました、応答を待っています... 200 OK
長さ: 特定できません [text/html]
‘www.tunnelpoemer.com/2021/07/blog-post_25.html’ に保存中

     0K .......... .......... .......... .......... ..........  152K
    50K ...                                                    1.59M=0.3s

2026-09-16 09:40:14 (163 KB/s) - ‘www.tunnelpoemer.com/2021/07/blog-post_25.html’ へ保存終了 [55268]

--2026-09-16 09:40:15--  https://blogger.googleusercontent.com/img/b/R29vZ2xl/AVvXsEhMYadl3ao9H9QNY9mVlbw2P5AkkMnEGUDLZ7BfihfPALAoH1nBwJW09mZrazrieyH9ZUO9wtRHX1B9DsruyZOmgsw6tuJQs8fq7OWoqnS2xJO7CUT-vP0-VyTMaQLtd549NsiHbtL8JOw/s320/F533D7A7-8D65-49F5-A27F-B143247EDA95.jpeg
blogger.googleusercontent.com (blogger.googleusercontent.com)|2404:6800:400b:c005::84|:443 に接続しています... 接続しました。
HTTP による接続要求を送信しました、応答を待っています... 200 OK
長さ: 32415 (32K) [image/jpeg]
‘blogger.googleusercontent.com/img/b/R29vZ2xl/AVvXsEhMYadl3ao9H9QNY9mVlbw2P5AkkMnEGUDLZ7BfihfPALAoH1nBwJW09mZrazrieyH9ZUO9wtRHX1B9DsruyZOmgsw6tuJQs8fq7OWoqnS2xJO7CUT-vP0-VyTMaQLtd549NsiHbtL8JOw/s320/F533D7A7-8D65-49F5-A27F-B143247EDA95.jpeg’ に保存中

     0K .......... .......... .......... .                    100% 3.00M=0.01s

2026-09-16 09:40:17 (3.00 MB/s) - ‘blogger.googleusercontent.com/img/b/R29vZ2xl/AVvXsEhMYadl3ao9H9QNY9mVlbw2P5AkkMnEGUDLZ7BfihfPALAoH1nBwJW09mZrazrieyH9ZUO9wtRHX1B9DsruyZOmgsw6tuJQs8fq7OWoqnS2xJO7CUT-vP0-VyTMaQLtd549NsiHbtL8JOw/s320/F533D7A7-8D65-49F5-A27F-B143247EDA95.jpeg’ へ保存完了 [32415/32415]

--2026-09-16 09:40:18--  https://www.tunnelpoemer.com/2021/07/blog-post_27.html
www.tunnelpoemer.com (www.tunnelpoemer.com)|2404:6800:400b:c005::79|:443 に接続しています... 接続しました。
HTTP による接続要求を送信しました、応答を待っています... 200 OK
長さ: 特定できません [text/html]
‘www.tunnelpoemer.com/2021/07/blog-post_27.html’ に保存中

     0K .......... .......... .......... .......... .......... 1.45M
    50K ....                                                   6.64M=0.03s

2026-09-16 09:40:19 (1.54 MB/s) - ‘www.tunnelpoemer.com/2021/07/blog-post_27.html’ へ保存終了 [55361]

--2026-09-16 09:40:20--  https://blogger.googleusercontent.com/img/b/R29vZ2xl/AVvXsEhbD95eAQlKDSzOsuchpiUEqCpb59V37iXkO3R5QwkQeKsS8AiMSzdHdNZ673hiTT2ixIYB3KNfdqHMe-ckp3jcJhuNhBn5S28jYeTiYGikjfds_nsGG1WPArhp5wjKphtHVKkYdPsttqU/s320/20458BE2-88CF-4E8F-8814-47A82AB90D28.jpeg
blogger.googleusercontent.com (blogger.googleusercontent.com)|2404:6800:400b:c005::84|:443 に接続しています... 接続しました。
HTTP による接続要求を送信しました、応答を待っています... 200 OK
長さ: 40951 (40K) [image/jpeg]
‘blogger.googleusercontent.com/img/b/R29vZ2xl/AVvXsEhbD95eAQlKDSzOsuchpiUEqCpb59V37iXkO3R5QwkQeKsS8AiMSzdHdNZ673hiTT2ixIYB3KNfdqHMe-ckp3jcJhuNhBn5S28jYeTiYGikjfds_nsGG1WPArhp5wjKphtHVKkYdPsttqU/s320/20458BE2-88CF-4E8F-8814-47A82AB90D28.jpeg’ に保存中

     0K .......... .......... .......... .........            100% 4.19M=0.009s

2026-09-16 09:40:21 (4.19 MB/s) - ‘blogger.googleusercontent.com/img/b/R29vZ2xl/AVvXsEhbD95eAQlKDSzOsuchpiUEqCpb59V37iXkO3R5QwkQeKsS8AiMSzdHdNZ673hiTT2ixIYB3KNfdqHMe-ckp3jcJhuNhBn5S28jYeTiYGikjfds_nsGG1WPArhp5wjKphtHVKkYdPsttqU/s320/20458BE2-88CF-4E8F-8814-47A82AB90D28.jpeg’ へ保存完了 [40951/40951]

--2026-09-16 09:40:22--  https://www.tunnelpoemer.com/2021/07/blog-post_28.html
www.tunnelpoemer.com (www.tunnelpoemer.com)|2404:6800:400b:c005::79|:443 に接続しています... 接続しました。
HTTP による接続要求を送信しました、応答を待っています... 200 OK
長さ: 特定できません [text/html]
‘www.tunnelpoemer.com/2021/07/blog-post_28.html’ に保存中

     0K .......... .......... .......... .......... .......... 1.47M
    50K ...                                                    22.1M=0.03s

2026-09-16 09:40:24 (1.58 MB/s) - ‘www.tunnelpoemer.com/2021/07/blog-post_28.html’ へ保存終了 [55042]

--2026-09-16 09:40:25--  https://blogger.googleusercontent.com/img/b/R29vZ2xl/AVvXsEg66M7-CQBpNv-PNsBcgtG8Ahr6VcerFlO1nnDutCewUyCF6ASJP2owBvbM6OcgaJcntoxjg4mIDE89yj4Gcf7oxGGsRZeEhw6xACe8_YLlBg4uze53WyEooo3Z3B5x1ufmWwK4pyDQcgA/s320/D883FA18-9FFC-4A79-B2DD-05E12C48136B.jpeg
blogger.googleusercontent.com (blogger.googleusercontent.com)|2404:6800:400b:c005::84|:443 に接続しています... 接続しました。
HTTP による接続要求を送信しました、応答を待っています... 200 OK
長さ: 14269 (14K) [image/jpeg]
‘blogger.googleusercontent.com/img/b/R29vZ2xl/AVvXsEg66M7-CQBpNv-PNsBcgtG8Ahr6VcerFlO1nnDutCewUyCF6ASJP2owBvbM6OcgaJcntoxjg4mIDE89yj4Gcf7oxGGsRZeEhw6xACe8_YLlBg4uze53WyEooo3Z3B5x1ufmWwK4pyDQcgA/s320/D883FA18-9FFC-4A79-B2DD-05E12C48136B.jpeg’ に保存中

     0K .......... ...                                        100% 15.5M=0.001s

2026-09-16 09:40:27 (15.5 MB/s) - ‘blogger.googleusercontent.com/img/b/R29vZ2xl/AVvXsEg66M7-CQBpNv-PNsBcgtG8Ahr6VcerFlO1nnDutCewUyCF6ASJP2owBvbM6OcgaJcntoxjg4mIDE89yj4Gcf7oxGGsRZeEhw6xACe8_YLlBg4uze53WyEooo3Z3B5x1ufmWwK4pyDQcgA/s320/D883FA18-9FFC-4A79-B2DD-05E12C48136B.jpeg’ へ保存完了 [14269/14269]

--2026-09-16 09:40:28--  https://www.tunnelpoemer.com/2021/07/blog-post_4.html
www.tunnelpoemer.com (www.tunnelpoemer.com)|2404:6800:400b:c005::79|:443 に接続しています... 接続しました。
HTTP による接続要求を送信しました、応答を待っています... 200 OK
長さ: 特定できません [text/html]
‘www.tunnelpoemer.com/2021/07/blog-post_4.html’ に保存中

     0K .......... .......... .......... .......... .......... 2.70M
    50K ...                                                    3.20M=0.02s

2026-09-16 09:40:29 (2.73 MB/s) - ‘www.tunnelpoemer.com/2021/07/blog-post_4.html’ へ保存終了 [55057]

--2026-09-16 09:40:30--  https://blogger.googleusercontent.com/img/b/R29vZ2xl/AVvXsEiW0kUgekYUByCHmnwOLJpGXAoxcITKlxZvT-Kyl1NW-EPQ69osaHJsXZOqzr3bXa7mpWHPS5kDOncSbq-0gmrKSXmroz4XOLzxDAHUYPxxeztJzGDw-4Hj588d7U5zQan901rKpl5Z59c/s320/05217CB3-7931-4D84-85E0-26082A0124F1.jpeg
blogger.googleusercontent.com (blogger.googleusercontent.com)|2404:6800:400b:c005::84|:443 に接続しています... 接続しました。
HTTP による接続要求を送信しました、応答を待っています... 200 OK
長さ: 24672 (24K) [image/jpeg]
‘blogger.googleusercontent.com/img/b/R29vZ2xl/AVvXsEiW0kUgekYUByCHmnwOLJpGXAoxcITKlxZvT-Kyl1NW-EPQ69osaHJsXZOqzr3bXa7mpWHPS5kDOncSbq-0gmrKSXmroz4XOLzxDAHUYPxxeztJzGDw-4Hj588d7U5zQan901rKpl5Z59c/s320/05217CB3-7931-4D84-85E0-26082A0124F1.jpeg’ に保存中

     0K .......... .......... ....                            100% 2.46M=0.01s

2026-09-16 09:40:32 (2.46 MB/s) - ‘blogger.googleusercontent.com/img/b/R29vZ2xl/AVvXsEiW0kUgekYUByCHmnwOLJpGXAoxcITKlxZvT-Kyl1NW-EPQ69osaHJsXZOqzr3bXa7mpWHPS5kDOncSbq-0gmrKSXmroz4XOLzxDAHUYPxxeztJzGDw-4Hj588d7U5zQan901rKpl5Z59c/s320/05217CB3-7931-4D84-85E0-26082A0124F1.jpeg’ へ保存完了 [24672/24672]

--2026-09-16 09:40:33--  https://www.tunnelpoemer.com/2021/07/blog-post.html
www.tunnelpoemer.com (www.tunnelpoemer.com)|2404:6800:400b:c005::79|:443 に接続しています... 接続しました。
HTTP による接続要求を送信しました、応答を待っています... 200 OK
長さ: 特定できません [text/html]
‘www.tunnelpoemer.com/2021/07/blog-post.html’ に保存中

     0K .......... .......... .......... .......... .......... 2.30M
    50K ...                                                    2.46M=0.02s

2026-09-16 09:40:35 (2.31 MB/s) - ‘www.tunnelpoemer.com/2021/07/blog-post.html’ へ保存終了 [54948]

--2026-09-16 09:40:36--  https://blogger.googleusercontent.com/img/b/R29vZ2xl/AVvXsEgHa4RGTP8-D7dyZvImMgoz75kS_RqjHMEDLyjmOifU5SHzg4jkhBSOIM4vi_1Qq_JACUEfA79Kt6TgxzH-X9nfnAiUceSdQMwF3kkvY98fOAE0QtQgS-Hmuxa6EAGgfn3MEK44XQc2AEY/s320/2EEF5FB2-5930-4659-ACBA-99D829FCA52C.jpeg
blogger.googleusercontent.com (blogger.googleusercontent.com)|2404:6800:400b:c005::84|:443 に接続しています... 接続しました。
HTTP による接続要求を送信しました、応答を待っています... 200 OK
長さ: 28149 (27K) [image/jpeg]
‘blogger.googleusercontent.com/img/b/R29vZ2xl/AVvXsEgHa4RGTP8-D7dyZvImMgoz75kS_RqjHMEDLyjmOifU5SHzg4jkhBSOIM4vi_1Qq_JACUEfA79Kt6TgxzH-X9nfnAiUceSdQMwF3kkvY98fOAE0QtQgS-Hmuxa6EAGgfn3MEK44XQc2AEY/s320/2EEF5FB2-5930-4659-ACBA-99D829FCA52C.jpeg’ に保存中

     0K .......... .......... .......                         100% 4.15M=0.006s

2026-09-16 09:40:38 (4.15 MB/s) - ‘blogger.googleusercontent.com/img/b/R29vZ2xl/AVvXsEgHa4RGTP8-D7dyZvImMgoz75kS_RqjHMEDLyjmOifU5SHzg4jkhBSOIM4vi_1Qq_JACUEfA79Kt6TgxzH-X9nfnAiUceSdQMwF3kkvY98fOAE0QtQgS-Hmuxa6EAGgfn3MEK44XQc2AEY/s320/2EEF5FB2-5930-4659-ACBA-99D829FCA52C.jpeg’ へ保存完了 [28149/28149]

--2026-09-16 09:40:39--  https://www.tunnelpoemer.com/2021/08/a9989.html
www.tunnelpoemer.com (www.tunnelpoemer.com)|2404:6800:400b:c005::79|:443 に接続しています... 接続しました。
HTTP による接続要求を送信しました、応答を待っています... 200 OK
長さ: 特定できません [text/html]
‘www.tunnelpoemer.com/2021/08/a9989.html’ に保存中

     0K .......... .......... .......... .......... .......... 2.93M
    50K ...                                                    5.86M=0.02s

2026-09-16 09:40:40 (3.04 MB/s) - ‘www.tunnelpoemer.com/2021/08/a9989.html’ へ保存終了 [55205]

--2026-09-16 09:40:41--  https://blogger.googleusercontent.com/img/b/R29vZ2xl/AVvXsEjC-L7W3tOkgZegU6UYnQb7-Vx9XnKsw05d9pv3Sc6vy3y2FfcllJYrLk9irq0lhkH2ViOQPSB4pLVGAetypzJIJZUIOtU_N5KmhinOnxBbeRKwVN8vf92Po7YM_sdcyVD_JF56WNUZVBE/s320/3BC33E1E-B914-45E6-943E-F1F79145CCA7.jpeg
blogger.googleusercontent.com (blogger.googleusercontent.com)|2404:6800:400b:c005::84|:443 に接続しています... 接続しました。
HTTP による接続要求を送信しました、応答を待っています... 200 OK
長さ: 44554 (44K) [image/jpeg]
‘blogger.googleusercontent.com/img/b/R29vZ2xl/AVvXsEjC-L7W3tOkgZegU6UYnQb7-Vx9XnKsw05d9pv3Sc6vy3y2FfcllJYrLk9irq0lhkH2ViOQPSB4pLVGAetypzJIJZUIOtU_N5KmhinOnxBbeRKwVN8vf92Po7YM_sdcyVD_JF56WNUZVBE/s320/3BC33E1E-B914-45E6-943E-F1F79145CCA7.jpeg’ に保存中

     0K .......... .......... .......... .......... ...       100% 2.12M=0.02s

2026-09-16 09:40:43 (2.12 MB/s) - ‘blogger.googleusercontent.com/img/b/R29vZ2xl/AVvXsEjC-L7W3tOkgZegU6UYnQb7-Vx9XnKsw05d9pv3Sc6vy3y2FfcllJYrLk9irq0lhkH2ViOQPSB4pLVGAetypzJIJZUIOtU_N5KmhinOnxBbeRKwVN8vf92Po7YM_sdcyVD_JF56WNUZVBE/s320/3BC33E1E-B914-45E6-943E-F1F79145CCA7.jpeg’ へ保存完了 [44554/44554]

--2026-09-16 09:40:44--  https://www.tunnelpoemer.com/2021/08/blog-post_11.html
www.tunnelpoemer.com (www.tunnelpoemer.com)|2404:6800:400b:c005::79|:443 に接続しています... 接続しました。
HTTP による接続要求を送信しました、応答を待っています... 200 OK
長さ: 特定できません [text/html]
‘www.tunnelpoemer.com/2021/08/blog-post_11.html’ に保存中

     0K .......... .......... .......... .......... .......... 1.32M
    50K ...                                                    1.15M=0.04s

2026-09-16 09:40:46 (1.31 MB/s) - ‘www.tunnelpoemer.com/2021/08/blog-post_11.html’ へ保存終了 [55124]

--2026-09-16 09:40:47--  https://blogger.googleusercontent.com/img/b/R29vZ2xl/AVvXsEjKOc__DFbJMiQv6eSEYf-nazO4IQyVRvNTQRPNt_P_r7iTG4RdsTbtWgwRapP8ahJvK-HpR2D2GpiVWYFrdFRU0YKPNJpOmj-UzjmRbse7YybXXtsXj5mdNZPeUdBMUUlouhkXW8uKc-o/s320/50F91C78-469D-4E2D-9BAA-D0A5CF38C183.jpeg
blogger.googleusercontent.com (blogger.googleusercontent.com)|2404:6800:400b:c005::84|:443 に接続しています... 接続しました。
HTTP による接続要求を送信しました、応答を待っています... 200 OK
長さ: 38203 (37K) [image/jpeg]
‘blogger.googleusercontent.com/img/b/R29vZ2xl/AVvXsEjKOc__DFbJMiQv6eSEYf-nazO4IQyVRvNTQRPNt_P_r7iTG4RdsTbtWgwRapP8ahJvK-HpR2D2GpiVWYFrdFRU0YKPNJpOmj-UzjmRbse7YybXXtsXj5mdNZPeUdBMUUlouhkXW8uKc-o/s320/50F91C78-469D-4E2D-9BAA-D0A5CF38C183.jpeg’ に保存中

     0K .......... .......... .......... .......              100% 2.44M=0.01s

2026-09-16 09:40:48 (2.44 MB/s) - ‘blogger.googleusercontent.com/img/b/R29vZ2xl/AVvXsEjKOc__DFbJMiQv6eSEYf-nazO4IQyVRvNTQRPNt_P_r7iTG4RdsTbtWgwRapP8ahJvK-HpR2D2GpiVWYFrdFRU0YKPNJpOmj-UzjmRbse7YybXXtsXj5mdNZPeUdBMUUlouhkXW8uKc-o/s320/50F91C78-469D-4E2D-9BAA-D0A5CF38C183.jpeg’ へ保存完了 [38203/38203]

--2026-09-16 09:40:49--  https://www.tunnelpoemer.com/2021/08/blog-post_14.html
www.tunnelpoemer.com (www.tunnelpoemer.com)|2404:6800:400b:c005::79|:443 に接続しています... 接続しました。
HTTP による接続要求を送信しました、応答を待っています... 200 OK
長さ: 特定できません [text/html]
‘www.tunnelpoemer.com/2021/08/blog-post_14.html’ に保存中

     0K .......... .......... .......... .......... .......... 3.49M
    50K ....                                                   13.5M=0.01s

2026-09-16 09:40:51 (3.71 MB/s) - ‘www.tunnelpoemer.com/2021/08/blog-post_14.html’ へ保存終了 [55558]

--2026-09-16 09:40:52--  https://blogger.googleusercontent.com/img/b/R29vZ2xl/AVvXsEhNm5dcovz5q36Ug4go4yTqDSQZbfFwv2gvd5gCkrLWDSZXgDnV0L55DmjLdu6OGel011ZQM81Eq4gZrg01zA5W8SYRdh-8zODofA2unG0aHhp5T6Iefxtd1fY257_YyD6Q4T0VV29f6Us/s320/5F9FE3C3-AE25-4D09-9FBC-0D4B2CDBA373.jpeg
blogger.googleusercontent.com (blogger.googleusercontent.com)|2404:6800:400b:c005::84|:443 に接続しています... 接続しました。
HTTP による接続要求を送信しました、応答を待っています... 200 OK
長さ: 37727 (37K) [image/jpeg]
‘blogger.googleusercontent.com/img/b/R29vZ2xl/AVvXsEhNm5dcovz5q36Ug4go4yTqDSQZbfFwv2gvd5gCkrLWDSZXgDnV0L55DmjLdu6OGel011ZQM81Eq4gZrg01zA5W8SYRdh-8zODofA2unG0aHhp5T6Iefxtd1fY257_YyD6Q4T0VV29f6Us/s320/5F9FE3C3-AE25-4D09-9FBC-0D4B2CDBA373.jpeg’ に保存中

     0K .......... .......... .......... ......               100% 3.28M=0.01s

2026-09-16 09:40:54 (3.28 MB/s) - ‘blogger.googleusercontent.com/img/b/R29vZ2xl/AVvXsEhNm5dcovz5q36Ug4go4yTqDSQZbfFwv2gvd5gCkrLWDSZXgDnV0L55DmjLdu6OGel011ZQM81Eq4gZrg01zA5W8SYRdh-8zODofA2unG0aHhp5T6Iefxtd1fY257_YyD6Q4T0VV29f6Us/s320/5F9FE3C3-AE25-4D09-9FBC-0D4B2CDBA373.jpeg’ へ保存完了 [37727/37727]

--2026-09-16 09:40:55--  https://www.tunnelpoemer.com/2021/08/blog-post_15.html
www.tunnelpoemer.com (www.tunnelpoemer.com)|2404:6800:400b:c005::79|:443 に接続しています... 接続しました。
HTTP による接続要求を送信しました、応答を待っています... 200 OK
長さ: 特定できません [text/html]
‘www.tunnelpoemer.com/2021/08/blog-post_15.html’ に保存中

     0K .......... .......... .......... .......... .......... 3.04M
    50K ...                                                    5.69M=0.02s

2026-09-16 09:40:57 (3.14 MB/s) - ‘www.tunnelpoemer.com/2021/08/blog-post_15.html’ へ保存終了 [55042]

--2026-09-16 09:40:58--  https://blogger.googleusercontent.com/img/b/R29vZ2xl/AVvXsEiJUVjBtlXBSO5hdi69N06CNa-v1rqYqEgRd-EAtu7Rzq42CN4JXeT1HvwJ7WxdHYWdHNbgxiXxziTXvM0gPIg1xnHBEh_q1IRo5Iafw4r28z7uec-YvZqH28Eou_HVXmw1FuWCDOnFHoM/s320/AD552671-C598-49B6-B11B-D05922030073.jpeg
blogger.googleusercontent.com (blogger.googleusercontent.com)|2404:6800:400b:c005::84|:443 に接続しています... 接続しました。
HTTP による接続要求を送信しました、応答を待っています... 200 OK
長さ: 30563 (30K) [image/jpeg]
‘blogger.googleusercontent.com/img/b/R29vZ2xl/AVvXsEiJUVjBtlXBSO5hdi69N06CNa-v1rqYqEgRd-EAtu7Rzq42CN4JXeT1HvwJ7WxdHYWdHNbgxiXxziTXvM0gPIg1xnHBEh_q1IRo5Iafw4r28z7uec-YvZqH28Eou_HVXmw1FuWCDOnFHoM/s320/AD552671-C598-49B6-B11B-D05922030073.jpeg’ に保存中

     0K .......... .......... .........                       100% 3.38M=0.009s

2026-09-16 09:41:00 (3.38 MB/s) - ‘blogger.googleusercontent.com/img/b/R29vZ2xl/AVvXsEiJUVjBtlXBSO5hdi69N06CNa-v1rqYqEgRd-EAtu7Rzq42CN4JXeT1HvwJ7WxdHYWdHNbgxiXxziTXvM0gPIg1xnHBEh_q1IRo5Iafw4r28z7uec-YvZqH28Eou_HVXmw1FuWCDOnFHoM/s320/AD552671-C598-49B6-B11B-D05922030073.jpeg’ へ保存完了 [30563/30563]

--2026-09-16 09:41:01--  https://www.tunnelpoemer.com/2021/08/blog-post_20.html
www.tunnelpoemer.com (www.tunnelpoemer.com)|2404:6800:400b:c005::79|:443 に接続しています... 接続しました。
HTTP による接続要求を送信しました、応答を待っています... 200 OK
長さ: 特定できません [text/html]
‘www.tunnelpoemer.com/2021/08/blog-post_20.html’ に保存中

     0K .......... .......... .......... .......... .......... 2.38M
    50K ...                                                    4.04M=0.02s

2026-09-16 09:41:03 (2.45 MB/s) - ‘www.tunnelpoemer.com/2021/08/blog-post_20.html’ へ保存終了 [55105]

--2026-09-16 09:41:04--  https://blogger.googleusercontent.com/img/b/R29vZ2xl/AVvXsEh6LPbCwe8KpH1DL8kaUkec_Yke3_Zz4oej56wJ9vrU0qISHKCwyCz_jJX-Ap7vtWhFC0angSp3tLu66SIwhnQcjtxT9TrP5FXD2T4RoHN9XlnEsOZpQNabhJ5T-pAxohAS0EpnJgcJKoA/s320/4DDAB849-C8B6-4AC8-A60D-1F5D0497F995.jpeg
blogger.googleusercontent.com (blogger.googleusercontent.com)|2404:6800:400b:c005::84|:443 に接続しています... 接続しました。
HTTP による接続要求を送信しました、応答を待っています... 200 OK
長さ: 39793 (39K) [image/jpeg]
‘blogger.googleusercontent.com/img/b/R29vZ2xl/AVvXsEh6LPbCwe8KpH1DL8kaUkec_Yke3_Zz4oej56wJ9vrU0qISHKCwyCz_jJX-Ap7vtWhFC0angSp3tLu66SIwhnQcjtxT9TrP5FXD2T4RoHN9XlnEsOZpQNabhJ5T-pAxohAS0EpnJgcJKoA/s320/4DDAB849-C8B6-4AC8-A60D-1F5D0497F995.jpeg’ に保存中

     0K .......... .......... .......... ........             100% 1.89M=0.02s

2026-09-16 09:41:06 (1.89 MB/s) - ‘blogger.googleusercontent.com/img/b/R29vZ2xl/AVvXsEh6LPbCwe8KpH1DL8kaUkec_Yke3_Zz4oej56wJ9vrU0qISHKCwyCz_jJX-Ap7vtWhFC0angSp3tLu66SIwhnQcjtxT9TrP5FXD2T4RoHN9XlnEsOZpQNabhJ5T-pAxohAS0EpnJgcJKoA/s320/4DDAB849-C8B6-4AC8-A60D-1F5D0497F995.jpeg’ へ保存完了 [39793/39793]

--2026-09-16 09:41:07--  https://www.tunnelpoemer.com/2021/08/blog-post_22.html
www.tunnelpoemer.com (www.tunnelpoemer.com)|2404:6800:400b:c005::79|:443 に接続しています... 接続しました。
HTTP による接続要求を送信しました、応答を待っています... 200 OK
長さ: 特定できません [text/html]
‘www.tunnelpoemer.com/2021/08/blog-post_22.html’ に保存中

     0K .......... .......... .......... .......... .......... 1.02M
    50K ....                                                   4.05M=0.05s

2026-09-16 09:41:09 (1.09 MB/s) - ‘www.tunnelpoemer.com/2021/08/blog-post_22.html’ へ保存終了 [55416]

--2026-09-16 09:41:10--  https://blogger.googleusercontent.com/img/b/R29vZ2xl/AVvXsEgCrYfldQN8plFmgde51irCnjIQSvetyhYux9t75zeTEy2DXz7VwplOsTYPAWwrlf7Hgw_XVMi2MBx70HsspOTcVDhYYI6r74j4hCP5eSGULoO4Hd7z4q2D6Ee2ggyAl-l5QZX07zLs6iY/s320/1E5EEF1E-0842-4A0F-BA55-AA94BF67B9CC.jpeg
blogger.googleusercontent.com (blogger.googleusercontent.com)|2404:6800:400b:c005::84|:443 に接続しています... 接続しました。
HTTP による接続要求を送信しました、応答を待っています... 200 OK
長さ: 34901 (34K) [image/jpeg]
‘blogger.googleusercontent.com/img/b/R29vZ2xl/AVvXsEgCrYfldQN8plFmgde51irCnjIQSvetyhYux9t75zeTEy2DXz7VwplOsTYPAWwrlf7Hgw_XVMi2MBx70HsspOTcVDhYYI6r74j4hCP5eSGULoO4Hd7z4q2D6Ee2ggyAl-l5QZX07zLs6iY/s320/1E5EEF1E-0842-4A0F-BA55-AA94BF67B9CC.jpeg’ に保存中

     0K .......... .......... .......... ....                 100% 2.95M=0.01s

2026-09-16 09:41:11 (2.95 MB/s) - ‘blogger.googleusercontent.com/img/b/R29vZ2xl/AVvXsEgCrYfldQN8plFmgde51irCnjIQSvetyhYux9t75zeTEy2DXz7VwplOsTYPAWwrlf7Hgw_XVMi2MBx70HsspOTcVDhYYI6r74j4hCP5eSGULoO4Hd7z4q2D6Ee2ggyAl-l5QZX07zLs6iY/s320/1E5EEF1E-0842-4A0F-BA55-AA94BF67B9CC.jpeg’ へ保存完了 [34901/34901]

--2026-09-16 09:41:12--  https://www.tunnelpoemer.com/2021/08/blog-post_28.html
www.tunnelpoemer.com (www.tunnelpoemer.com)|2404:6800:400b:c005::79|:443 に接続しています... 接続しました。
HTTP による接続要求を送信しました、応答を待っています... 200 OK
長さ: 特定できません [text/html]
‘www.tunnelpoemer.com/2021/08/blog-post_28.html’ に保存中

     0K .......... .......... .......... .......... .......... 1.50M
    50K ...                                                    5.20M=0.03s

2026-09-16 09:41:13 (1.58 MB/s) - ‘www.tunnelpoemer.com/2021/08/blog-post_28.html’ へ保存終了 [55241]

--2026-09-16 09:41:14--  https://blogger.googleusercontent.com/img/b/R29vZ2xl/AVvXsEjHyrr7QSjfT40BvG-zmDgLimtwFIq4a-MJtjklfI5TbdAD8XPESSDSTbSq4pBJWZxX2_fWC2C5Jui2RHZJolESxsk7BJYatXdQIHgud782iYXZ3ucY2L-BOANLwk0cDchMWMPNa7fArHY/s320/B41FEB6E-B9FC-4B9E-A6A9-FC983FD6C72A.jpeg
blogger.googleusercontent.com (blogger.googleusercontent.com)|2404:6800:400b:c005::84|:443 に接続しています... 接続しました。
HTTP による接続要求を送信しました、応答を待っています... 200 OK
長さ: 40857 (40K) [image/jpeg]
‘blogger.googleusercontent.com/img/b/R29vZ2xl/AVvXsEjHyrr7QSjfT40BvG-zmDgLimtwFIq4a-MJtjklfI5TbdAD8XPESSDSTbSq4pBJWZxX2_fWC2C5Jui2RHZJolESxsk7BJYatXdQIHgud782iYXZ3ucY2L-BOANLwk0cDchMWMPNa7fArHY/s320/B41FEB6E-B9FC-4B9E-A6A9-FC983FD6C72A.jpeg’ に保存中

     0K .......... .......... .......... .........            100% 2.65M=0.01s

2026-09-16 09:41:16 (2.65 MB/s) - ‘blogger.googleusercontent.com/img/b/R29vZ2xl/AVvXsEjHyrr7QSjfT40BvG-zmDgLimtwFIq4a-MJtjklfI5TbdAD8XPESSDSTbSq4pBJWZxX2_fWC2C5Jui2RHZJolESxsk7BJYatXdQIHgud782iYXZ3ucY2L-BOANLwk0cDchMWMPNa7fArHY/s320/B41FEB6E-B9FC-4B9E-A6A9-FC983FD6C72A.jpeg’ へ保存完了 [40857/40857]

--2026-09-16 09:41:17--  https://www.tunnelpoemer.com/2021/08/blog-post_29.html
www.tunnelpoemer.com (www.tunnelpoemer.com)|2404:6800:400b:c005::79|:443 に接続しています... 接続しました。
HTTP による接続要求を送信しました、応答を待っています... 200 OK
長さ: 特定できません [text/html]
‘www.tunnelpoemer.com/2021/08/blog-post_29.html’ に保存中

     0K .......... .......... .......... .......... .......... 2.87M
    50K ...                                                    2.71M=0.02s

2026-09-16 09:41:18 (2.85 MB/s) - ‘www.tunnelpoemer.com/2021/08/blog-post_29.html’ へ保存終了 [55061]

--2026-09-16 09:41:19--  https://blogger.googleusercontent.com/img/b/R29vZ2xl/AVvXsEiCGh9AIWtnvYuGUe-LUKNQ0RzCr8PmZyR7KQ_Kn6eEyvCrCSwhIW5bBpqaZFV5cJLv3VGSEuS8-wjPhLjku0mqhQtEA7JWMwG_E-x1fzlHyAeeI9so-8DuTQmyUN-j56WcyijQpYKl8P4/s320/210B6EDA-7F5F-4BAD-85F8-99DC1751DF3E.jpeg
blogger.googleusercontent.com (blogger.googleusercontent.com)|2404:6800:400b:c005::84|:443 に接続しています... 接続しました。
HTTP による接続要求を送信しました、応答を待っています... 200 OK
長さ: 18928 (18K) [image/jpeg]
‘blogger.googleusercontent.com/img/b/R29vZ2xl/AVvXsEiCGh9AIWtnvYuGUe-LUKNQ0RzCr8PmZyR7KQ_Kn6eEyvCrCSwhIW5bBpqaZFV5cJLv3VGSEuS8-wjPhLjku0mqhQtEA7JWMwG_E-x1fzlHyAeeI9so-8DuTQmyUN-j56WcyijQpYKl8P4/s320/210B6EDA-7F5F-4BAD-85F8-99DC1751DF3E.jpeg’ に保存中

     0K .......... ........                                   100% 14.1M=0.001s

2026-09-16 09:41:21 (14.1 MB/s) - ‘blogger.googleusercontent.com/img/b/R29vZ2xl/AVvXsEiCGh9AIWtnvYuGUe-LUKNQ0RzCr8PmZyR7KQ_Kn6eEyvCrCSwhIW5bBpqaZFV5cJLv3VGSEuS8-wjPhLjku0mqhQtEA7JWMwG_E-x1fzlHyAeeI9so-8DuTQmyUN-j56WcyijQpYKl8P4/s320/210B6EDA-7F5F-4BAD-85F8-99DC1751DF3E.jpeg’ へ保存完了 [18928/18928]

--2026-09-16 09:41:22--  https://www.tunnelpoemer.com/2021/08/blog-post_30.html
www.tunnelpoemer.com (www.tunnelpoemer.com)|2404:6800:400b:c005::79|:443 に接続しています... 接続しました。
HTTP による接続要求を送信しました、応答を待っています... 200 OK
長さ: 特定できません [text/html]
‘www.tunnelpoemer.com/2021/08/blog-post_30.html’ に保存中

     0K .......... .......... .......... .......... ..........  757K
    50K ....                                                   1.99M=0.07s

2026-09-16 09:41:23 (795 KB/s) - ‘www.tunnelpoemer.com/2021/08/blog-post_30.html’ へ保存終了 [55407]

--2026-09-16 09:41:24--  https://blogger.googleusercontent.com/img/b/R29vZ2xl/AVvXsEh8b-CVc8Kf037e9wAaJMAOoYKAdjW4hyphenhyphenKRkpbiJnG1FOAJgztgezQtUlnSmJSVMPznM1rO7Avt7L24hoff3tPDbk2m-PZaYc5QF2Q_v8qZsDHjXrxnrs_xj0DvmJ_nBDu2O6UeNklV4sI/s320/7805FB3C-143C-4E76-A63C-1762A6811E24.jpeg
blogger.googleusercontent.com (blogger.googleusercontent.com)|2404:6800:400b:c005::84|:443 に接続しています... 接続しました。
HTTP による接続要求を送信しました、応答を待っています... 200 OK
長さ: 26445 (26K) [image/jpeg]
‘blogger.googleusercontent.com/img/b/R29vZ2xl/AVvXsEh8b-CVc8Kf037e9wAaJMAOoYKAdjW4hyphenhyphenKRkpbiJnG1FOAJgztgezQtUlnSmJSVMPznM1rO7Avt7L24hoff3tPDbk2m-PZaYc5QF2Q_v8qZsDHjXrxnrs_xj0DvmJ_nBDu2O6UeNklV4sI/s320/7805FB3C-143C-4E76-A63C-1762A6811E24.jpeg’ に保存中

     0K .......... .......... .....                           100% 2.51M=0.01s

2026-09-16 09:41:25 (2.51 MB/s) - ‘blogger.googleusercontent.com/img/b/R29vZ2xl/AVvXsEh8b-CVc8Kf037e9wAaJMAOoYKAdjW4hyphenhyphenKRkpbiJnG1FOAJgztgezQtUlnSmJSVMPznM1rO7Avt7L24hoff3tPDbk2m-PZaYc5QF2Q_v8qZsDHjXrxnrs_xj0DvmJ_nBDu2O6UeNklV4sI/s320/7805FB3C-143C-4E76-A63C-1762A6811E24.jpeg’ へ保存完了 [26445/26445]

--2026-09-16 09:41:26--  https://www.tunnelpoemer.com/2021/08/blog-post.html
www.tunnelpoemer.com (www.tunnelpoemer.com)|2404:6800:400b:c005::79|:443 に接続しています... 接続しました。
HTTP による接続要求を送信しました、応答を待っています... 200 OK
長さ: 特定できません [text/html]
‘www.tunnelpoemer.com/2021/08/blog-post.html’ に保存中

     0K .......... .......... .......... .......... .......... 2.62M
    50K ...                                                    6.28M=0.02s

2026-09-16 09:41:27 (2.73 MB/s) - ‘www.tunnelpoemer.com/2021/08/blog-post.html’ へ保存終了 [54985]

--2026-09-16 09:41:28--  https://blogger.googleusercontent.com/img/b/R29vZ2xl/AVvXsEhDc8oFEIvw15e3ePMbKulz0qdrZ1NwnjvokbmwbRuXdyLOzMw8BkYUoQ9xBPuB1_4SWQAognJAA2sOwv1yfJp2ZDjmCUp5IhuX1LI_VLEeelFc3kWwaJ-yo_j6hj4a4y4KSoE0lCdGNHc/s320/8015E308-54F0-496A-AC7D-66C3A9152F07.jpeg
blogger.googleusercontent.com (blogger.googleusercontent.com)|2404:6800:400b:c005::84|:443 に接続しています... 接続しました。
HTTP による接続要求を送信しました、応答を待っています... 200 OK
長さ: 26956 (26K) [image/jpeg]
‘blogger.googleusercontent.com/img/b/R29vZ2xl/AVvXsEhDc8oFEIvw15e3ePMbKulz0qdrZ1NwnjvokbmwbRuXdyLOzMw8BkYUoQ9xBPuB1_4SWQAognJAA2sOwv1yfJp2ZDjmCUp5IhuX1LI_VLEeelFc3kWwaJ-yo_j6hj4a4y4KSoE0lCdGNHc/s320/8015E308-54F0-496A-AC7D-66C3A9152F07.jpeg’ に保存中

     0K .......... .......... ......                          100% 2.88M=0.009s

2026-09-16 09:41:29 (2.88 MB/s) - ‘blogger.googleusercontent.com/img/b/R29vZ2xl/AVvXsEhDc8oFEIvw15e3ePMbKulz0qdrZ1NwnjvokbmwbRuXdyLOzMw8BkYUoQ9xBPuB1_4SWQAognJAA2sOwv1yfJp2ZDjmCUp5IhuX1LI_VLEeelFc3kWwaJ-yo_j6hj4a4y4KSoE0lCdGNHc/s320/8015E308-54F0-496A-AC7D-66C3A9152F07.jpeg’ へ保存完了 [26956/26956]

--2026-09-16 09:41:30--  https://www.tunnelpoemer.com/2021/09/1983-8500.html
www.tunnelpoemer.com (www.tunnelpoemer.com)|2404:6800:400b:c005::79|:443 に接続しています... 接続しました。
HTTP による接続要求を送信しました、応答を待っています... 200 OK
長さ: 特定できません [text/html]
‘www.tunnelpoemer.com/2021/09/1983-8500.html’ に保存中

     0K .......... .......... .......... .......... .......... 2.29M
    50K .....                                                  3.99M=0.02s

2026-09-16 09:41:31 (2.39 MB/s) - ‘www.tunnelpoemer.com/2021/09/1983-8500.html’ へ保存終了 [56569]

--2026-09-16 09:41:32--  https://blogger.googleusercontent.com/img/b/R29vZ2xl/AVvXsEhd1sX7ePz5jJrqjm0cu6RvI1fCshPAyq0qJlxdCL7MVy-IQfnOwa3TJ9iPr52qNmFjQEgHUVvFJEGMyprevdQK_OM4XHPLqYAZAyICJRCG0Zudcgxp-2qQ79T2ooN6xUcILKh0_IqVm0Y/s320/DE1EF83B-D2FC-4313-8BAC-5CCB4667F5B2.jpeg
blogger.googleusercontent.com (blogger.googleusercontent.com)|2404:6800:400b:c005::84|:443 に接続しています... 接続しました。
HTTP による接続要求を送信しました、応答を待っています... 200 OK
長さ: 29520 (29K) [image/jpeg]
‘blogger.googleusercontent.com/img/b/R29vZ2xl/AVvXsEhd1sX7ePz5jJrqjm0cu6RvI1fCshPAyq0qJlxdCL7MVy-IQfnOwa3TJ9iPr52qNmFjQEgHUVvFJEGMyprevdQK_OM4XHPLqYAZAyICJRCG0Zudcgxp-2qQ79T2ooN6xUcILKh0_IqVm0Y/s320/DE1EF83B-D2FC-4313-8BAC-5CCB4667F5B2.jpeg’ に保存中

     0K .......... .......... ........                        100% 4.12M=0.007s

2026-09-16 09:41:33 (4.12 MB/s) - ‘blogger.googleusercontent.com/img/b/R29vZ2xl/AVvXsEhd1sX7ePz5jJrqjm0cu6RvI1fCshPAyq0qJlxdCL7MVy-IQfnOwa3TJ9iPr52qNmFjQEgHUVvFJEGMyprevdQK_OM4XHPLqYAZAyICJRCG0Zudcgxp-2qQ79T2ooN6xUcILKh0_IqVm0Y/s320/DE1EF83B-D2FC-4313-8BAC-5CCB4667F5B2.jpeg’ へ保存完了 [29520/29520]

--2026-09-16 09:41:34--  https://www.tunnelpoemer.com/2021/09/blog-post_13.html
www.tunnelpoemer.com (www.tunnelpoemer.com)|2404:6800:400b:c005::79|:443 に接続しています... 接続しました。
HTTP による接続要求を送信しました、応答を待っています... 200 OK
長さ: 特定できません [text/html]
‘www.tunnelpoemer.com/2021/09/blog-post_13.html’ に保存中

     0K .......... .......... .......... .......... .......... 2.32M
    50K ...                                                    5.67M=0.02s

2026-09-16 09:41:35 (2.43 MB/s) - ‘www.tunnelpoemer.com/2021/09/blog-post_13.html’ へ保存終了 [55138]

--2026-09-16 09:41:36--  https://blogger.googleusercontent.com/img/b/R29vZ2xl/AVvXsEgxy3K0v6mzZsg4wmgGje8QYfzpCNz6CIhIP7ILHFiAgUtaK-Kw0XL9wn1EVUB1wNXOdDMWjTIS1LpPEmY3VA5a9vXtEiDo1PuQZjUmCO_MWKZyE3bPfOhNGDhA-GWOD3eIUp3wLPDpirc/s320/D7CC707F-DD2D-4891-B72C-09DEB0A240CB.jpeg
blogger.googleusercontent.com (blogger.googleusercontent.com)|2404:6800:400b:c005::84|:443 に接続しています... 接続しました。
HTTP による接続要求を送信しました、応答を待っています... 200 OK
長さ: 30533 (30K) [image/jpeg]
‘blogger.googleusercontent.com/img/b/R29vZ2xl/AVvXsEgxy3K0v6mzZsg4wmgGje8QYfzpCNz6CIhIP7ILHFiAgUtaK-Kw0XL9wn1EVUB1wNXOdDMWjTIS1LpPEmY3VA5a9vXtEiDo1PuQZjUmCO_MWKZyE3bPfOhNGDhA-GWOD3eIUp3wLPDpirc/s320/D7CC707F-DD2D-4891-B72C-09DEB0A240CB.jpeg’ に保存中

     0K .......... .......... .........                       100% 3.69M=0.008s

2026-09-16 09:41:38 (3.69 MB/s) - ‘blogger.googleusercontent.com/img/b/R29vZ2xl/AVvXsEgxy3K0v6mzZsg4wmgGje8QYfzpCNz6CIhIP7ILHFiAgUtaK-Kw0XL9wn1EVUB1wNXOdDMWjTIS1LpPEmY3VA5a9vXtEiDo1PuQZjUmCO_MWKZyE3bPfOhNGDhA-GWOD3eIUp3wLPDpirc/s320/D7CC707F-DD2D-4891-B72C-09DEB0A240CB.jpeg’ へ保存完了 [30533/30533]

--2026-09-16 09:41:39--  https://www.tunnelpoemer.com/2021/09/blog-post_15.html
www.tunnelpoemer.com (www.tunnelpoemer.com)|2404:6800:400b:c005::79|:443 に接続しています... 接続しました。
HTTP による接続要求を送信しました、応答を待っています... 200 OK
長さ: 特定できません [text/html]
‘www.tunnelpoemer.com/2021/09/blog-post_15.html’ に保存中

     0K .......... .......... .......... .......... .......... 1.95M
    50K ....                                                   11.6M=0.03s

2026-09-16 09:41:40 (2.08 MB/s) - ‘www.tunnelpoemer.com/2021/09/blog-post_15.html’ へ保存終了 [55345]

--2026-09-16 09:41:41--  https://blogger.googleusercontent.com/img/b/R29vZ2xl/AVvXsEhw5Q2c2HgjGK3V5Skn1-djRJHlCAxsFrdApX-TyyYNUROvXvFMBjC0Riph7lfObUJRjOk-YrzEkO5LZn0HozhSDTCETsm1KRQXaIwjrGCkZoVfkKAZMROc3flHfVo-EeYWcxR384M-kUs/s320/2267D968-B86F-4131-8830-7FB87BD9184A.jpeg
blogger.googleusercontent.com (blogger.googleusercontent.com)|2404:6800:400b:c005::84|:443 に接続しています... 接続しました。
HTTP による接続要求を送信しました、応答を待っています... 200 OK
長さ: 27110 (26K) [image/jpeg]
‘blogger.googleusercontent.com/img/b/R29vZ2xl/AVvXsEhw5Q2c2HgjGK3V5Skn1-djRJHlCAxsFrdApX-TyyYNUROvXvFMBjC0Riph7lfObUJRjOk-YrzEkO5LZn0HozhSDTCETsm1KRQXaIwjrGCkZoVfkKAZMROc3flHfVo-EeYWcxR384M-kUs/s320/2267D968-B86F-4131-8830-7FB87BD9184A.jpeg’ に保存中

     0K .......... .......... ......                          100% 1.75M=0.01s

2026-09-16 09:41:42 (1.75 MB/s) - ‘blogger.googleusercontent.com/img/b/R29vZ2xl/AVvXsEhw5Q2c2HgjGK3V5Skn1-djRJHlCAxsFrdApX-TyyYNUROvXvFMBjC0Riph7lfObUJRjOk-YrzEkO5LZn0HozhSDTCETsm1KRQXaIwjrGCkZoVfkKAZMROc3flHfVo-EeYWcxR384M-kUs/s320/2267D968-B86F-4131-8830-7FB87BD9184A.jpeg’ へ保存完了 [27110/27110]

--2026-09-16 09:41:43--  https://www.tunnelpoemer.com/2021/09/blog-post_20.html
www.tunnelpoemer.com (www.tunnelpoemer.com)|2404:6800:400b:c005::79|:443 に接続しています... 接続しました。
HTTP による接続要求を送信しました、応答を待っています... 200 OK
長さ: 特定できません [text/html]
‘www.tunnelpoemer.com/2021/09/blog-post_20.html’ に保存中

     0K .......... .......... .......... .......... .......... 3.26M
    50K ...                                                    6.33M=0.02s

2026-09-16 09:41:44 (3.37 MB/s) - ‘www.tunnelpoemer.com/2021/09/blog-post_20.html’ へ保存終了 [55078]

--2026-09-16 09:41:45--  https://blogger.googleusercontent.com/img/b/R29vZ2xl/AVvXsEhprQnyMlI64-ljedNIpfWT5NFCjtIHXj0sBrj92LCvimk8-yPuW2fBbxKvYEWeiPeDdgoX43uVty4ng9mXg9JJRmr8yY7imCFHZIVgd4_2AKYVz_HHGGFV3KKsbPEyHAQOBpNLBcFzZmk/s320/40549C0C-5BE0-4481-815C-04DC64EF2DBF.jpeg
blogger.googleusercontent.com (blogger.googleusercontent.com)|2404:6800:400b:c005::84|:443 に接続しています... 接続しました。
HTTP による接続要求を送信しました、応答を待っています... 200 OK
長さ: 23911 (23K) [image/jpeg]
‘blogger.googleusercontent.com/img/b/R29vZ2xl/AVvXsEhprQnyMlI64-ljedNIpfWT5NFCjtIHXj0sBrj92LCvimk8-yPuW2fBbxKvYEWeiPeDdgoX43uVty4ng9mXg9JJRmr8yY7imCFHZIVgd4_2AKYVz_HHGGFV3KKsbPEyHAQOBpNLBcFzZmk/s320/40549C0C-5BE0-4481-815C-04DC64EF2DBF.jpeg’ に保存中

     0K .......... .......... ...                             100% 13.6M=0.002s

2026-09-16 09:41:48 (13.6 MB/s) - ‘blogger.googleusercontent.com/img/b/R29vZ2xl/AVvXsEhprQnyMlI64-ljedNIpfWT5NFCjtIHXj0sBrj92LCvimk8-yPuW2fBbxKvYEWeiPeDdgoX43uVty4ng9mXg9JJRmr8yY7imCFHZIVgd4_2AKYVz_HHGGFV3KKsbPEyHAQOBpNLBcFzZmk/s320/40549C0C-5BE0-4481-815C-04DC64EF2DBF.jpeg’ へ保存完了 [23911/23911]

--2026-09-16 09:41:49--  https://www.tunnelpoemer.com/2021/09/blog-post_23.html
www.tunnelpoemer.com (www.tunnelpoemer.com)|2404:6800:400b:c005::79|:443 に接続しています... 接続しました。
HTTP による接続要求を送信しました、応答を待っています... 200 OK
長さ: 特定できません [text/html]
‘www.tunnelpoemer.com/2021/09/blog-post_23.html’ に保存中

     0K .......... .......... .......... .......... .......... 1.68M
    50K ...                                                    1.34M=0.03s

2026-09-16 09:41:49 (1.65 MB/s) - ‘www.tunnelpoemer.com/2021/09/blog-post_23.html’ へ保存終了 [55221]

--2026-09-16 09:41:50--  https://blogger.googleusercontent.com/img/b/R29vZ2xl/AVvXsEiedrIFdFgywOcP3G5gnzQ8Yf4__a5_DHO9mXVCBPGlR1YiqO4oHADcG7AM7mKs08eR2VCU3WXfJHJjI56mu5iK9pmzXGEi0Kuf-JeusOW1V-6FFCJFJb2Hj-E2Tteuh2SSF3Whh1Nvg3g/s320/53AFDE0C-F454-4E29-8239-44FE0B680293.jpeg
blogger.googleusercontent.com (blogger.googleusercontent.com)|2404:6800:400b:c005::84|:443 に接続しています... 接続しました。
HTTP による接続要求を送信しました、応答を待っています... 200 OK
長さ: 44997 (44K) [image/jpeg]
‘blogger.googleusercontent.com/img/b/R29vZ2xl/AVvXsEiedrIFdFgywOcP3G5gnzQ8Yf4__a5_DHO9mXVCBPGlR1YiqO4oHADcG7AM7mKs08eR2VCU3WXfJHJjI56mu5iK9pmzXGEi0Kuf-JeusOW1V-6FFCJFJb2Hj-E2Tteuh2SSF3Whh1Nvg3g/s320/53AFDE0C-F454-4E29-8239-44FE0B680293.jpeg’ に保存中

     0K .......... .......... .......... .......... ...       100% 4.26M=0.01s

2026-09-16 09:41:55 (4.26 MB/s) - ‘blogger.googleusercontent.com/img/b/R29vZ2xl/AVvXsEiedrIFdFgywOcP3G5gnzQ8Yf4__a5_DHO9mXVCBPGlR1YiqO4oHADcG7AM7mKs08eR2VCU3WXfJHJjI56mu5iK9pmzXGEi0Kuf-JeusOW1V-6FFCJFJb2Hj-E2Tteuh2SSF3Whh1Nvg3g/s320/53AFDE0C-F454-4E29-8239-44FE0B680293.jpeg’ へ保存完了 [44997/44997]

--2026-09-16 09:41:56--  https://www.tunnelpoemer.com/2021/09/blog-post_30.html
www.tunnelpoemer.com (www.tunnelpoemer.com)|2404:6800:400b:c005::79|:443 に接続しています... 接続しました。
HTTP による接続要求を送信しました、応答を待っています... 200 OK
長さ: 特定できません [text/html]
‘www.tunnelpoemer.com/2021/09/blog-post_30.html’ に保存中

     0K .......... .......... .......... .......... .......... 2.17M
    50K ....                                                   6.51M=0.02s

2026-09-16 09:41:59 (2.29 MB/s) - ‘www.tunnelpoemer.com/2021/09/blog-post_30.html’ へ保存終了 [55517]

--2026-09-16 09:42:00--  https://blogger.googleusercontent.com/img/b/R29vZ2xl/AVvXsEjyM55KeZOY2Z2FmluBd8TcVi7wOjsGucZlHcvhtFlUwTcj_7YBtltUH4iRzYfzSzUvdf4o9SYpdvqcxKUCt_GLauxKXkLODo5FpnPIUDI-eYM_X-0YXhFrvHO5PyLDsClnYlw8D3H5sMg/s320/80E749DC-1F22-4610-87F9-9412130E88FF.jpeg
blogger.googleusercontent.com (blogger.googleusercontent.com)|2404:6800:400b:c005::84|:443 に接続しています... 接続しました。
HTTP による接続要求を送信しました、応答を待っています... 200 OK
長さ: 33983 (33K) [image/jpeg]
‘blogger.googleusercontent.com/img/b/R29vZ2xl/AVvXsEjyM55KeZOY2Z2FmluBd8TcVi7wOjsGucZlHcvhtFlUwTcj_7YBtltUH4iRzYfzSzUvdf4o9SYpdvqcxKUCt_GLauxKXkLODo5FpnPIUDI-eYM_X-0YXhFrvHO5PyLDsClnYlw8D3H5sMg/s320/80E749DC-1F22-4610-87F9-9412130E88FF.jpeg’ に保存中

     0K .......... .......... .......... ...                  100% 2.62M=0.01s

2026-09-16 09:42:01 (2.62 MB/s) - ‘blogger.googleusercontent.com/img/b/R29vZ2xl/AVvXsEjyM55KeZOY2Z2FmluBd8TcVi7wOjsGucZlHcvhtFlUwTcj_7YBtltUH4iRzYfzSzUvdf4o9SYpdvqcxKUCt_GLauxKXkLODo5FpnPIUDI-eYM_X-0YXhFrvHO5PyLDsClnYlw8D3H5sMg/s320/80E749DC-1F22-4610-87F9-9412130E88FF.jpeg’ へ保存完了 [33983/33983]

--2026-09-16 09:42:02--  https://www.tunnelpoemer.com/2021/09/blog-post_5.html
www.tunnelpoemer.com (www.tunnelpoemer.com)|2404:6800:400b:c005::79|:443 に接続しています... 接続しました。
HTTP による接続要求を送信しました、応答を待っています... 200 OK
長さ: 特定できません [text/html]
‘www.tunnelpoemer.com/2021/09/blog-post_5.html’ に保存中

     0K .......... .......... .......... .......... .......... 1.39M
    50K ...                                                    2.62M=0.04s

2026-09-16 09:42:03 (1.44 MB/s) - ‘www.tunnelpoemer.com/2021/09/blog-post_5.html’ へ保存終了 [54937]

--2026-09-16 09:42:04--  https://blogger.googleusercontent.com/img/b/R29vZ2xl/AVvXsEhHEZa0bnVUd0Dh3aORrpDRDzuNs-glGPykAvaCGx5Y26Qbegs7j8djbXtLCmXhUVAoMw2ENixhNK5ltzCx-7Z0hW7_GsWtuEW9hzjdc9GPMKHetXEci3shfNkvsx7XgRfRfK390KXEMPg/s320/01A59DAB-098D-455A-86E4-21F76D2CBE43.jpeg
blogger.googleusercontent.com (blogger.googleusercontent.com)|2404:6800:400b:c005::84|:443 に接続しています... 接続しました。
HTTP による接続要求を送信しました、応答を待っています... 200 OK
長さ: 33333 (33K) [image/jpeg]
‘blogger.googleusercontent.com/img/b/R29vZ2xl/AVvXsEhHEZa0bnVUd0Dh3aORrpDRDzuNs-glGPykAvaCGx5Y26Qbegs7j8djbXtLCmXhUVAoMw2ENixhNK5ltzCx-7Z0hW7_GsWtuEW9hzjdc9GPMKHetXEci3shfNkvsx7XgRfRfK390KXEMPg/s320/01A59DAB-098D-455A-86E4-21F76D2CBE43.jpeg’ に保存中

     0K .......... .......... .......... ..                   100% 3.64M=0.009s

2026-09-16 09:42:05 (3.64 MB/s) - ‘blogger.googleusercontent.com/img/b/R29vZ2xl/AVvXsEhHEZa0bnVUd0Dh3aORrpDRDzuNs-glGPykAvaCGx5Y26Qbegs7j8djbXtLCmXhUVAoMw2ENixhNK5ltzCx-7Z0hW7_GsWtuEW9hzjdc9GPMKHetXEci3shfNkvsx7XgRfRfK390KXEMPg/s320/01A59DAB-098D-455A-86E4-21F76D2CBE43.jpeg’ へ保存完了 [33333/33333]

--2026-09-16 09:42:06--  https://www.tunnelpoemer.com/2021/09/blog-post.html
www.tunnelpoemer.com (www.tunnelpoemer.com)|2404:6800:400b:c005::79|:443 に接続しています... 接続しました。
HTTP による接続要求を送信しました、応答を待っています... 200 OK
長さ: 特定できません [text/html]
‘www.tunnelpoemer.com/2021/09/blog-post.html’ に保存中

     0K .......... .......... .......... .......... .......... 2.93M
    50K ...                                                    14.2M=0.02s

2026-09-16 09:42:07 (3.10 MB/s) - ‘www.tunnelpoemer.com/2021/09/blog-post.html’ へ保存終了 [54885]

--2026-09-16 09:42:08--  https://blogger.googleusercontent.com/img/b/R29vZ2xl/AVvXsEgpkLN6EMs19k3YdrWfbme6vWIUDXxG0u1MPayJ-kQdvqgGbdWHpuw65W0-DhstvWvYbqACebHk6V5ewA4geOtnGut8MDhAQk6giFLHZgG8NUhFlyFp9dVfhfn7tACFaMaIq8s9S-KAvLE/s320/7B060A89-EE89-4024-8FCA-085514DB7ED6.jpeg
blogger.googleusercontent.com (blogger.googleusercontent.com)|2404:6800:400b:c005::84|:443 に接続しています... 接続しました。
HTTP による接続要求を送信しました、応答を待っています... 200 OK
長さ: 16330 (16K) [image/jpeg]
‘blogger.googleusercontent.com/img/b/R29vZ2xl/AVvXsEgpkLN6EMs19k3YdrWfbme6vWIUDXxG0u1MPayJ-kQdvqgGbdWHpuw65W0-DhstvWvYbqACebHk6V5ewA4geOtnGut8MDhAQk6giFLHZgG8NUhFlyFp9dVfhfn7tACFaMaIq8s9S-KAvLE/s320/7B060A89-EE89-4024-8FCA-085514DB7ED6.jpeg’ に保存中

     0K .......... .....                                      100% 13.3M=0.001s

2026-09-16 09:42:10 (13.3 MB/s) - ‘blogger.googleusercontent.com/img/b/R29vZ2xl/AVvXsEgpkLN6EMs19k3YdrWfbme6vWIUDXxG0u1MPayJ-kQdvqgGbdWHpuw65W0-DhstvWvYbqACebHk6V5ewA4geOtnGut8MDhAQk6giFLHZgG8NUhFlyFp9dVfhfn7tACFaMaIq8s9S-KAvLE/s320/7B060A89-EE89-4024-8FCA-085514DB7ED6.jpeg’ へ保存完了 [16330/16330]

--2026-09-16 09:42:11--  https://www.tunnelpoemer.com/2021/09/bt.html
www.tunnelpoemer.com (www.tunnelpoemer.com)|2404:6800:400b:c005::79|:443 に接続しています... 接続しました。
HTTP による接続要求を送信しました、応答を待っています... 200 OK
長さ: 特定できません [text/html]
‘www.tunnelpoemer.com/2021/09/bt.html’ に保存中

     0K .......... .......... .......... .......... ..........  996K
    50K ...                                                    1.94M=0.05s

2026-09-16 09:42:12 (1.01 MB/s) - ‘www.tunnelpoemer.com/2021/09/bt.html’ へ保存終了 [54939]

--2026-09-16 09:42:13--  https://blogger.googleusercontent.com/img/b/R29vZ2xl/AVvXsEhy1kAgT27mRIRCDgTpVu_7o8RDTNVoICn15fdAqrwCneW9l8YgPsXDHqn18bx2Ueupo9sKUSF81qkbF7tlDdtNZOLgzrjxHbKPjwoNKXf_7Td8M2AWNLJJMVU45FAyLrcCBaixZFsTz1s/s320/F1C06246-8202-438E-B8DE-FCFB5220262F.jpeg
blogger.googleusercontent.com (blogger.googleusercontent.com)|2404:6800:400b:c005::84|:443 に接続しています... 接続しました。
HTTP による接続要求を送信しました、応答を待っています... 200 OK
長さ: 36066 (35K) [image/jpeg]
‘blogger.googleusercontent.com/img/b/R29vZ2xl/AVvXsEhy1kAgT27mRIRCDgTpVu_7o8RDTNVoICn15fdAqrwCneW9l8YgPsXDHqn18bx2Ueupo9sKUSF81qkbF7tlDdtNZOLgzrjxHbKPjwoNKXf_7Td8M2AWNLJJMVU45FAyLrcCBaixZFsTz1s/s320/F1C06246-8202-438E-B8DE-FCFB5220262F.jpeg’ に保存中

     0K .......... .......... .......... .....                100% 3.99M=0.009s

2026-09-16 09:42:14 (3.99 MB/s) - ‘blogger.googleusercontent.com/img/b/R29vZ2xl/AVvXsEhy1kAgT27mRIRCDgTpVu_7o8RDTNVoICn15fdAqrwCneW9l8YgPsXDHqn18bx2Ueupo9sKUSF81qkbF7tlDdtNZOLgzrjxHbKPjwoNKXf_7Td8M2AWNLJJMVU45FAyLrcCBaixZFsTz1s/s320/F1C06246-8202-438E-B8DE-FCFB5220262F.jpeg’ へ保存完了 [36066/36066]

--2026-09-16 09:42:15--  https://www.tunnelpoemer.com/2021/10/blog-post_11.html
www.tunnelpoemer.com (www.tunnelpoemer.com)|2404:6800:400b:c005::79|:443 に接続しています... 接続しました。
HTTP による接続要求を送信しました、応答を待っています... 200 OK
長さ: 特定できません [text/html]
‘www.tunnelpoemer.com/2021/10/blog-post_11.html’ に保存中

     0K .......... .......... .......... .......... .......... 1.97M
    50K ...                                                    3.48M=0.03s

2026-09-16 09:42:16 (2.02 MB/s) - ‘www.tunnelpoemer.com/2021/10/blog-post_11.html’ へ保存終了 [54724]

--2026-09-16 09:42:17--  https://blogger.googleusercontent.com/img/b/R29vZ2xl/AVvXsEiCG9fD7e1igOeE0iB2LFkK5F5VeGjbY_4EQBT7Tlq1E7OmbwTps8kexnpX7Uu9iCnGb_1x_n6hLozRcs2_eEXs8g8MAJve50brVSO2n0Heun-xjsCGViKNO5ppDmDDMow2jvetvZFGzFY/s320/917D9039-F875-45C6-991E-189CA098BDFB.jpeg
blogger.googleusercontent.com (blogger.googleusercontent.com)|2404:6800:400b:c005::84|:443 に接続しています... 接続しました。
HTTP による接続要求を送信しました、応答を待っています... 200 OK
長さ: 23571 (23K) [image/jpeg]
‘blogger.googleusercontent.com/img/b/R29vZ2xl/AVvXsEiCG9fD7e1igOeE0iB2LFkK5F5VeGjbY_4EQBT7Tlq1E7OmbwTps8kexnpX7Uu9iCnGb_1x_n6hLozRcs2_eEXs8g8MAJve50brVSO2n0Heun-xjsCGViKNO5ppDmDDMow2jvetvZFGzFY/s320/917D9039-F875-45C6-991E-189CA098BDFB.jpeg’ に保存中

     0K .......... .......... ...                             100% 2.46M=0.009s

2026-09-16 09:42:19 (2.46 MB/s) - ‘blogger.googleusercontent.com/img/b/R29vZ2xl/AVvXsEiCG9fD7e1igOeE0iB2LFkK5F5VeGjbY_4EQBT7Tlq1E7OmbwTps8kexnpX7Uu9iCnGb_1x_n6hLozRcs2_eEXs8g8MAJve50brVSO2n0Heun-xjsCGViKNO5ppDmDDMow2jvetvZFGzFY/s320/917D9039-F875-45C6-991E-189CA098BDFB.jpeg’ へ保存完了 [23571/23571]

--2026-09-16 09:42:20--  https://www.tunnelpoemer.com/2021/10/blog-post_13.html
www.tunnelpoemer.com (www.tunnelpoemer.com)|2404:6800:400b:c005::79|:443 に接続しています... 接続しました。
HTTP による接続要求を送信しました、応答を待っています... 200 OK
長さ: 特定できません [text/html]
‘www.tunnelpoemer.com/2021/10/blog-post_13.html’ に保存中

     0K .......... .......... .......... .......... .......... 2.47M
    50K ....                                                   5.16M=0.02s

2026-09-16 09:42:22 (2.57 MB/s) - ‘www.tunnelpoemer.com/2021/10/blog-post_13.html’ へ保存終了 [55320]

--2026-09-16 09:42:23--  https://blogger.googleusercontent.com/img/b/R29vZ2xl/AVvXsEhKh2V892xVGP4_1tIODdWe-PyXhmm2rA5oHQhVag-Ga27x7UNW9mMKChmHxXIcPHPGCZFtERfG-1zMKYbPLwy8ednRu2FLLDoZjWSJRn93amaVqrfdIy7HqgqwqvHSZ1_ZSkIAZn5LOKQ/s320/194DC301-D64A-466E-9205-E66852D83B58.jpeg
blogger.googleusercontent.com (blogger.googleusercontent.com)|2404:6800:400b:c005::84|:443 に接続しています... 接続しました。
HTTP による接続要求を送信しました、応答を待っています... 200 OK
長さ: 30818 (30K) [image/jpeg]
‘blogger.googleusercontent.com/img/b/R29vZ2xl/AVvXsEhKh2V892xVGP4_1tIODdWe-PyXhmm2rA5oHQhVag-Ga27x7UNW9mMKChmHxXIcPHPGCZFtERfG-1zMKYbPLwy8ednRu2FLLDoZjWSJRn93amaVqrfdIy7HqgqwqvHSZ1_ZSkIAZn5LOKQ/s320/194DC301-D64A-466E-9205-E66852D83B58.jpeg’ に保存中

     0K .......... .......... ..........                      100% 2.71M=0.01s

2026-09-16 09:42:25 (2.71 MB/s) - ‘blogger.googleusercontent.com/img/b/R29vZ2xl/AVvXsEhKh2V892xVGP4_1tIODdWe-PyXhmm2rA5oHQhVag-Ga27x7UNW9mMKChmHxXIcPHPGCZFtERfG-1zMKYbPLwy8ednRu2FLLDoZjWSJRn93amaVqrfdIy7HqgqwqvHSZ1_ZSkIAZn5LOKQ/s320/194DC301-D64A-466E-9205-E66852D83B58.jpeg’ へ保存完了 [30818/30818]

--2026-09-16 09:42:26--  https://www.tunnelpoemer.com/2021/10/blog-post_25.html
www.tunnelpoemer.com (www.tunnelpoemer.com)|2404:6800:400b:c005::79|:443 に接続しています... 接続しました。
HTTP による接続要求を送信しました、応答を待っています... 200 OK
長さ: 特定できません [text/html]
‘www.tunnelpoemer.com/2021/10/blog-post_25.html’ に保存中

     0K .......... .......... .......... .......... .......... 3.25M
    50K ...                                                    4.29M=0.02s

2026-09-16 09:42:28 (3.30 MB/s) - ‘www.tunnelpoemer.com/2021/10/blog-post_25.html’ へ保存終了 [55027]

--2026-09-16 09:42:29--  https://blogger.googleusercontent.com/img/b/R29vZ2xl/AVvXsEiOtfxnyWnaPeUlw5dlzKS4lD0MTOpcVIEbzJ6p4aQYvEUvRCCsn2MZvdY8vyPkZvlCtdstF5nB_4wjvvZIkXxYDU29KFvmx1f6MOGm6mqW4Oq19MOw_eU6zJJ0POKbmopxvYMqasjM7Us/s320/EEBC4258-A130-4F5C-83FC-84E3515C4911.jpeg
blogger.googleusercontent.com (blogger.googleusercontent.com)|2404:6800:400b:c005::84|:443 に接続しています... 接続しました。
HTTP による接続要求を送信しました、応答を待っています... 200 OK
長さ: 36231 (35K) [image/jpeg]
‘blogger.googleusercontent.com/img/b/R29vZ2xl/AVvXsEiOtfxnyWnaPeUlw5dlzKS4lD0MTOpcVIEbzJ6p4aQYvEUvRCCsn2MZvdY8vyPkZvlCtdstF5nB_4wjvvZIkXxYDU29KFvmx1f6MOGm6mqW4Oq19MOw_eU6zJJ0POKbmopxvYMqasjM7Us/s320/EEBC4258-A130-4F5C-83FC-84E3515C4911.jpeg’ に保存中

     0K .......... .......... .......... .....                100% 2.97M=0.01s

2026-09-16 09:42:31 (2.97 MB/s) - ‘blogger.googleusercontent.com/img/b/R29vZ2xl/AVvXsEiOtfxnyWnaPeUlw5dlzKS4lD0MTOpcVIEbzJ6p4aQYvEUvRCCsn2MZvdY8vyPkZvlCtdstF5nB_4wjvvZIkXxYDU29KFvmx1f6MOGm6mqW4Oq19MOw_eU6zJJ0POKbmopxvYMqasjM7Us/s320/EEBC4258-A130-4F5C-83FC-84E3515C4911.jpeg’ へ保存完了 [36231/36231]

--2026-09-16 09:42:32--  https://www.tunnelpoemer.com/2021/10/blog-post_3.html
www.tunnelpoemer.com (www.tunnelpoemer.com)|2404:6800:400b:c005::79|:443 に接続しています... 接続しました。
HTTP による接続要求を送信しました、応答を待っています... 200 OK
長さ: 特定できません [text/html]
‘www.tunnelpoemer.com/2021/10/blog-post_3.html’ に保存中

     0K .......... .......... .......... .......... .......... 3.59M
    50K ...                                                    3.76M=0.01s

2026-09-16 09:42:32 (3.60 MB/s) - ‘www.tunnelpoemer.com/2021/10/blog-post_3.html’ へ保存終了 [55208]

--2026-09-16 09:42:33--  https://blogger.googleusercontent.com/img/b/R29vZ2xl/AVvXsEi7unBxp_3AI0HpqzlmFHM-UcuGWoFCxdYfnSWAIiQauqao57yuX-ugIAH65FEiCBkELlARKQiyGybRrsF920ZaR6WuEPxenx4CSfq08SlG9L2kqxSXYxoafBgjle7uDFuTNQzcjQw2UV0/s320/A86F7E91-3135-42C5-BBF9-C113BE386831.jpeg
blogger.googleusercontent.com (blogger.googleusercontent.com)|2404:6800:400b:c005::84|:443 に接続しています... 接続しました。
HTTP による接続要求を送信しました、応答を待っています... 200 OK
長さ: 32431 (32K) [image/jpeg]
‘blogger.googleusercontent.com/img/b/R29vZ2xl/AVvXsEi7unBxp_3AI0HpqzlmFHM-UcuGWoFCxdYfnSWAIiQauqao57yuX-ugIAH65FEiCBkELlARKQiyGybRrsF920ZaR6WuEPxenx4CSfq08SlG9L2kqxSXYxoafBgjle7uDFuTNQzcjQw2UV0/s320/A86F7E91-3135-42C5-BBF9-C113BE386831.jpeg’ に保存中

     0K .......... .......... .......... .                    100% 2.59M=0.01s

2026-09-16 09:42:34 (2.59 MB/s) - ‘blogger.googleusercontent.com/img/b/R29vZ2xl/AVvXsEi7unBxp_3AI0HpqzlmFHM-UcuGWoFCxdYfnSWAIiQauqao57yuX-ugIAH65FEiCBkELlARKQiyGybRrsF920ZaR6WuEPxenx4CSfq08SlG9L2kqxSXYxoafBgjle7uDFuTNQzcjQw2UV0/s320/A86F7E91-3135-42C5-BBF9-C113BE386831.jpeg’ へ保存完了 [32431/32431]

--2026-09-16 09:42:35--  https://www.tunnelpoemer.com/2021/10/blog-post_7.html
www.tunnelpoemer.com (www.tunnelpoemer.com)|2404:6800:400b:c005::79|:443 に接続しています... 接続しました。
HTTP による接続要求を送信しました、応答を待っています... 200 OK
長さ: 特定できません [text/html]
‘www.tunnelpoemer.com/2021/10/blog-post_7.html’ に保存中

     0K .......... .......... .......... .......... .......... 3.10M
    50K ...                                                    3.56M=0.02s

2026-09-16 09:42:36 (3.12 MB/s) - ‘www.tunnelpoemer.com/2021/10/blog-post_7.html’ へ保存終了 [54807]

--2026-09-16 09:42:37--  https://blogger.googleusercontent.com/img/b/R29vZ2xl/AVvXsEjKunyYNcZSyie6jfQ68p2p0tEI8FUMdheTc3iyD_h53QGILVzQf1zM12rNnep_6BLpiXNHVAtXzZK9hOjlaCuCqyYlFx8Kuk4hDdmhOj3bJX6pncxnjiKBQdnrWFsxPy8DT7g1LHtdtaA/s320/2BD86281-09F2-4F8E-B6B6-9CF2FBEBD3C6.jpeg
blogger.googleusercontent.com (blogger.googleusercontent.com)|2404:6800:400b:c005::84|:443 に接続しています... 接続しました。
HTTP による接続要求を送信しました、応答を待っています... 200 OK
長さ: 27527 (27K) [image/jpeg]
‘blogger.googleusercontent.com/img/b/R29vZ2xl/AVvXsEjKunyYNcZSyie6jfQ68p2p0tEI8FUMdheTc3iyD_h53QGILVzQf1zM12rNnep_6BLpiXNHVAtXzZK9hOjlaCuCqyYlFx8Kuk4hDdmhOj3bJX6pncxnjiKBQdnrWFsxPy8DT7g1LHtdtaA/s320/2BD86281-09F2-4F8E-B6B6-9CF2FBEBD3C6.jpeg’ に保存中

     0K .......... .......... ......                          100% 4.13M=0.006s

2026-09-16 09:42:38 (4.13 MB/s) - ‘blogger.googleusercontent.com/img/b/R29vZ2xl/AVvXsEjKunyYNcZSyie6jfQ68p2p0tEI8FUMdheTc3iyD_h53QGILVzQf1zM12rNnep_6BLpiXNHVAtXzZK9hOjlaCuCqyYlFx8Kuk4hDdmhOj3bJX6pncxnjiKBQdnrWFsxPy8DT7g1LHtdtaA/s320/2BD86281-09F2-4F8E-B6B6-9CF2FBEBD3C6.jpeg’ へ保存完了 [27527/27527]

--2026-09-16 09:42:39--  https://www.tunnelpoemer.com/2021/10/blog-post.html
www.tunnelpoemer.com (www.tunnelpoemer.com)|2404:6800:400b:c005::79|:443 に接続しています... 接続しました。
HTTP による接続要求を送信しました、応答を待っています... 200 OK
長さ: 特定できません [text/html]
‘www.tunnelpoemer.com/2021/10/blog-post.html’ に保存中

     0K .......... .......... .......... .......... .......... 1.93M
    50K ...                                                    3.40M=0.03s

2026-09-16 09:42:40 (1.99 MB/s) - ‘www.tunnelpoemer.com/2021/10/blog-post.html’ へ保存終了 [54895]

--2026-09-16 09:42:41--  https://blogger.googleusercontent.com/img/b/R29vZ2xl/AVvXsEgT3bxYTPRv4GrPgzCPcm_JyKkT9Nh1jXsYvJseFjLAk_zfRmuvSYNytdSGsx9x-U-U3o3PyRIYqcBW3pQyHTMnjSyJjPHdHXAWkYjhfLI8Psw7-r06BQ6PplGekRFKEx-T1EjyGL7cPIU/s320/07998891-D689-4339-9C7C-7C0C8E2475CF.jpeg
blogger.googleusercontent.com (blogger.googleusercontent.com)|2404:6800:400b:c005::84|:443 に接続しています... 接続しました。
HTTP による接続要求を送信しました、応答を待っています... 200 OK
長さ: 28709 (28K) [image/jpeg]
‘blogger.googleusercontent.com/img/b/R29vZ2xl/AVvXsEgT3bxYTPRv4GrPgzCPcm_JyKkT9Nh1jXsYvJseFjLAk_zfRmuvSYNytdSGsx9x-U-U3o3PyRIYqcBW3pQyHTMnjSyJjPHdHXAWkYjhfLI8Psw7-r06BQ6PplGekRFKEx-T1EjyGL7cPIU/s320/07998891-D689-4339-9C7C-7C0C8E2475CF.jpeg’ に保存中

     0K .......... .......... ........                        100% 2.34M=0.01s

2026-09-16 09:42:42 (2.34 MB/s) - ‘blogger.googleusercontent.com/img/b/R29vZ2xl/AVvXsEgT3bxYTPRv4GrPgzCPcm_JyKkT9Nh1jXsYvJseFjLAk_zfRmuvSYNytdSGsx9x-U-U3o3PyRIYqcBW3pQyHTMnjSyJjPHdHXAWkYjhfLI8Psw7-r06BQ6PplGekRFKEx-T1EjyGL7cPIU/s320/07998891-D689-4339-9C7C-7C0C8E2475CF.jpeg’ へ保存完了 [28709/28709]

--2026-09-16 09:42:43--  https://www.tunnelpoemer.com/2021/11/blog-post_16.html
www.tunnelpoemer.com (www.tunnelpoemer.com)|2404:6800:400b:c005::79|:443 に接続しています... 接続しました。
HTTP による接続要求を送信しました、応答を待っています... 200 OK
長さ: 特定できません [text/html]
‘www.tunnelpoemer.com/2021/11/blog-post_16.html’ に保存中

     0K .......... .......... .......... .......... .......... 3.39M
    50K                                                        20.5M=0.01s

2026-09-16 09:42:45 (3.43 MB/s) - ‘www.tunnelpoemer.com/2021/11/blog-post_16.html’ へ保存終了 [51945]

--2026-09-16 09:42:46--  https://www.tunnelpoemer.com/2021/11/blog-post_9.html
[www.tunnelpoemer.com]:443 への接続を再利用します。
HTTP による接続要求を送信しました、応答を待っています... 200 OK
長さ: 特定できません [text/html]
‘www.tunnelpoemer.com/2021/11/blog-post_9.html’ に保存中

     0K .......... .......... .......... .......... ..........  552K
    50K ...                                                    1.88M=0.09s

2026-09-16 09:42:47 (578 KB/s) - ‘www.tunnelpoemer.com/2021/11/blog-post_9.html’ へ保存終了 [54572]

--2026-09-16 09:42:48--  https://blogger.googleusercontent.com/img/b/R29vZ2xl/AVvXsEhgO90s-43vvZlzuW4DLE7JOe0dQye3Pduiq5dlttHkEU2xPt-QWGQhUroktd5dvCLGV9RTFaAHH0uAB7_rBz0hLMkASq35VW68SjusMouQxZJhP7eTbRitjGdsM9rnlS9SXUliq3fL9wU/s320/AEDF1562-14B2-4E2B-B7B1-22C1D4FB3740.jpeg
blogger.googleusercontent.com (blogger.googleusercontent.com)|2404:6800:400b:c005::84|:443 に接続しています... 接続しました。
HTTP による接続要求を送信しました、応答を待っています... 200 OK
長さ: 38623 (38K) [image/jpeg]
‘blogger.googleusercontent.com/img/b/R29vZ2xl/AVvXsEhgO90s-43vvZlzuW4DLE7JOe0dQye3Pduiq5dlttHkEU2xPt-QWGQhUroktd5dvCLGV9RTFaAHH0uAB7_rBz0hLMkASq35VW68SjusMouQxZJhP7eTbRitjGdsM9rnlS9SXUliq3fL9wU/s320/AEDF1562-14B2-4E2B-B7B1-22C1D4FB3740.jpeg’ に保存中

     0K .......... .......... .......... .......              100% 2.92M=0.01s

2026-09-16 09:42:49 (2.92 MB/s) - ‘blogger.googleusercontent.com/img/b/R29vZ2xl/AVvXsEhgO90s-43vvZlzuW4DLE7JOe0dQye3Pduiq5dlttHkEU2xPt-QWGQhUroktd5dvCLGV9RTFaAHH0uAB7_rBz0hLMkASq35VW68SjusMouQxZJhP7eTbRitjGdsM9rnlS9SXUliq3fL9wU/s320/AEDF1562-14B2-4E2B-B7B1-22C1D4FB3740.jpeg’ へ保存完了 [38623/38623]

--2026-09-16 09:42:50--  https://www.tunnelpoemer.com/2021/11/blog-post.html
www.tunnelpoemer.com (www.tunnelpoemer.com)|2404:6800:400b:c005::79|:443 に接続しています... 接続しました。
HTTP による接続要求を送信しました、応答を待っています... 200 OK
長さ: 特定できません [text/html]
‘www.tunnelpoemer.com/2021/11/blog-post.html’ に保存中

     0K .......... .......... .......... .......... .......... 3.93M
    50K ...                                                    5.08M=0.01s

2026-09-16 09:42:51 (3.99 MB/s) - ‘www.tunnelpoemer.com/2021/11/blog-post.html’ へ保存終了 [54763]

--2026-09-16 09:42:52--  https://blogger.googleusercontent.com/img/b/R29vZ2xl/AVvXsEitVxjjqFhrrVsm5oxHVlE6hEQjqgrJUNLuIXaB4asTKY-3jfsPYKswb8WAcPiNoIztgz0VowvN7PW2C1gAdTc-a2dV2vYtK2OzjT8yKWY9tBRoAP1IE0Ysb_2DReymC8migLeJWdPSVaI/s320/70186895-7DE1-480F-8F19-C15FAEDA423A.jpeg
blogger.googleusercontent.com (blogger.googleusercontent.com)|2404:6800:400b:c005::84|:443 に接続しています... 接続しました。
HTTP による接続要求を送信しました、応答を待っています... 200 OK
長さ: 37002 (36K) [image/jpeg]
‘blogger.googleusercontent.com/img/b/R29vZ2xl/AVvXsEitVxjjqFhrrVsm5oxHVlE6hEQjqgrJUNLuIXaB4asTKY-3jfsPYKswb8WAcPiNoIztgz0VowvN7PW2C1gAdTc-a2dV2vYtK2OzjT8yKWY9tBRoAP1IE0Ysb_2DReymC8migLeJWdPSVaI/s320/70186895-7DE1-480F-8F19-C15FAEDA423A.jpeg’ に保存中

     0K .......... .......... .......... ......               100% 1.25M=0.03s

2026-09-16 09:42:54 (1.25 MB/s) - ‘blogger.googleusercontent.com/img/b/R29vZ2xl/AVvXsEitVxjjqFhrrVsm5oxHVlE6hEQjqgrJUNLuIXaB4asTKY-3jfsPYKswb8WAcPiNoIztgz0VowvN7PW2C1gAdTc-a2dV2vYtK2OzjT8yKWY9tBRoAP1IE0Ysb_2DReymC8migLeJWdPSVaI/s320/70186895-7DE1-480F-8F19-C15FAEDA423A.jpeg’ へ保存完了 [37002/37002]

--2026-09-16 09:42:55--  https://www.tunnelpoemer.com/2023/01/blog-post.html
www.tunnelpoemer.com (www.tunnelpoemer.com)|2404:6800:400b:c005::79|:443 に接続しています... 接続しました。
HTTP による接続要求を送信しました、応答を待っています... 200 OK
長さ: 特定できません [text/html]
‘www.tunnelpoemer.com/2023/01/blog-post.html’ に保存中

     0K .......... .......... .......... .......... .......... 2.38M
    50K ...                                                    9.44M=0.02s

2026-09-16 09:42:57 (2.50 MB/s) - ‘www.tunnelpoemer.com/2023/01/blog-post.html’ へ保存終了 [54784]

--2026-09-16 09:42:58--  https://blogger.googleusercontent.com/img/b/R29vZ2xl/AVvXsEjAqc96zMfzhT1vv58uC2EyveV2FyNJQ6QygbLDWmFK4S4SCD0xKgzzO3kX7mccQYhlZH3HUBMQ9hnHfKqNTmLPaUbxmSudkZfcksBdgBh7i4qPxLjH5eGlZcIc_kAIkVbF4J8iQpQ0oC0APZdvOu98frx4yYhEQQrAoqjjhyJElSVDwM5ltXinctZ0/s320/6A0AF427-CEAA-4043-AA52-965FE154C69A.jpeg
blogger.googleusercontent.com (blogger.googleusercontent.com)|2404:6800:400b:c005::84|:443 に接続しています... 接続しました。
HTTP による接続要求を送信しました、応答を待っています... 200 OK
長さ: 33761 (33K) [image/jpeg]
‘blogger.googleusercontent.com/img/b/R29vZ2xl/AVvXsEjAqc96zMfzhT1vv58uC2EyveV2FyNJQ6QygbLDWmFK4S4SCD0xKgzzO3kX7mccQYhlZH3HUBMQ9hnHfKqNTmLPaUbxmSudkZfcksBdgBh7i4qPxLjH5eGlZcIc_kAIkVbF4J8iQpQ0oC0APZdvOu98frx4yYhEQQrAoqjjhyJElSVDwM5ltXinctZ0/s320/6A0AF427-CEAA-4043-AA52-965FE154C69A.jpeg’ に保存中

     0K .......... .......... .......... ..                   100% 2.90M=0.01s

2026-09-16 09:43:00 (2.90 MB/s) - ‘blogger.googleusercontent.com/img/b/R29vZ2xl/AVvXsEjAqc96zMfzhT1vv58uC2EyveV2FyNJQ6QygbLDWmFK4S4SCD0xKgzzO3kX7mccQYhlZH3HUBMQ9hnHfKqNTmLPaUbxmSudkZfcksBdgBh7i4qPxLjH5eGlZcIc_kAIkVbF4J8iQpQ0oC0APZdvOu98frx4yYhEQQrAoqjjhyJElSVDwM5ltXinctZ0/s320/6A0AF427-CEAA-4043-AA52-965FE154C69A.jpeg’ へ保存完了 [33761/33761]

--2026-09-16 09:43:01--  https://www.tunnelpoemer.com/2023/02/55.html
www.tunnelpoemer.com (www.tunnelpoemer.com)|2404:6800:400b:c005::79|:443 に接続しています... 接続しました。
HTTP による接続要求を送信しました、応答を待っています... 200 OK
長さ: 特定できません [text/html]
‘www.tunnelpoemer.com/2023/02/55.html’ に保存中

     0K .......... .......... .......... .......... .......... 2.51M
    50K ...                                                    1.39M=0.02s

2026-09-16 09:43:03 (2.38 MB/s) - ‘www.tunnelpoemer.com/2023/02/55.html’ へ保存終了 [54819]

--2026-09-16 09:43:04--  https://blogger.googleusercontent.com/img/b/R29vZ2xl/AVvXsEhliSDJmifloA4hkhzqmksCs20rToaroy3c-NwW5_fUE4G2D31_Cs5wfCQDRr-IkvLs-og3cWkghh_OABtoQohzoSXMLi6bmB1rq153xiXR9elBAKfOOpPCHErjc9QffatpNdqTIxdXjn-w4g6AXm9ZAsnnlqKwtb9yvMrt-UNF1W6nXZbx2CGcC9T3/s320/963A44C8-E7B9-4C8D-A6F8-050C247165B1.jpeg
blogger.googleusercontent.com (blogger.googleusercontent.com)|2404:6800:400b:c005::84|:443 に接続しています... 接続しました。
HTTP による接続要求を送信しました、応答を待っています... 200 OK
長さ: 22852 (22K) [image/jpeg]
‘blogger.googleusercontent.com/img/b/R29vZ2xl/AVvXsEhliSDJmifloA4hkhzqmksCs20rToaroy3c-NwW5_fUE4G2D31_Cs5wfCQDRr-IkvLs-og3cWkghh_OABtoQohzoSXMLi6bmB1rq153xiXR9elBAKfOOpPCHErjc9QffatpNdqTIxdXjn-w4g6AXm9ZAsnnlqKwtb9yvMrt-UNF1W6nXZbx2CGcC9T3/s320/963A44C8-E7B9-4C8D-A6F8-050C247165B1.jpeg’ に保存中

     0K .......... .......... ..                              100% 2.67M=0.008s

2026-09-16 09:43:05 (2.67 MB/s) - ‘blogger.googleusercontent.com/img/b/R29vZ2xl/AVvXsEhliSDJmifloA4hkhzqmksCs20rToaroy3c-NwW5_fUE4G2D31_Cs5wfCQDRr-IkvLs-og3cWkghh_OABtoQohzoSXMLi6bmB1rq153xiXR9elBAKfOOpPCHErjc9QffatpNdqTIxdXjn-w4g6AXm9ZAsnnlqKwtb9yvMrt-UNF1W6nXZbx2CGcC9T3/s320/963A44C8-E7B9-4C8D-A6F8-050C247165B1.jpeg’ へ保存完了 [22852/22852]

--2026-09-16 09:43:06--  https://www.tunnelpoemer.com/2023/02/blog-post_19.html
www.tunnelpoemer.com (www.tunnelpoemer.com)|2404:6800:400b:c005::79|:443 に接続しています... 接続しました。
HTTP による接続要求を送信しました、応答を待っています... 200 OK
長さ: 特定できません [text/html]
‘www.tunnelpoemer.com/2023/02/blog-post_19.html’ に保存中

     0K .......... .......... .......... .......... .......... 1.42M
    50K ...                                                    3.99M=0.04s

2026-09-16 09:43:08 (1.48 MB/s) - ‘www.tunnelpoemer.com/2023/02/blog-post_19.html’ へ保存終了 [54882]

--2026-09-16 09:43:09--  https://blogger.googleusercontent.com/img/b/R29vZ2xl/AVvXsEhyyqdcIpkuOgi6_fGEBabmZEdsP-Xc6eOKQW7XzS9RWb3XjRAVrI0UkbpELtmvWn1nz678o_thivdZw-4yd2I0NLxoKmqqmCljmtTQxrceJoZRlb1255vkg5uFk9qQLyfT-Njz82uyYWPTA2C9VvJ8plmevlQYGFJo5hz8sp3EPjhnOq0kglLPtRz0/s320/2EE941D9-0A32-400C-A35E-CFE0CEBEBC6D.jpeg
blogger.googleusercontent.com (blogger.googleusercontent.com)|2404:6800:400b:c005::84|:443 に接続しています... 接続しました。
HTTP による接続要求を送信しました、応答を待っています... 200 OK
長さ: 24618 (24K) [image/jpeg]
‘blogger.googleusercontent.com/img/b/R29vZ2xl/AVvXsEhyyqdcIpkuOgi6_fGEBabmZEdsP-Xc6eOKQW7XzS9RWb3XjRAVrI0UkbpELtmvWn1nz678o_thivdZw-4yd2I0NLxoKmqqmCljmtTQxrceJoZRlb1255vkg5uFk9qQLyfT-Njz82uyYWPTA2C9VvJ8plmevlQYGFJo5hz8sp3EPjhnOq0kglLPtRz0/s320/2EE941D9-0A32-400C-A35E-CFE0CEBEBC6D.jpeg’ に保存中

     0K .......... .......... ....                            100% 2.56M=0.009s

2026-09-16 09:43:14 (2.56 MB/s) - ‘blogger.googleusercontent.com/img/b/R29vZ2xl/AVvXsEhyyqdcIpkuOgi6_fGEBabmZEdsP-Xc6eOKQW7XzS9RWb3XjRAVrI0UkbpELtmvWn1nz678o_thivdZw-4yd2I0NLxoKmqqmCljmtTQxrceJoZRlb1255vkg5uFk9qQLyfT-Njz82uyYWPTA2C9VvJ8plmevlQYGFJo5hz8sp3EPjhnOq0kglLPtRz0/s320/2EE941D9-0A32-400C-A35E-CFE0CEBEBC6D.jpeg’ へ保存完了 [24618/24618]

--2026-09-16 09:43:15--  https://www.tunnelpoemer.com/2023/02/blog-post_5.html
www.tunnelpoemer.com (www.tunnelpoemer.com)|2404:6800:400b:c005::79|:443 に接続しています... 接続しました。
HTTP による接続要求を送信しました、応答を待っています... 200 OK
長さ: 特定できません [text/html]
‘www.tunnelpoemer.com/2023/02/blog-post_5.html’ に保存中

     0K .......... .......... .......... .......... .......... 1.85M
    50K ...                                                    4.74M=0.03s

2026-09-16 09:43:16 (1.93 MB/s) - ‘www.tunnelpoemer.com/2023/02/blog-post_5.html’ へ保存終了 [54909]

--2026-09-16 09:43:17--  https://blogger.googleusercontent.com/img/b/R29vZ2xl/AVvXsEgzGoq3zdu1sVrWweGGcnpHES8OMtezoq3f2HTtATx8ET4UXLHFOvQ4Mj3LIznpTCdcT9VHqPgcF5VDNVkYU_WVCnn3_gIJ8CAeEgBZrVKIJqk3Ieijw7vio1jM9vSv1dDZA3-GOlWJWL31cD3Kb6R0JqYRRd2ON9ZegHqX02ERcRYzDahJm3B_frqR/s320/B158DC55-7416-4901-B318-87BAC21822A6.jpeg
blogger.googleusercontent.com (blogger.googleusercontent.com)|2404:6800:400b:c005::84|:443 に接続しています... 接続しました。
HTTP による接続要求を送信しました、応答を待っています... 200 OK
長さ: 28269 (28K) [image/jpeg]
‘blogger.googleusercontent.com/img/b/R29vZ2xl/AVvXsEgzGoq3zdu1sVrWweGGcnpHES8OMtezoq3f2HTtATx8ET4UXLHFOvQ4Mj3LIznpTCdcT9VHqPgcF5VDNVkYU_WVCnn3_gIJ8CAeEgBZrVKIJqk3Ieijw7vio1jM9vSv1dDZA3-GOlWJWL31cD3Kb6R0JqYRRd2ON9ZegHqX02ERcRYzDahJm3B_frqR/s320/B158DC55-7416-4901-B318-87BAC21822A6.jpeg’ に保存中

     0K .......... .......... .......                         100% 12.9M=0.002s

2026-09-16 09:43:19 (12.9 MB/s) - ‘blogger.googleusercontent.com/img/b/R29vZ2xl/AVvXsEgzGoq3zdu1sVrWweGGcnpHES8OMtezoq3f2HTtATx8ET4UXLHFOvQ4Mj3LIznpTCdcT9VHqPgcF5VDNVkYU_WVCnn3_gIJ8CAeEgBZrVKIJqk3Ieijw7vio1jM9vSv1dDZA3-GOlWJWL31cD3Kb6R0JqYRRd2ON9ZegHqX02ERcRYzDahJm3B_frqR/s320/B158DC55-7416-4901-B318-87BAC21822A6.jpeg’ へ保存完了 [28269/28269]

--2026-09-16 09:43:20--  https://www.tunnelpoemer.com/2023/02/blog-post_9.html
www.tunnelpoemer.com (www.tunnelpoemer.com)|2404:6800:400b:c005::79|:443 に接続しています... 接続しました。
HTTP による接続要求を送信しました、応答を待っています... 200 OK
長さ: 特定できません [text/html]
‘www.tunnelpoemer.com/2023/02/blog-post_9.html’ に保存中

     0K .......... .......... .......... .......... .......... 2.78M
    50K ...                                                    4.88M=0.02s

2026-09-16 09:43:22 (2.87 MB/s) - ‘www.tunnelpoemer.com/2023/02/blog-post_9.html’ へ保存終了 [54992]

--2026-09-16 09:43:23--  https://blogger.googleusercontent.com/img/b/R29vZ2xl/AVvXsEjSHFcUVm1-JHcBfhCxl9EjYkl_lgkjwC2nwpgeIqszUQho__6CjMttFudpSgeOZmFDd1icK7Ns8stQhCsoFHWPN8j1RGw0WEuAgyUAs_Pjq9Hr99aeOPxIFYts6qNq3_Ebe_M3NUaP3giLMbXXrwhOIHxBMP5zRuLYKZX9N-4ZcyHpHhUcwZQ3TW1_/s320/F9509FC6-0761-4D21-8BE7-F396DAB386AD.jpeg
blogger.googleusercontent.com (blogger.googleusercontent.com)|2404:6800:400b:c005::84|:443 に接続しています... 接続しました。
HTTP による接続要求を送信しました、応答を待っています... 200 OK
長さ: 27482 (27K) [image/jpeg]
‘blogger.googleusercontent.com/img/b/R29vZ2xl/AVvXsEjSHFcUVm1-JHcBfhCxl9EjYkl_lgkjwC2nwpgeIqszUQho__6CjMttFudpSgeOZmFDd1icK7Ns8stQhCsoFHWPN8j1RGw0WEuAgyUAs_Pjq9Hr99aeOPxIFYts6qNq3_Ebe_M3NUaP3giLMbXXrwhOIHxBMP5zRuLYKZX9N-4ZcyHpHhUcwZQ3TW1_/s320/F9509FC6-0761-4D21-8BE7-F396DAB386AD.jpeg’ に保存中

     0K .......... .......... ......                          100% 18.1M=0.001s

2026-09-16 09:43:24 (18.1 MB/s) - ‘blogger.googleusercontent.com/img/b/R29vZ2xl/AVvXsEjSHFcUVm1-JHcBfhCxl9EjYkl_lgkjwC2nwpgeIqszUQho__6CjMttFudpSgeOZmFDd1icK7Ns8stQhCsoFHWPN8j1RGw0WEuAgyUAs_Pjq9Hr99aeOPxIFYts6qNq3_Ebe_M3NUaP3giLMbXXrwhOIHxBMP5zRuLYKZX9N-4ZcyHpHhUcwZQ3TW1_/s320/F9509FC6-0761-4D21-8BE7-F396DAB386AD.jpeg’ へ保存完了 [27482/27482]

--2026-09-16 09:43:25--  https://www.tunnelpoemer.com/2023/02/blog-post.html
www.tunnelpoemer.com (www.tunnelpoemer.com)|2404:6800:400b:c005::79|:443 に接続しています... 接続しました。
HTTP による接続要求を送信しました、応答を待っています... 200 OK
長さ: 特定できません [text/html]
‘www.tunnelpoemer.com/2023/02/blog-post.html’ に保存中

     0K .......... .......... .......... .......... ..........  121K
    50K ...                                                    16.2M=0.4s

2026-09-16 09:43:26 (129 KB/s) - ‘www.tunnelpoemer.com/2023/02/blog-post.html’ へ保存終了 [54710]

--2026-09-16 09:43:27--  https://blogger.googleusercontent.com/img/b/R29vZ2xl/AVvXsEgLeLzP-7NQVsZMj9aIT8WrZhqUlU_uuyPqHjlTU3q_muqwxSovrVeWHkuc2SD3PP26UJEEB0C034tlwtJlBoN7GPF9rnVo05KaIAWUupHeEE-vRI6L2eHb8J1gGpMGCFUanoW1bFmzL2ttm-3i8WwAUsqXnyAMwPkTM8ZXDNI5vgYVKH3HG4g5X_Z-/s320/9B79ABA3-E6A3-4AC7-94D1-171D6F008870.jpeg
blogger.googleusercontent.com (blogger.googleusercontent.com)|2404:6800:400b:c005::84|:443 に接続しています... 接続しました。
HTTP による接続要求を送信しました、応答を待っています... 200 OK
長さ: 27135 (26K) [image/jpeg]
‘blogger.googleusercontent.com/img/b/R29vZ2xl/AVvXsEgLeLzP-7NQVsZMj9aIT8WrZhqUlU_uuyPqHjlTU3q_muqwxSovrVeWHkuc2SD3PP26UJEEB0C034tlwtJlBoN7GPF9rnVo05KaIAWUupHeEE-vRI6L2eHb8J1gGpMGCFUanoW1bFmzL2ttm-3i8WwAUsqXnyAMwPkTM8ZXDNI5vgYVKH3HG4g5X_Z-/s320/9B79ABA3-E6A3-4AC7-94D1-171D6F008870.jpeg’ に保存中

     0K .......... .......... ......                          100% 3.75M=0.007s

2026-09-16 09:43:28 (3.75 MB/s) - ‘blogger.googleusercontent.com/img/b/R29vZ2xl/AVvXsEgLeLzP-7NQVsZMj9aIT8WrZhqUlU_uuyPqHjlTU3q_muqwxSovrVeWHkuc2SD3PP26UJEEB0C034tlwtJlBoN7GPF9rnVo05KaIAWUupHeEE-vRI6L2eHb8J1gGpMGCFUanoW1bFmzL2ttm-3i8WwAUsqXnyAMwPkTM8ZXDNI5vgYVKH3HG4g5X_Z-/s320/9B79ABA3-E6A3-4AC7-94D1-171D6F008870.jpeg’ へ保存完了 [27135/27135]

--2026-09-16 09:43:29--  https://www.tunnelpoemer.com/2023/03/10-1776.html
www.tunnelpoemer.com (www.tunnelpoemer.com)|2404:6800:400b:c005::79|:443 に接続しています... 接続しました。
HTTP による接続要求を送信しました、応答を待っています... 200 OK
長さ: 特定できません [text/html]
‘www.tunnelpoemer.com/2023/03/10-1776.html’ に保存中

     0K .......... .......... .......... .......... .......... 1.49M
    50K ....                                                   4.76M=0.03s

2026-09-16 09:43:32 (1.58 MB/s) - ‘www.tunnelpoemer.com/2023/03/10-1776.html’ へ保存終了 [55415]

--2026-09-16 09:43:33--  https://blogger.googleusercontent.com/img/b/R29vZ2xl/AVvXsEgLH3OpJOVRfbCePtXxCulQG0bxPDQd2IRNTDBexEGtlRUvQxm3GdqT8g-W4xzChziHIA-yo7MCBAWs5rozpXNEuk6iJbouo8Jt2DTjYwmLs-iERiY7zZdBHvi4Y4QAnBhdoF_fXjJxhv14EIERQcdWyw1QFVnShLuzUi2tlR8JzIhNU0TLkVsj2Ipk/s320/36B96658-ABCF-4574-AAB5-969F68D279C4.jpeg
blogger.googleusercontent.com (blogger.googleusercontent.com)|2404:6800:400b:c005::84|:443 に接続しています... 接続しました。
HTTP による接続要求を送信しました、応答を待っています... 200 OK
長さ: 37267 (36K) [image/jpeg]
‘blogger.googleusercontent.com/img/b/R29vZ2xl/AVvXsEgLH3OpJOVRfbCePtXxCulQG0bxPDQd2IRNTDBexEGtlRUvQxm3GdqT8g-W4xzChziHIA-yo7MCBAWs5rozpXNEuk6iJbouo8Jt2DTjYwmLs-iERiY7zZdBHvi4Y4QAnBhdoF_fXjJxhv14EIERQcdWyw1QFVnShLuzUi2tlR8JzIhNU0TLkVsj2Ipk/s320/36B96658-ABCF-4574-AAB5-969F68D279C4.jpeg’ に保存中

     0K .......... .......... .......... ......               100% 2.29M=0.02s

2026-09-16 09:43:34 (2.29 MB/s) - ‘blogger.googleusercontent.com/img/b/R29vZ2xl/AVvXsEgLH3OpJOVRfbCePtXxCulQG0bxPDQd2IRNTDBexEGtlRUvQxm3GdqT8g-W4xzChziHIA-yo7MCBAWs5rozpXNEuk6iJbouo8Jt2DTjYwmLs-iERiY7zZdBHvi4Y4QAnBhdoF_fXjJxhv14EIERQcdWyw1QFVnShLuzUi2tlR8JzIhNU0TLkVsj2Ipk/s320/36B96658-ABCF-4574-AAB5-969F68D279C4.jpeg’ へ保存完了 [37267/37267]

--2026-09-16 09:43:35--  https://www.tunnelpoemer.com/2023/03/103.html
www.tunnelpoemer.com (www.tunnelpoemer.com)|2404:6800:400b:c005::79|:443 に接続しています... 接続しました。
HTTP による接続要求を送信しました、応答を待っています... 200 OK
長さ: 特定できません [text/html]
‘www.tunnelpoemer.com/2023/03/103.html’ に保存中

     0K .......... .......... .......... .......... .......... 2.65M
    50K ....                                                   4.44M=0.02s

2026-09-16 09:43:37 (2.73 MB/s) - ‘www.tunnelpoemer.com/2023/03/103.html’ へ保存終了 [55415]

--2026-09-16 09:43:38--  https://blogger.googleusercontent.com/img/b/R29vZ2xl/AVvXsEh-E8VzHh4DQLplK0091QQwAGD3t1NbBSamU8D4yhB2_hkAFj3-sqRbHO9Mq_f2mI23i34S-HsbnPF6u8-o-4x1beR1I2KmaF2RuZ2zMelAjsbureoY84rRFJ6qdSw102BkSW7rPh04-D6C7ucjgHhmBRO1G5XuOhmH4GctbUKWMR-Dt--iG7jrqkVU/s320/6FCE60FE-967C-4B7A-87D0-26D9C33F71FD.jpeg
blogger.googleusercontent.com (blogger.googleusercontent.com)|2404:6800:400b:c005::84|:443 に接続しています... 接続しました。
HTTP による接続要求を送信しました、応答を待っています... 200 OK
長さ: 22116 (22K) [image/jpeg]
‘blogger.googleusercontent.com/img/b/R29vZ2xl/AVvXsEh-E8VzHh4DQLplK0091QQwAGD3t1NbBSamU8D4yhB2_hkAFj3-sqRbHO9Mq_f2mI23i34S-HsbnPF6u8-o-4x1beR1I2KmaF2RuZ2zMelAjsbureoY84rRFJ6qdSw102BkSW7rPh04-D6C7ucjgHhmBRO1G5XuOhmH4GctbUKWMR-Dt--iG7jrqkVU/s320/6FCE60FE-967C-4B7A-87D0-26D9C33F71FD.jpeg’ に保存中

     0K .......... .......... .                               100% 2.53M=0.008s

2026-09-16 09:43:39 (2.53 MB/s) - ‘blogger.googleusercontent.com/img/b/R29vZ2xl/AVvXsEh-E8VzHh4DQLplK0091QQwAGD3t1NbBSamU8D4yhB2_hkAFj3-sqRbHO9Mq_f2mI23i34S-HsbnPF6u8-o-4x1beR1I2KmaF2RuZ2zMelAjsbureoY84rRFJ6qdSw102BkSW7rPh04-D6C7ucjgHhmBRO1G5XuOhmH4GctbUKWMR-Dt--iG7jrqkVU/s320/6FCE60FE-967C-4B7A-87D0-26D9C33F71FD.jpeg’ へ保存完了 [22116/22116]

--2026-09-16 09:43:40--  https://www.tunnelpoemer.com/2023/03/blog-post_10.html
www.tunnelpoemer.com (www.tunnelpoemer.com)|2404:6800:400b:c005::79|:443 に接続しています... 接続しました。
HTTP による接続要求を送信しました、応答を待っています... 200 OK
長さ: 特定できません [text/html]
‘www.tunnelpoemer.com/2023/03/blog-post_10.html’ に保存中

     0K .......... .......... .......... .......... .......... 2.34M
    50K ...                                                    3.68M=0.02s

2026-09-16 09:43:42 (2.40 MB/s) - ‘www.tunnelpoemer.com/2023/03/blog-post_10.html’ へ保存終了 [55222]

--2026-09-16 09:43:43--  https://blogger.googleusercontent.com/img/b/R29vZ2xl/AVvXsEjEqjGWqXwXw764vyiW6tydXaPfrdJu2RA0IBQXmNGO0Gi84S4_K_XZR0KQRVikaxhrzIpQU3DNDhITX6iAFnl70U9UntED20YOmY2IkZEMaOPsLqW4N31vm0PDSLIWpz_T9jhHFe0je_1PoqOc4upvlBJv4Kkzh6RURWwB7P8d66TtVyUkTRZOvEQy/s320/BBE67E37-46C6-4032-8C77-E29A762E7D3E.jpeg
blogger.googleusercontent.com (blogger.googleusercontent.com)|2404:6800:400b:c005::84|:443 に接続しています... 接続しました。
HTTP による接続要求を送信しました、応答を待っています... 200 OK
長さ: 32626 (32K) [image/jpeg]
‘blogger.googleusercontent.com/img/b/R29vZ2xl/AVvXsEjEqjGWqXwXw764vyiW6tydXaPfrdJu2RA0IBQXmNGO0Gi84S4_K_XZR0KQRVikaxhrzIpQU3DNDhITX6iAFnl70U9UntED20YOmY2IkZEMaOPsLqW4N31vm0PDSLIWpz_T9jhHFe0je_1PoqOc4upvlBJv4Kkzh6RURWwB7P8d66TtVyUkTRZOvEQy/s320/BBE67E37-46C6-4032-8C77-E29A762E7D3E.jpeg’ に保存中

     0K .......... .......... .......... .                    100% 1.45M=0.02s

2026-09-16 09:43:44 (1.45 MB/s) - ‘blogger.googleusercontent.com/img/b/R29vZ2xl/AVvXsEjEqjGWqXwXw764vyiW6tydXaPfrdJu2RA0IBQXmNGO0Gi84S4_K_XZR0KQRVikaxhrzIpQU3DNDhITX6iAFnl70U9UntED20YOmY2IkZEMaOPsLqW4N31vm0PDSLIWpz_T9jhHFe0je_1PoqOc4upvlBJv4Kkzh6RURWwB7P8d66TtVyUkTRZOvEQy/s320/BBE67E37-46C6-4032-8C77-E29A762E7D3E.jpeg’ へ保存完了 [32626/32626]

--2026-09-16 09:43:45--  https://www.tunnelpoemer.com/2023/03/blog-post_15.html
www.tunnelpoemer.com (www.tunnelpoemer.com)|2404:6800:400b:c005::79|:443 に接続しています... 接続しました。
HTTP による接続要求を送信しました、応答を待っています... 200 OK
長さ: 特定できません [text/html]
‘www.tunnelpoemer.com/2023/03/blog-post_15.html’ に保存中

     0K .......... .......... .......... .......... .......... 3.38M
    50K ...                                                    5.99M=0.02s

2026-09-16 09:43:46 (3.49 MB/s) - ‘www.tunnelpoemer.com/2023/03/blog-post_15.html’ へ保存終了 [55244]

--2026-09-16 09:43:47--  https://blogger.googleusercontent.com/img/b/R29vZ2xl/AVvXsEhGKhiEhFzcg-bwsuiMB6Un8laRUG-jqhfKtSv3byWhOb4kMSykdP-KkKSF12A1WEDokLplpykZv5t0AimdH2Gat309uWtx3XmncU5q_IlO6roZLWUctx4YBuBDhGSjTIT3W9-K8M8H83RMxrOVdFhjuknuZCN0AXQJmeh9ocEZy4m2KzWOJj4I7Mmw/s320/351B61F0-B07A-4C38-AD57-062A1D054FD2.jpeg
blogger.googleusercontent.com (blogger.googleusercontent.com)|2404:6800:400b:c005::84|:443 に接続しています... 接続しました。
HTTP による接続要求を送信しました、応答を待っています... 200 OK
長さ: 29214 (29K) [image/jpeg]
‘blogger.googleusercontent.com/img/b/R29vZ2xl/AVvXsEhGKhiEhFzcg-bwsuiMB6Un8laRUG-jqhfKtSv3byWhOb4kMSykdP-KkKSF12A1WEDokLplpykZv5t0AimdH2Gat309uWtx3XmncU5q_IlO6roZLWUctx4YBuBDhGSjTIT3W9-K8M8H83RMxrOVdFhjuknuZCN0AXQJmeh9ocEZy4m2KzWOJj4I7Mmw/s320/351B61F0-B07A-4C38-AD57-062A1D054FD2.jpeg’ に保存中

     0K .......... .......... ........                        100% 3.95M=0.007s

2026-09-16 09:43:49 (3.95 MB/s) - ‘blogger.googleusercontent.com/img/b/R29vZ2xl/AVvXsEhGKhiEhFzcg-bwsuiMB6Un8laRUG-jqhfKtSv3byWhOb4kMSykdP-KkKSF12A1WEDokLplpykZv5t0AimdH2Gat309uWtx3XmncU5q_IlO6roZLWUctx4YBuBDhGSjTIT3W9-K8M8H83RMxrOVdFhjuknuZCN0AXQJmeh9ocEZy4m2KzWOJj4I7Mmw/s320/351B61F0-B07A-4C38-AD57-062A1D054FD2.jpeg’ へ保存完了 [29214/29214]

--2026-09-16 09:43:50--  https://www.tunnelpoemer.com/2023/03/blog-post_16.html
www.tunnelpoemer.com (www.tunnelpoemer.com)|2404:6800:400b:c005::79|:443 に接続しています... 接続しました。
HTTP による接続要求を送信しました、応答を待っています... 200 OK
長さ: 特定できません [text/html]
‘www.tunnelpoemer.com/2023/03/blog-post_16.html’ に保存中

     0K .......... .......... .......... .......... .......... 3.52M
    50K ...                                                    5.36M=0.01s

2026-09-16 09:43:50 (3.61 MB/s) - ‘www.tunnelpoemer.com/2023/03/blog-post_16.html’ へ保存終了 [55247]

--2026-09-16 09:43:51--  https://blogger.googleusercontent.com/img/b/R29vZ2xl/AVvXsEgJOpfTAY7lYOUAhczk0k4MF0B_P79dL2zqpOH4LBHNWPoM6TEuz0_MSPKtN13UjfITL5wpg4phA2LquhT_Tm8XZU2tL2HG3nnd04hPgySiLB2c_ZhoJZKH4rZt2MEXxrdPpI3XODaNFmP5W37vw9c0Vy9pce7pe558FGeg6Rz5n_dw_xeBe8TCK-Mw/s320/DDFCB82E-D80F-4001-A0F6-F9F279911451.jpeg
blogger.googleusercontent.com (blogger.googleusercontent.com)|2404:6800:400b:c005::84|:443 に接続しています... 接続しました。
HTTP による接続要求を送信しました、応答を待っています... 200 OK
長さ: 30925 (30K) [image/jpeg]
‘blogger.googleusercontent.com/img/b/R29vZ2xl/AVvXsEgJOpfTAY7lYOUAhczk0k4MF0B_P79dL2zqpOH4LBHNWPoM6TEuz0_MSPKtN13UjfITL5wpg4phA2LquhT_Tm8XZU2tL2HG3nnd04hPgySiLB2c_ZhoJZKH4rZt2MEXxrdPpI3XODaNFmP5W37vw9c0Vy9pce7pe558FGeg6Rz5n_dw_xeBe8TCK-Mw/s320/DDFCB82E-D80F-4001-A0F6-F9F279911451.jpeg’ に保存中

     0K .......... .......... ..........                      100% 1.54M=0.02s

2026-09-16 09:43:53 (1.54 MB/s) - ‘blogger.googleusercontent.com/img/b/R29vZ2xl/AVvXsEgJOpfTAY7lYOUAhczk0k4MF0B_P79dL2zqpOH4LBHNWPoM6TEuz0_MSPKtN13UjfITL5wpg4phA2LquhT_Tm8XZU2tL2HG3nnd04hPgySiLB2c_ZhoJZKH4rZt2MEXxrdPpI3XODaNFmP5W37vw9c0Vy9pce7pe558FGeg6Rz5n_dw_xeBe8TCK-Mw/s320/DDFCB82E-D80F-4001-A0F6-F9F279911451.jpeg’ へ保存完了 [30925/30925]

--2026-09-16 09:43:54--  https://www.tunnelpoemer.com/2023/03/blog-post_18.html
www.tunnelpoemer.com (www.tunnelpoemer.com)|2404:6800:400b:c005::79|:443 に接続しています... 接続しました。
HTTP による接続要求を送信しました、応答を待っています... 200 OK
長さ: 特定できません [text/html]
‘www.tunnelpoemer.com/2023/03/blog-post_18.html’ に保存中

     0K .......... .......... .......... .......... .......... 2.00M
    50K ...                                                    5.46M=0.03s

2026-09-16 09:43:55 (2.10 MB/s) - ‘www.tunnelpoemer.com/2023/03/blog-post_18.html’ へ保存終了 [55246]

--2026-09-16 09:43:56--  https://blogger.googleusercontent.com/img/b/R29vZ2xl/AVvXsEjka3qv4OiL6vgS25M6Tw36_vLH6gP47m4r1r244aDo75PQhU7YwshV4WY7WV2YrTWXDcnemMnP4DhenLIi2RUVE5vuQPEdaF5UriIMqQbRpp_6IYvXTOyk7ZioAwdT2WV6M-qLB_Hs8-GOHz_7fdlvYVALJa3AaS2fmMaRRNSIuVUKHy8yxj71mwya/s320/9B1A8DDC-3BB1-4B51-B670-AE0C7FC9F647.jpeg
blogger.googleusercontent.com (blogger.googleusercontent.com)|2404:6800:400b:c005::84|:443 に接続しています... 接続しました。
HTTP による接続要求を送信しました、応答を待っています... 200 OK
長さ: 31066 (30K) [image/jpeg]
‘blogger.googleusercontent.com/img/b/R29vZ2xl/AVvXsEjka3qv4OiL6vgS25M6Tw36_vLH6gP47m4r1r244aDo75PQhU7YwshV4WY7WV2YrTWXDcnemMnP4DhenLIi2RUVE5vuQPEdaF5UriIMqQbRpp_6IYvXTOyk7ZioAwdT2WV6M-qLB_Hs8-GOHz_7fdlvYVALJa3AaS2fmMaRRNSIuVUKHy8yxj71mwya/s320/9B1A8DDC-3BB1-4B51-B670-AE0C7FC9F647.jpeg’ に保存中

     0K .......... .......... ..........                      100% 3.07M=0.01s

2026-09-16 09:43:57 (3.07 MB/s) - ‘blogger.googleusercontent.com/img/b/R29vZ2xl/AVvXsEjka3qv4OiL6vgS25M6Tw36_vLH6gP47m4r1r244aDo75PQhU7YwshV4WY7WV2YrTWXDcnemMnP4DhenLIi2RUVE5vuQPEdaF5UriIMqQbRpp_6IYvXTOyk7ZioAwdT2WV6M-qLB_Hs8-GOHz_7fdlvYVALJa3AaS2fmMaRRNSIuVUKHy8yxj71mwya/s320/9B1A8DDC-3BB1-4B51-B670-AE0C7FC9F647.jpeg’ へ保存完了 [31066/31066]

--2026-09-16 09:43:58--  https://www.tunnelpoemer.com/2023/03/blog-post.html
www.tunnelpoemer.com (www.tunnelpoemer.com)|2404:6800:400b:c005::79|:443 に接続しています... 接続しました。
HTTP による接続要求を送信しました、応答を待っています... 200 OK
長さ: 特定できません [text/html]
‘www.tunnelpoemer.com/2023/03/blog-post.html’ に保存中

     0K .......... .......... .......... .......... .......... 2.93M
    50K ....                                                   2.67M=0.02s

2026-09-16 09:44:00 (2.90 MB/s) - ‘www.tunnelpoemer.com/2023/03/blog-post.html’ へ保存終了 [55303]

--2026-09-16 09:44:01--  https://blogger.googleusercontent.com/img/b/R29vZ2xl/AVvXsEgYAu50RqKVYlwjErU0FTqmnfj5vonEYVAlXMqcMJWKTEhKa9xgOZPQ_8UdKxcUnsEcSRdgh4xFi_zwLXCL6xvVmY2c4jA82iCmCJMqFsY6zHmf8dEhyHF_4QLPIK0sqgQGZ8C2zJSQ4VSvGH5GPWYPrpQrP1qHv5OMBN2yujp-IhAKcyTGvPVNfi2T/s320/BB27ACAE-1D8D-4926-8770-55A8534EB554.jpeg
blogger.googleusercontent.com (blogger.googleusercontent.com)|2404:6800:400b:c005::84|:443 に接続しています... 接続しました。
HTTP による接続要求を送信しました、応答を待っています... 200 OK
長さ: 30924 (30K) [image/jpeg]
‘blogger.googleusercontent.com/img/b/R29vZ2xl/AVvXsEgYAu50RqKVYlwjErU0FTqmnfj5vonEYVAlXMqcMJWKTEhKa9xgOZPQ_8UdKxcUnsEcSRdgh4xFi_zwLXCL6xvVmY2c4jA82iCmCJMqFsY6zHmf8dEhyHF_4QLPIK0sqgQGZ8C2zJSQ4VSvGH5GPWYPrpQrP1qHv5OMBN2yujp-IhAKcyTGvPVNfi2T/s320/BB27ACAE-1D8D-4926-8770-55A8534EB554.jpeg’ に保存中

     0K .......... .......... ..........                      100% 3.04M=0.01s

2026-09-16 09:44:03 (3.04 MB/s) - ‘blogger.googleusercontent.com/img/b/R29vZ2xl/AVvXsEgYAu50RqKVYlwjErU0FTqmnfj5vonEYVAlXMqcMJWKTEhKa9xgOZPQ_8UdKxcUnsEcSRdgh4xFi_zwLXCL6xvVmY2c4jA82iCmCJMqFsY6zHmf8dEhyHF_4QLPIK0sqgQGZ8C2zJSQ4VSvGH5GPWYPrpQrP1qHv5OMBN2yujp-IhAKcyTGvPVNfi2T/s320/BB27ACAE-1D8D-4926-8770-55A8534EB554.jpeg’ へ保存完了 [30924/30924]

--2026-09-16 09:44:04--  https://www.tunnelpoemer.com/2023/03/ktk.html
www.tunnelpoemer.com (www.tunnelpoemer.com)|2404:6800:400b:c005::79|:443 に接続しています... 接続しました。
HTTP による接続要求を送信しました、応答を待っています... 200 OK
長さ: 特定できません [text/html]
‘www.tunnelpoemer.com/2023/03/ktk.html’ に保存中

     0K .......... .......... .......... .......... .......... 2.79M
    50K ...                                                    2.92M=0.02s

2026-09-16 09:44:05 (2.80 MB/s) - ‘www.tunnelpoemer.com/2023/03/ktk.html’ へ保存終了 [55208]

--2026-09-16 09:44:06--  https://blogger.googleusercontent.com/img/b/R29vZ2xl/AVvXsEiJI-nX9uftO6-HLZ1TysUIcPkLSEzTQBCIZdL2Z8Q8a92stulKLTLAZ3yAMd2Av7PtrLv7LQ4LJLAtGV1EsB4QWy7LBS7MYtULDYEk9fnq140ElF2AB7hTKCMpJ0-R50A1e8E6tpJchYI_ydBbCRuZPF106otbu5RIKU6xBODd9lMSWGlwhaYxHs11/s320/1C58B648-FB63-4641-80C7-C8E2F189C5EE.jpeg
blogger.googleusercontent.com (blogger.googleusercontent.com)|2404:6800:400b:c005::84|:443 に接続しています... 接続しました。
HTTP による接続要求を送信しました、応答を待っています... 200 OK
長さ: 28517 (28K) [image/jpeg]
‘blogger.googleusercontent.com/img/b/R29vZ2xl/AVvXsEiJI-nX9uftO6-HLZ1TysUIcPkLSEzTQBCIZdL2Z8Q8a92stulKLTLAZ3yAMd2Av7PtrLv7LQ4LJLAtGV1EsB4QWy7LBS7MYtULDYEk9fnq140ElF2AB7hTKCMpJ0-R50A1e8E6tpJchYI_ydBbCRuZPF106otbu5RIKU6xBODd9lMSWGlwhaYxHs11/s320/1C58B648-FB63-4641-80C7-C8E2F189C5EE.jpeg’ に保存中

     0K .......... .......... .......                         100% 3.96M=0.007s

2026-09-16 09:44:08 (3.96 MB/s) - ‘blogger.googleusercontent.com/img/b/R29vZ2xl/AVvXsEiJI-nX9uftO6-HLZ1TysUIcPkLSEzTQBCIZdL2Z8Q8a92stulKLTLAZ3yAMd2Av7PtrLv7LQ4LJLAtGV1EsB4QWy7LBS7MYtULDYEk9fnq140ElF2AB7hTKCMpJ0-R50A1e8E6tpJchYI_ydBbCRuZPF106otbu5RIKU6xBODd9lMSWGlwhaYxHs11/s320/1C58B648-FB63-4641-80C7-C8E2F189C5EE.jpeg’ へ保存完了 [28517/28517]

--2026-09-16 09:44:09--  https://www.tunnelpoemer.com/2023/03/sr.html
www.tunnelpoemer.com (www.tunnelpoemer.com)|2404:6800:400b:c005::79|:443 に接続しています... 接続しました。
HTTP による接続要求を送信しました、応答を待っています... 200 OK
長さ: 特定できません [text/html]
‘www.tunnelpoemer.com/2023/03/sr.html’ に保存中

     0K .......... .......... .......... .......... .......... 2.32M
    50K ...                                                    5.17M=0.02s

2026-09-16 09:44:09 (2.41 MB/s) - ‘www.tunnelpoemer.com/2023/03/sr.html’ へ保存終了 [55033]

--2026-09-16 09:44:10--  https://blogger.googleusercontent.com/img/b/R29vZ2xl/AVvXsEj1_tTePwK3_-lMq_VZm9CnwnDb1kREFdUWCsZub0K2LDRcC-ornwJMZJxNyPlDSL813A4FS2B23_12xz3Eq2MBJz4uObthmkF52GsZrxhf5Qe6tLmLdEQbZgoJ0cmSt2zELIPAzK2--lIAPZhYBe8JQ7wnIvKEBbdqD011ldQybbIDwsQInGF91VpE/s320/A7E4A5CD-AAB4-48E0-8FCB-36B5B55896F9.jpeg
blogger.googleusercontent.com (blogger.googleusercontent.com)|2404:6800:400b:c005::84|:443 に接続しています... 接続しました。
HTTP による接続要求を送信しました、応答を待っています... 200 OK
長さ: 23546 (23K) [image/jpeg]
‘blogger.googleusercontent.com/img/b/R29vZ2xl/AVvXsEj1_tTePwK3_-lMq_VZm9CnwnDb1kREFdUWCsZub0K2LDRcC-ornwJMZJxNyPlDSL813A4FS2B23_12xz3Eq2MBJz4uObthmkF52GsZrxhf5Qe6tLmLdEQbZgoJ0cmSt2zELIPAzK2--lIAPZhYBe8JQ7wnIvKEBbdqD011ldQybbIDwsQInGF91VpE/s320/A7E4A5CD-AAB4-48E0-8FCB-36B5B55896F9.jpeg’ に保存中

     0K .......... .......... ..                              100% 2.46M=0.009s

2026-09-16 09:44:12 (2.46 MB/s) - ‘blogger.googleusercontent.com/img/b/R29vZ2xl/AVvXsEj1_tTePwK3_-lMq_VZm9CnwnDb1kREFdUWCsZub0K2LDRcC-ornwJMZJxNyPlDSL813A4FS2B23_12xz3Eq2MBJz4uObthmkF52GsZrxhf5Qe6tLmLdEQbZgoJ0cmSt2zELIPAzK2--lIAPZhYBe8JQ7wnIvKEBbdqD011ldQybbIDwsQInGF91VpE/s320/A7E4A5CD-AAB4-48E0-8FCB-36B5B55896F9.jpeg’ へ保存完了 [23546/23546]

終了しました --2026-09-16 09:44:12--
経過時間: 36m 25s
ダウンロード完了: 856 ファイル、34M バイトを 20s で取得 (1.67 MB/s)
www.tunnelpoemer.com/2023/03/10-1776.html のリンクを変換しています... 42.
33-9
www.tunnelpoemer.com/2017/06/blog-post_11.html のリンクを変換しています... 39.
30-9
www.tunnelpoemer.com/2019/08/blog-post_14.html のリンクを変換しています... 46.
37-9
www.tunnelpoemer.com/2019/10/blog-post_11.html のリンクを変換しています... 45.
36-9
www.tunnelpoemer.com/2021/03/blog-post_19.html のリンクを変換しています... 53.
44-9
www.tunnelpoemer.com/2021/09/blog-post_5.html のリンクを変換しています... 42.
33-9
www.tunnelpoemer.com/2019/09/blog-post_27.html のリンクを変換しています... 45.
36-9
www.tunnelpoemer.com/2019/11/blog-post_24.html のリンクを変換しています... 40.
31-9
www.tunnelpoemer.com/2019/03/blog-post_16.html のリンクを変換しています... 50.
41-9
www.tunnelpoemer.com/2019/11/blog-post.html のリンクを変換しています... 40.
31-9
www.tunnelpoemer.com/2020/10/blog-post_4.html のリンクを変換しています... 49.
40-9
www.tunnelpoemer.com/2019/04/blog-post_29.html のリンクを変換しています... 40.
31-9
www.tunnelpoemer.com/2017/06/blog-post_18.html のリンクを変換しています... 39.
30-9
www.tunnelpoemer.com/2019/08/8604f.html のリンクを変換しています... 46.
37-9
www.tunnelpoemer.com/2019/09/blog-post_6.html のリンクを変換しています... 45.
36-9
www.tunnelpoemer.com/2021/01/blog-post_12.html のリンクを変換しています... 49.
40-9
www.tunnelpoemer.com/2019/07/blog-post_20.html のリンクを変換しています... 53.
44-9
www.tunnelpoemer.com/2023/03/blog-post_15.html のリンクを変換しています... 42.
33-9
www.tunnelpoemer.com/2020/05/blog-post_9.html のリンクを変換しています... 45.
36-9
www.tunnelpoemer.com/2021/02/blog-post_25.html のリンクを変換しています... 43.
34-9
www.tunnelpoemer.com/2017/08/shinjuku.html のリンクを変換しています... 38.
29-9
www.tunnelpoemer.com/2019/02/blog-post_22.html のリンクを変換しています... 41.
32-9
www.tunnelpoemer.com/2020/10/blog-post_15.html のリンクを変換しています... 49.
40-9
www.tunnelpoemer.com/2021/01/blog-post_19.html のリンクを変換しています... 49.
40-9
www.tunnelpoemer.com/2019/07/blog-post_27.html のリンクを変換しています... 53.
44-9
www.tunnelpoemer.com/2019/05/se.html のリンクを変換しています... 54.
45-9
www.tunnelpoemer.com/2019/02/blog-post_75.html のリンクを変換しています... 41.
32-9
www.tunnelpoemer.com/2021/05/blog-post_26.html のリンクを変換しています... 51.
42-9
www.tunnelpoemer.com/2020/11/blog-post_28.html のリンクを変換しています... 40.
31-9
www.tunnelpoemer.com/2019/07/blog-post_9.html のリンクを変換しています... 53.
44-9
www.tunnelpoemer.com/2019/06/blog-post_2.html のリンクを変換しています... 51.
42-9
www.tunnelpoemer.com/2021/10/blog-post_3.html のリンクを変換しています... 39.
30-9
www.tunnelpoemer.com/2020/09/blog-post_28.html のリンクを変換しています... 42.
33-9
www.tunnelpoemer.com/2021/09/blog-post_30.html のリンクを変換しています... 42.
33-9
www.tunnelpoemer.com/2017/10/blog-post_22.html のリンクを変換しています... 47.
38-9
www.tunnelpoemer.com/2019/05/blog-post_20.html のリンクを変換しています... 54.
45-9
www.tunnelpoemer.com/2021/07/blog-post_11.html のリンクを変換しています... 43.
34-9
www.tunnelpoemer.com/2019/06/blog-post_89.html のリンクを変換しています... 51.
42-9
www.tunnelpoemer.com/2021/02/blog-post_13.html のリンクを変換しています... 43.
34-9
www.tunnelpoemer.com/2021/05/blog-post_8.html のリンクを変換しています... 51.
42-9
www.tunnelpoemer.com/2019/06/209c511.html のリンクを変換しています... 51.
42-9
www.tunnelpoemer.com/2019/05/blog-post_27.html のリンクを変換しています... 54.
45-9
www.tunnelpoemer.com/2017/04/ii.html のリンクを変換しています... 34.
25-9
www.tunnelpoemer.com/2017/10/blog-post_29.html のリンクを変換しています... 47.
38-9
www.tunnelpoemer.com/2021/03/blog-post_4.html のリンクを変換しています... 53.
44-9
www.tunnelpoemer.com/2021/07/blog-post_18.html のリンクを変換しています... 43.
34-9
www.tunnelpoemer.com/2021/03/blog-post_79.html のリンクを変換しています... 53.
44-9
www.tunnelpoemer.com/2019/08/blog-post_28.html のリンクを変換しています... 46.
37-9
www.tunnelpoemer.com/2020/09/blog-post_8.html のリンクを変換しています... 42.
33-9
www.tunnelpoemer.com/2021/05/blog-post_11.html のリンクを変換しています... 51.
42-9
www.tunnelpoemer.com/2019/07/3100.html のリンクを変換しています... 53.
44-9
www.tunnelpoemer.com/2021/01/blog-post_72.html のリンクを変換しています... 49.
40-9
www.tunnelpoemer.com/2020/03/blog-post_58.html のリンクを変換しています... 42.
33-9
www.tunnelpoemer.com/2020/10/blog-post_22.html のリンクを変換しています... 49.
40-9
www.tunnelpoemer.com/2018/04/blog-post_15.html のリンクを変換しています... 36.
27-9
www.tunnelpoemer.com/2021/01/blog-post_4.html のリンクを変換しています... 49.
40-9
www.tunnelpoemer.com/2017/10/blog-post_8.html のリンクを変換しています... 47.
38-9
www.tunnelpoemer.com/2021/03/blog-post_14.html のリンクを変換しています... 53.
44-9
www.tunnelpoemer.com/2020/11/blog-post_6.html のリンクを変換しています... 40.
31-9
www.tunnelpoemer.com/2021/04/blog-post_27.html のリンクを変換しています... 48.
39-9
www.tunnelpoemer.com/2019/06/blog-post_43.html のリンクを変換しています... 51.
42-9
www.tunnelpoemer.com/2023/02/blog-post.html のリンクを変換しています... 38.
29-9
www.tunnelpoemer.com/2019/09/blog-post_1.html のリンクを変換しています... 45.
36-9
www.tunnelpoemer.com/2018/03/blog-post_21.html のリンクを変換しています... 38.
29-9
www.tunnelpoemer.com/2020/01/blog-post_20.html のリンクを変換しています... 42.
33-9
www.tunnelpoemer.com/2023/03/blog-post_10.html のリンクを変換しています... 42.
33-9
www.tunnelpoemer.com/2019/06/go.html のリンクを変換しています... 51.
42-9
www.tunnelpoemer.com/2019/11/blog-post_26.html のリンクを変換しています... 40.
31-9
www.tunnelpoemer.com/2020/10/blog-post_6.html のリンクを変換しています... 49.
40-9
www.tunnelpoemer.com/2018/02/e2336000.html のリンクを変換しています... 40.
31-9
www.tunnelpoemer.com/2021/06/blog-post_12.html のリンクを変換しています... 46.
37-9
www.tunnelpoemer.com/2018/12/03.html のリンクを変換しています... 35.
26-9
www.tunnelpoemer.com/2021/06/5.html のリンクを変換しています... 46.
37-9
www.tunnelpoemer.com/2021/07/blog-post_25.html のリンクを変換しています... 43.
34-9
www.tunnelpoemer.com/2019/09/blog-post_8.html のリンクを変換しています... 45.
36-9
www.tunnelpoemer.com/2017/12/blog-post_24.html のリンクを変換しています... 36.
27-9
www.tunnelpoemer.com/2020/01/blog-post_27.html のリンクを変換しています... 42.
33-9
www.tunnelpoemer.com/2021/09/blog-post_13.html のリンクを変換しています... 42.
33-9
www.tunnelpoemer.com/2019/01/blog-post_11.html のリンクを変換しています... 39.
30-9
www.tunnelpoemer.com/2018/01/blog-post_24.html のリンクを変換しています... 36.
27-9
www.tunnelpoemer.com/2019/07/blog-post_4.html のリンクを変換しています... 53.
44-9
www.tunnelpoemer.com/2021/02/blog-post.html のリンクを変換しています... 43.
34-9
www.tunnelpoemer.com/2021/09/blog-post.html のリンクを変換しています... 42.
33-9
www.tunnelpoemer.com/2020/04/blog-post_25.html のリンクを変換しています... 36.
27-9
www.tunnelpoemer.com/2021/06/blog-post.html のリンクを変換しています... 46.
37-9
www.tunnelpoemer.com/2017/08/blog-post_27.html のリンクを変換しています... 38.
29-9
www.tunnelpoemer.com/2020/03/blog-post_19.html のリンクを変換しています... 42.
33-9
www.tunnelpoemer.com/2019/06/blog-post.html のリンクを変換しています... 51.
42-9
www.tunnelpoemer.com/2020/04/blog-post.html のリンクを変換しています... 36.
27-9
www.tunnelpoemer.com/2021/03/blog-post_21.html のリンクを変換しています... 53.
44-9
www.tunnelpoemer.com/2020/09/blog-post_98.html のリンクを変換しています... 42.
33-9
www.tunnelpoemer.com/2018/03/blog-post_16.html のリンクを変換しています... 38.
29-9
www.tunnelpoemer.com/2023/02/blog-post_9.html のリンクを変換しています... 38.
29-9
www.tunnelpoemer.com/2019/05/blog-post_4.html のリンクを変換しています... 54.
45-9
www.tunnelpoemer.com/2018/04/blog-post.html のリンクを変換しています... 36.
27-9
www.tunnelpoemer.com/2018/01/blog-post.html のリンクを変換しています... 36.
27-9
www.tunnelpoemer.com/2020/03/830.html のリンクを変換しています... 42.
33-9
www.tunnelpoemer.com/2021/03/blog-post_6.html のリンクを変換しています... 53.
44-9
www.tunnelpoemer.com/2019/03/blog-post_25.html のリンクを変換しています... 50.
41-9
www.tunnelpoemer.com/2017/05/blog-post_14.html のリンクを変換しています... 34.
25-9
www.tunnelpoemer.com/2019/07/5300.html のリンクを変換しています... 53.
44-9
www.tunnelpoemer.com/2019/04/blog-post_4.html のリンクを変換しています... 40.
31-9
www.tunnelpoemer.com/2021/10/blog-post.html のリンクを変換しています... 39.
30-9
www.tunnelpoemer.com/2019/10/blog-post_27.html のリンクを変換しています... 45.
36-9
www.tunnelpoemer.com/2017/06/blog-post.html のリンクを変換しています... 39.
30-9
www.tunnelpoemer.com/2021/01/blog-post_21.html のリンクを変換しています... 49.
40-9
www.tunnelpoemer.com/2020/05/blog-post_26.html のリンクを変換しています... 45.
36-9
www.tunnelpoemer.com/2020/12/9001f.html のリンクを変換しています... 34.
25-9
www.tunnelpoemer.com/2019/10/blog-post.html のリンクを変換しています... 45.
36-9
www.tunnelpoemer.com/2017/10/blog-post_12.html のリンクを変換しています... 47.
38-9
www.tunnelpoemer.com/2019/05/blog-post_10.html のリンクを変換しています... 54.
45-9
www.tunnelpoemer.com/2020/11/blog-post_30.html のリンクを変換しています... 40.
31-9
www.tunnelpoemer.com/2021/09/blog-post_20.html のリンクを変換しています... 42.
33-9
www.tunnelpoemer.com/2023/03/103.html のリンクを変換しています... 42.
33-9
www.tunnelpoemer.com/2019/06/blog-post_23.html のリンクを変換しています... 51.
42-9
www.tunnelpoemer.com/2021/04/blog-post_22.html のリンクを変換しています... 48.
39-9
www.tunnelpoemer.com/2021/08/blog-post_14.html のリンクを変換しています... 43.
34-9
www.tunnelpoemer.com/2021/10/blog-post_11.html のリンクを変換しています... 39.
30-9
www.tunnelpoemer.com/2019/02/3.html のリンクを変換しています... 41.
32-9
www.tunnelpoemer.com/2021/01/blog-post_28.html のリンクを変換しています... 49.
40-9
www.tunnelpoemer.com/2020/03/1523f.html のリンクを変換しています... 42.
33-9
www.tunnelpoemer.com/2019/06/blog-post_76.html のリンクを変換しています... 51.
42-9
www.tunnelpoemer.com/2019/05/205.html のリンクを変換しています... 54.
45-9
www.tunnelpoemer.com/2017/06/n15.html のリンクを変換しています... 39.
30-9
www.tunnelpoemer.com/2017/10/blog-post_19.html のリンクを変換しています... 47.
38-9
www.tunnelpoemer.com/2019/05/blog-post_17.html のリンクを変換しています... 54.
45-9
www.tunnelpoemer.com/2021/01/blog-post_6.html のリンクを変換しています... 49.
40-9
www.tunnelpoemer.com/2018/12/blog-post.html のリンクを変換しています... 35.
26-9
www.tunnelpoemer.com/2021/03/blog-post_16.html のリンクを変換しています... 53.
44-9
www.tunnelpoemer.com/2019/03/blog-post_13.html のリンクを変換しています... 50.
41-9
www.tunnelpoemer.com/2020/11/blog-post_8.html のリンクを変換しています... 40.
31-9
www.tunnelpoemer.com/2021/04/blog-post_29.html のリンクを変換しています... 48.
39-9
www.tunnelpoemer.com/2021/09/bt.html のリンクを変換しています... 42.
33-9
www.tunnelpoemer.com/2023/03/ktk.html のリンクを変換しています... 42.
33-9
www.tunnelpoemer.com/2019/04/305.html のリンクを変換しています... 40.
31-9
www.tunnelpoemer.com/2017/10/blog-post.html のリンクを変換しています... 47.
38-9
www.tunnelpoemer.com/2019/01/blog-post_7.html のリンクを変換しています... 39.
30-9
www.tunnelpoemer.com/2019/10/blog-post_30.html のリンクを変換しています... 45.
36-9
www.tunnelpoemer.com/2019/08/blog-post_18.html のリンクを変換しています... 46.
37-9
www.tunnelpoemer.com/2020/05/blog-post_14.html のリンクを変換しています... 45.
36-9
www.tunnelpoemer.com/2019/09/blog-post_3.html のリンクを変換しています... 45.
36-9
www.tunnelpoemer.com/2021/07/blog-post_20.html のリンクを変換しています... 43.
34-9
www.tunnelpoemer.com/2021/01/blog-post_62.html のリンクを変換しています... 49.
40-9
www.tunnelpoemer.com/2021/06/blog-post_14.html のリンクを変換しています... 46.
37-9
www.tunnelpoemer.com/2021/07/blog-post_27.html のリンクを変換しています... 43.
34-9
www.tunnelpoemer.com/2021/01/blog-post_16.html のリンクを変換しています... 49.
40-9
www.tunnelpoemer.com/2017/12/blog-post_26.html のリンクを変換しています... 36.
27-9
www.tunnelpoemer.com/2017/09/blog-post_13.html のリンクを変換しています... 39.
30-9
www.tunnelpoemer.com/2021/09/blog-post_15.html のリンクを変換しています... 42.
33-9
www.tunnelpoemer.com/2019/07/blog-post_6.html のリンクを変換しています... 53.
44-9
www.tunnelpoemer.com/2019/07/blog-post_77.html のリンクを変換しています... 53.
44-9
www.tunnelpoemer.com/2021/06/blog-post_5.html のリンクを変換しています... 46.
37-9
www.tunnelpoemer.com/2021/04/blog-post_17.html のリンクを変換しています... 48.
39-9
www.tunnelpoemer.com/2019/10/07.html のリンクを変換しています... 45.
36-9
www.tunnelpoemer.com/2020/09/blog-post_40.html のリンクを変換しています... 42.
33-9
www.tunnelpoemer.com/2020/04/blog-post_27.html のリンクを変換しています... 36.
27-9
www.tunnelpoemer.com/2019/06/blog-post_6.html のリンクを変換しています... 51.
42-9
www.tunnelpoemer.com/2019/11/blog-post_16.html のリンクを変換しています... 40.
31-9
www.tunnelpoemer.com/2021/05/blog-post_5.html のリンクを変換しています... 51.
42-9
www.tunnelpoemer.com/2021/10/blog-post_7.html のリンクを変換しています... 39.
30-9
www.tunnelpoemer.com/2020/02/blog-post_9.html のリンクを変換しています... 36.
27-9
www.tunnelpoemer.com/2019/05/blog-post_24.html のリンクを変換しています... 54.
45-9
www.tunnelpoemer.com/2019/10/1.html のリンクを変換しています... 45.
36-9
www.tunnelpoemer.com/2019/03/blog-post_20.html のリンクを変換しています... 50.
41-9
www.tunnelpoemer.com/2020/01/blog-post_17.html のリンクを変換しています... 42.
33-9
www.tunnelpoemer.com/2019/07/blog-post_12.html のリンクを変換しています... 53.
44-9
www.tunnelpoemer.com/2019/05/blog-post_92.html のリンクを変換しています... 54.
45-9
www.tunnelpoemer.com/2019/05/blog-post_6.html のリンクを変換しています... 54.
45-9
www.tunnelpoemer.com/2021/02/blog-post_17.html のリンクを変換しています... 43.
34-9
www.tunnelpoemer.com/2021/04/blog-post_5.html のリンクを変換しています... 48.
39-9
www.tunnelpoemer.com/2019/08/blog-post_25.html のリンクを変換しています... 46.
37-9
www.tunnelpoemer.com/2021/08/blog-post_28.html のリンクを変換しています... 43.
34-9
www.tunnelpoemer.com/2021/10/blog-post_25.html のリンクを変換しています... 39.
30-9
www.tunnelpoemer.com/2021/03/blog-post_8.html のリンクを変換しています... 53.
44-9
www.tunnelpoemer.com/2019/07/blog-post_19.html のリンクを変換しています... 53.
44-9
www.tunnelpoemer.com/2021/06/blog-post_21.html のリンクを変換しています... 46.
37-9
www.tunnelpoemer.com/2019/03/ii1.html のリンクを変換しています... 50.
41-9
www.tunnelpoemer.com/2023/01/blog-post.html のリンクを変換しています... 34.
25-9
www.tunnelpoemer.com/2017/12/2017_31.html のリンクを変換しています... 36.
27-9
www.tunnelpoemer.com/2020/05/blog-post_28.html のリンクを変換しています... 45.
36-9
www.tunnelpoemer.com/2020/06/eight-king-child-south-field.html のリンクを変換しています... 37.
28-9
www.tunnelpoemer.com/2017/10/blog-post_14.html のリンクを変換しています... 47.
38-9
www.tunnelpoemer.com/2021/02/blog-post_36.html のリンクを変換しています... 43.
34-9
www.tunnelpoemer.com/2021/03/blog-post_11.html のリンクを変換しています... 53.
44-9
www.tunnelpoemer.com/2021/04/blog-post_24.html のリンクを変換しています... 48.
39-9
www.tunnelpoemer.com/2019/05/blog-post_65.html のリンクを変換しています... 54.
45-9
www.tunnelpoemer.com/2021/10/blog-post_13.html のリンクを変換しています... 39.
30-9
www.tunnelpoemer.com/2020/10/blog-post_26.html のリンクを変換しています... 49.
40-9
www.tunnelpoemer.com/2020/03/blog-post_21.html のリンクを変換しています... 42.
33-9
www.tunnelpoemer.com/2019/08/blog-post_13.html のリンクを変換しています... 46.
37-9
www.tunnelpoemer.com/2020/01/c.html のリンクを変換しています... 42.
33-9
www.tunnelpoemer.com/2017/10/blog-post_36.html のリンクを変換しています... 47.
38-9
www.tunnelpoemer.com/2019/01/blog-post_27.html のリンクを変換しています... 39.
30-9
www.tunnelpoemer.com/2021/03/blog-post_18.html のリンクを変換しています... 53.
44-9
www.tunnelpoemer.com/2021/04/e.html のリンクを変換しています... 48.
39-9
www.tunnelpoemer.com/2021/01/blog-post.html のリンクを変換しています... 49.
40-9
www.tunnelpoemer.com/2020/06/blog-post_22.html のリンクを変換しています... 37.
28-9
www.tunnelpoemer.com/2017/06/blog-post_17.html のリンクを変換しています... 39.
30-9
www.tunnelpoemer.com/2021/08/blog-post.html のリンクを変換しています... 43.
34-9
www.tunnelpoemer.com/2019/09/blog-post_5.html のリンクを変換しています... 45.
36-9
www.tunnelpoemer.com/2020/01/blog-post_24.html のリンクを変換しています... 42.
33-9
www.tunnelpoemer.com/2021/01/blog-post_11.html のリンクを変換しています... 49.
40-9
www.tunnelpoemer.com/2021/05/blog-post.html のリンクを変換しています... 51.
42-9
www.tunnelpoemer.com/2020/05/blog-post_8.html のリンクを変換しています... 45.
36-9
www.tunnelpoemer.com/2020/10/blog-post_45.html のリンクを変換しています... 49.
40-9
www.tunnelpoemer.com/2020/11/blog-post_20.html のリンクを変換しています... 40.
31-9
www.tunnelpoemer.com/2019/05/blog-post.html のリンクを変換しています... 54.
45-9
www.tunnelpoemer.com/2019/02/blog-post_21.html のリンクを変換しています... 41.
32-9
www.tunnelpoemer.com/2019/06/blog-post_13.html のリンクを変換しています... 51.
42-9
www.tunnelpoemer.com/2019/02/blog-post.html のリンクを変換しています... 41.
32-9
www.tunnelpoemer.com/2020/03/blog-post.html のリンクを変換しています... 42.
33-9
www.tunnelpoemer.com/2021/04/blog-post_12.html のリンクを変換しています... 48.
39-9
www.tunnelpoemer.com/2019/03/blog-post_34.html のリンクを変換しています... 50.
41-9
www.tunnelpoemer.com/2019/07/blog-post_26.html のリンクを変換しています... 53.
44-9
www.tunnelpoemer.com/2019/08/blog-post_5.html のリンクを変換しています... 46.
37-9
www.tunnelpoemer.com/2019/09/blog-post.html のリンクを変換しています... 45.
36-9
www.tunnelpoemer.com/2019/04/a36.html のリンクを変換しています... 40.
31-9
www.tunnelpoemer.com/2020/07/blog-post.html のリンクを変換しています... 36.
27-9
www.tunnelpoemer.com/2021/05/blog-post_25.html のリンクを変換しています... 51.
42-9
www.tunnelpoemer.com/2017/04/ef64-1001.html のリンクを変換しています... 35.
26-9
www.tunnelpoemer.com/2021/11/blog-post_9.html のリンクを変換しています... 36.
27-9
www.tunnelpoemer.com/2017/07/209.html のリンクを変換しています... 35.
26-9
www.tunnelpoemer.com/2017/09/8637f.html のリンクを変換しています... 39.
30-9
www.tunnelpoemer.com/2020/02/blog-post_4.html のリンクを変換しています... 36.
27-9
www.tunnelpoemer.com/2020/03/blog-post_16.html のリンクを変換しています... 42.
33-9
www.tunnelpoemer.com/2019/04/blog-post_13.html のリンクを変換しています... 40.
31-9
www.tunnelpoemer.com/2019/08/blog-post_20.html のリンクを変換しています... 46.
37-9
www.tunnelpoemer.com/2021/03/blog-post_25.html のリンクを変換しています... 53.
44-9
www.tunnelpoemer.com/2023/03/sr.html のリンクを変換しています... 42.
33-9
www.tunnelpoemer.com/2019/03/blog-post_22.html のリンクを変換しています... 50.
41-9
www.tunnelpoemer.com/2019/07/blog-post_14.html のリンクを変換しています... 53.
44-9
www.tunnelpoemer.com/2020/11/blog-post.html のリンクを変換しています... 40.
31-9
www.tunnelpoemer.com/2018/03/209.html のリンクを変換しています... 38.
29-9
www.tunnelpoemer.com/2021/04/blog-post_7.html のリンクを変換しています... 48.
39-9
www.tunnelpoemer.com/2020/01/blog-post_31.html のリンクを変換しています... 42.
33-9
www.tunnelpoemer.com/2019/05/blog-post_48.html のリンクを変換しています... 54.
45-9
www.tunnelpoemer.com/2019/06/blog-post_20.html のリンクを変換しています... 51.
42-9
www.tunnelpoemer.com/2021/08/blog-post_11.html のリンクを変換しています... 43.
34-9
www.tunnelpoemer.com/2020/10/blog-post_21.html のリンクを変換しています... 49.
40-9
www.tunnelpoemer.com/2021/01/blog-post_25.html のリンクを変換しています... 49.
40-9
www.tunnelpoemer.com/2021/05/blog-post_17.html のリンクを変換しています... 51.
42-9
www.tunnelpoemer.com/2021/03/blog-post_13.html のリンクを変換しています... 53.
44-9
www.tunnelpoemer.com/2021/04/18.html のリンクを変換しています... 48.
39-9
www.tunnelpoemer.com/2017/09/blog-post_90.html のリンクを変換しています... 39.
30-9
www.tunnelpoemer.com/2019/06/blog-post_27.html のリンクを変換しています... 51.
42-9
www.tunnelpoemer.com/2021/04/blog-post_26.html のリンクを変換しています... 48.
39-9
www.tunnelpoemer.com/2019/10/blog-post_12.html のリンクを変換しています... 45.
36-9
www.tunnelpoemer.com/2019/10/reiwa.html のリンクを変換しています... 45.
36-9
www.tunnelpoemer.com/2021/06/8888.html のリンクを変換しています... 46.
37-9
www.tunnelpoemer.com/2019/09/blog-post_28.html のリンクを変換しています... 45.
36-9
www.tunnelpoemer.com/2021/08/blog-post_30.html のリンクを変換しています... 43.
34-9
www.tunnelpoemer.com/2021/02/3000v.html のリンクを変換しています... 43.
34-9
www.tunnelpoemer.com/2019/03/blog-post_17.html のリンクを変換しています... 50.
41-9
www.tunnelpoemer.com/2019/11/03.html のリンクを変換しています... 40.
31-9
www.tunnelpoemer.com/2021/07/blog-post_24.html のリンクを変換しています... 43.
34-9
www.tunnelpoemer.com/2021/09/1983-8500.html のリンクを変換しています... 42.
33-9
www.tunnelpoemer.com/2021/01/blog-post_13.html のリンクを変換しています... 49.
40-9
www.tunnelpoemer.com/2023/03/blog-post_16.html のリンクを変換しています... 42.
33-9
www.tunnelpoemer.com/2019/07/blog-post_21.html のリンクを変換しています... 53.
44-9
www.tunnelpoemer.com/2020/05/blog-post_18.html のリンクを変換しています... 45.
36-9
www.tunnelpoemer.com/2021/05/blog-post_20.html のリンクを変換しています... 51.
42-9
www.tunnelpoemer.com/2019/01/blog-post_10.html のリンクを変換しています... 39.
30-9
www.tunnelpoemer.com/2021/02/blog-post_26.html のリンクを変換しています... 43.
34-9
www.tunnelpoemer.com/2019/02/blog-post_23.html のリンクを変換しています... 41.
32-9
www.tunnelpoemer.com/2020/03/blog-post_6.html のリンクを変換しています... 42.
33-9
www.tunnelpoemer.com/2020/10/blog-post_16.html のリンクを変換しています... 49.
40-9
www.tunnelpoemer.com/2021/08/a9989.html のリンクを変換しています... 43.
34-9
www.tunnelpoemer.com/2017/10/2000.html のリンクを変換しています... 47.
38-9
www.tunnelpoemer.com/2017/09/blog-post_17.html のリンクを変換しています... 39.
30-9
www.tunnelpoemer.com/2020/05/oed.html のリンクを変換しています... 45.
36-9
www.tunnelpoemer.com/2019/07/blog-post_28.html のリンクを変換しています... 53.
44-9
www.tunnelpoemer.com/2019/05/100.html のリンクを変換しています... 54.
45-9
www.tunnelpoemer.com/2021/11/blog-post_16.html のリンクを変換しています... 34.
25-9
www.tunnelpoemer.com/2019/11/blog-post_5.html のリンクを変換しています... 40.
31-9
www.tunnelpoemer.com/2021/06/blog-post_9.html のリンクを変換しています... 46.
37-9
www.tunnelpoemer.com/2023/02/55.html のリンクを変換しています... 38.
29-9
www.tunnelpoemer.com/2021/03/blog-post_20.html のリンクを変換しています... 53.
44-9
www.tunnelpoemer.com/2019/03/1.html のリンクを変換しています... 50.
41-9
www.tunnelpoemer.com/2018/03/blog-post_30.html のリンクを変換しています... 38.
29-9
www.tunnelpoemer.com/2019/05/blog-post_3.html のリンクを変換しています... 54.
45-9
www.tunnelpoemer.com/2021/02/blog-post_14.html のリンクを変換しています... 43.
34-9
www.tunnelpoemer.com/2020/06/blog-post_19.html のリンクを変換しています... 37.
28-9
www.tunnelpoemer.com/2019/07/pakurimura.html のリンクを変換しています... 53.
44-9
www.tunnelpoemer.com/2020/09/blog-post_2.html のリンクを変換しています... 42.
33-9
www.tunnelpoemer.com/2020/10/blog-post_88.html のリンクを変換しています... 49.
40-9
www.tunnelpoemer.com/2019/03/8.html のリンクを変換しています... 50.
41-9
www.tunnelpoemer.com/2019/07/blog-post_16.html のリンクを変換しています... 53.
44-9
www.tunnelpoemer.com/2021/04/blog-post_9.html のリンクを変換しています... 48.
39-9
www.tunnelpoemer.com/2021/05/blog-post_12.html のリンクを変換しています... 51.
42-9
www.tunnelpoemer.com/2017/10/blog-post_11.html のリンクを変換しています... 47.
38-9
www.tunnelpoemer.com/2021/06/blog-post_40.html のリンクを変換しています... 46.
37-9
www.tunnelpoemer.com/2021/07/blog-post.html のリンクを変換しています... 43.
34-9
www.tunnelpoemer.com/2019/06/blog-post_22.html のリンクを変換しています... 51.
42-9
www.tunnelpoemer.com/2019/05/blog-post_62.html のリンクを変換しています... 54.
45-9
www.tunnelpoemer.com/2021/04/blog-post.html のリンクを変換しています... 48.
39-9
www.tunnelpoemer.com/2019/02/2.html のリンクを変換しています... 41.
32-9
www.tunnelpoemer.com/2019/04/blog-post.html のリンクを変換しています... 40.
31-9
www.tunnelpoemer.com/2021/03/blog-post_15.html のリンクを変換しています... 53.
44-9
www.tunnelpoemer.com/2020/02/blog-post.html のリンクを変換しています... 36.
27-9
www.tunnelpoemer.com/2019/01/blog-post.html のリンクを変換しています... 39.
30-9
www.tunnelpoemer.com/2019/03/blog-post_12.html のリンクを変換しています... 50.
41-9
www.tunnelpoemer.com/2019/06/blog-post_29.html のリンクを変換しています... 51.
42-9
www.tunnelpoemer.com/2019/05/blog-post_69.html のリンクを変換しています... 54.
45-9
www.tunnelpoemer.com/2020/09/blog-post.html のリンクを変換しています... 42.
33-9
www.tunnelpoemer.com/2019/08/blog-post.html のリンクを変換しています... 46.
37-9
www.tunnelpoemer.com/2020/06/blog-post.html のリンクを変換しています... 37.
28-9
www.tunnelpoemer.com/2019/09/blog-post_2.html のリンクを変換しています... 45.
36-9
www.tunnelpoemer.com/2018/02/205.html のリンクを変換しています... 40.
31-9
www.tunnelpoemer.com/2020/01/blog-post_21.html のリンクを変換しています... 42.
33-9
www.tunnelpoemer.com/2020/05/blog-post_13.html のリンクを変換しています... 45.
36-9
www.tunnelpoemer.com/2021/04/fs510.html のリンクを変換しています... 48.
39-9
www.tunnelpoemer.com/2019/03/blog-post_19.html のリンクを変換しています... 50.
41-9
www.tunnelpoemer.com/2021/06/blog-post_13.html のリンクを変換しています... 46.
37-9
www.tunnelpoemer.com/2021/07/blog-post_4.html のリンクを変換しています... 43.
34-9
www.tunnelpoemer.com/2021/11/blog-post.html のリンクを変換しています... 36.
27-9
www.tunnelpoemer.com/2020/10/blog-post_11.html のリンクを変換しています... 49.
40-9
www.tunnelpoemer.com/2023/03/blog-post_18.html のリンクを変換しています... 41.
32-9
www.tunnelpoemer.com/2019/07/blog-post_23.html のリンクを変換しています... 53.
44-9
www.tunnelpoemer.com/2019/06/blog-post_63.html のリンクを変換しています... 51.
42-9
www.tunnelpoemer.com/2019/09/8590.html のリンクを変換しています... 45.
36-9
www.tunnelpoemer.com/2021/05/blog-post_22.html のリンクを変換しています... 51.
42-9
www.tunnelpoemer.com/2020/09/blog-post_24.html のリンクを変換しています... 42.
33-9
www.tunnelpoemer.com/2019/12/blog-post.html のリンクを変換しています... 35.
26-9
www.tunnelpoemer.com/2019/08/blog-post_9.html のリンクを変換しています... 46.
37-9
www.tunnelpoemer.com/2020/10/blog-post.html のリンクを変換しています... 49.
40-9
www.tunnelpoemer.com/2019/02/blog-post_93.html のリンクを変換しています... 41.
32-9
www.tunnelpoemer.com/2020/07/blog-post_20.html のリンクを変換しています... 36.
27-9
www.tunnelpoemer.com/2021/05/blog-post_29.html のリンクを変換しています... 51.
42-9
www.tunnelpoemer.com/2018/04/blog-post_6.html のリンクを変換しています... 36.
27-9
www.tunnelpoemer.com/2017/07/blog-post_15.html のリンクを変換しています... 35.
26-9
www.tunnelpoemer.com/2019/06/blog-post_5.html のリンクを変換しています... 51.
42-9
www.tunnelpoemer.com/2021/08/blog-post_20.html のリンクを変換しています... 43.
34-9
www.tunnelpoemer.com/2017/09/blog-post_6.html のリンクを変換しています... 39.
30-9
www.tunnelpoemer.com/2019/05/blog-post_23.html のリンクを変換しています... 54.
45-9
www.tunnelpoemer.com/2021/07/blog-post_14.html のリンクを変換しています... 43.
34-9
www.tunnelpoemer.com/2021/05/2047.html のリンクを変換しています... 51.
42-9
www.tunnelpoemer.com/2020/01/blog-post_16.html のリンクを変換しています... 42.
33-9
www.tunnelpoemer.com/2019/10/50-2186.html のリンクを変換しています... 45.
36-9
www.tunnelpoemer.com/2019/05/blog-post_5.html のリンクを変換しています... 54.
45-9
www.tunnelpoemer.com/2020/09/blog-post_4.html のリンクを変換しています... 42.
33-9
www.tunnelpoemer.com/2019/08/blog-post_77.html のリンクを変換しています... 46.
37-9
www.tunnelpoemer.com/2019/03/blog-post_26.html のリンクを変換しています... 50.
41-9
www.tunnelpoemer.com/2021/06/blog-post_20.html のリンクを変換しています... 46.
37-9
www.tunnelpoemer.com/2018/02/blog-post_79.html のリンクを変換しています... 40.
31-9
www.tunnelpoemer.com/2021/01/2021.html のリンクを変換しています... 49.
40-9
www.tunnelpoemer.com/2020/10/buynow.html のリンクを変換しています... 49.
40-9
www.tunnelpoemer.com/2019/03/blog-post_8.html のリンクを変換しています... 50.
41-9
www.tunnelpoemer.com/2017/08/blog-post_16.html のリンクを変換しています... 38.
29-9
www.tunnelpoemer.com/2017/06/blog-post_9.html のリンクを変換しています... 39.
30-9
www.tunnelpoemer.com/2020/09/blog-post_19.html のリンクを変換しています... 42.
33-9
www.tunnelpoemer.com/2019/12/0.html のリンクを変換しています... 35.
26-9
www.tunnelpoemer.com/2020/07/tn.html のリンクを変換しています... 36.
27-9
www.tunnelpoemer.com/2019/03/iso.html のリンクを変換しています... 50.
41-9
www.tunnelpoemer.com/2017/10/blog-post_13.html のリンクを変換しています... 47.
38-9
www.tunnelpoemer.com/2018/02/1.html のリンクを変換しています... 40.
31-9
www.tunnelpoemer.com/2017/10/blog-post_4.html のリンクを変換しています... 47.
38-9
www.tunnelpoemer.com/2019/06/blog-post_24.html のリンクを変換しています... 51.
42-9
www.tunnelpoemer.com/2021/03/blog-post_10.html のリンクを変換しています... 53.
44-9
www.tunnelpoemer.com/2021/08/blog-post_15.html のリンクを変換しています... 43.
34-9
www.tunnelpoemer.com/2023/02/blog-post_19.html のリンクを変換しています... 38.
29-9
www.tunnelpoemer.com/2019/03/blog-post_45.html のリンクを変換しています... 50.
41-9
www.tunnelpoemer.com/2020/05/8606f.html のリンクを変換しています... 45.
36-9
www.tunnelpoemer.com/2021/03/blog-post_17.html のリンクを変換しています... 53.
44-9
www.tunnelpoemer.com/2020/10/blog-post_78.html のリンクを変換しています... 49.
40-9
www.tunnelpoemer.com/2020/08/blog-post_25.html のリンクを変換しています... 35.
26-9
www.tunnelpoemer.com/2017/09/blog-post_94.html のリンクを変換しています... 39.
30-9
www.tunnelpoemer.com/2018/01/lse.html のリンクを変換しています... 36.
27-9
www.tunnelpoemer.com/2019/09/blog-post_4.html のリンクを変換しています... 45.
36-9
www.tunnelpoemer.com/2021/06/lra.html のリンクを変換しています... 46.
37-9
www.tunnelpoemer.com/2020/05/blog-post_7.html のリンクを変換しています... 45.
36-9
www.tunnelpoemer.com/2021/02/blog-post_23.html のリンクを変換しています... 43.
34-9
www.tunnelpoemer.com/2019/07/blog-post_0.html のリンクを変換しています... 53.
44-9
www.tunnelpoemer.com/2021/04/blog-post_11.html のリンクを変換しています... 48.
39-9
www.tunnelpoemer.com/2021/07/blog-post_28.html のリンクを変換しています... 43.
34-9
www.tunnelpoemer.com/2020/10/blog-post_13.html のリンクを変換しています... 49.
40-9
www.tunnelpoemer.com/2021/05/blog-post_24.html のリンクを変換しています... 51.
42-9
www.tunnelpoemer.com/2019/01/blog-post_14.html のリンクを変換しています... 39.
30-9
www.tunnelpoemer.com/2020/10/yo.html のリンクを変換しています... 49.
40-9
www.tunnelpoemer.com/2020/11/blog-post_26.html のリンクを変換しています... 40.
31-9
www.tunnelpoemer.com/2023/03/blog-post.html のリンクを変換しています... 42.
33-9
www.tunnelpoemer.com/2019/11/blog-post_10.html のリンクを変換しています... 40.
31-9
www.tunnelpoemer.com/2021/06/blog-post_6.html のリンクを変換しています... 46.
37-9
www.tunnelpoemer.com/2017/08/blog-post_23.html のリンクを変換しています... 38.
29-9
www.tunnelpoemer.com/2017/10/blog-post_20.html のリンクを変換しています... 47.
38-9
www.tunnelpoemer.com/2020/03/blog-post_30.html のリンクを変換しています... 42.
33-9
www.tunnelpoemer.com/2019/08/13.html のリンクを変換しています... 46.
37-9
www.tunnelpoemer.com/2021/08/blog-post_22.html のリンクを変換しています... 43.
34-9
www.tunnelpoemer.com/2023/02/blog-post_5.html のリンクを変換しています... 38.
29-9
www.tunnelpoemer.com/2019/08/1012f.html のリンクを変換しています... 46.
37-9
www.tunnelpoemer.com/2019/05/blog-post_25.html のリンクを変換しています... 54.
45-9
www.tunnelpoemer.com/2021/03/blog-post_24.html のリンクを変換しています... 53.
44-9
www.tunnelpoemer.com/2021/03/blog-post_2.html のリンクを変換しています... 53.
44-9
www.tunnelpoemer.com/2019/10/2.html のリンクを変換しています... 45.
36-9
www.tunnelpoemer.com/2021/03/blog-post.html のリンクを変換しています... 53.
44-9
www.tunnelpoemer.com/2019/07/blog-post_13.html のリンクを変換しています... 53.
44-9
www.tunnelpoemer.com/2021/08/blog-post_29.html のリンクを変換しています... 43.
34-9
www.tunnelpoemer.com/2019/03/blog-post.html のリンクを変換しています... 50.
41-9
www.tunnelpoemer.com/2019/10/blog-post_23.html のリンクを変換しています... 45.
36-9
www.tunnelpoemer.com/2019/10/h.html のリンクを変換しています... 45.
36-9
www.tunnelpoemer.com/2018/02/blog-post_28.html のリンクを変換しています... 40.
31-9
www.tunnelpoemer.com/2020/01/blog-post.html のリンクを変換しています... 42.
33-9
www.tunnelpoemer.com/2018/03/n9.html のリンクを変換しています... 38.
29-9
www.tunnelpoemer.com/2021/05/o.html のリンクを変換しています... 51.
42-9
www.tunnelpoemer.com/2018/02/x2.html のリンクを変換しています... 40.
31-9
www.tunnelpoemer.com/2020/08/blog-post.html のリンクを変換しています... 35.
26-9
www.tunnelpoemer.com/2019/07/blog-post.html のリンクを変換しています... 53.
44-9
www.tunnelpoemer.com/2019/04/blog-post_7.html のリンクを変換しています... 40.
31-9
www.tunnelpoemer.com/2020/05/blog-post.html のリンクを変換しています... 45.
36-9
www.tunnelpoemer.com/2017/08/115.html のリンクを変換しています... 38.
29-9
www.tunnelpoemer.com/2020/10/blog-post_20.html のリンクを変換しています... 49.
40-9
www.tunnelpoemer.com/2021/01/blog-post_24.html のリンクを変換しています... 49.
40-9
www.tunnelpoemer.com/2020/05/blog-post_29.html のリンクを変換しています... 45.
36-9
www.tunnelpoemer.com/2021/05/blog-post_16.html のリンクを変換しています... 51.
42-9
www.tunnelpoemer.com/2021/02/blog-post_9.html のリンクを変換しています... 43.
34-9
www.tunnelpoemer.com/2021/01/blog-post_2.html のリンクを変換しています... 49.
40-9
www.tunnelpoemer.com/2017/10/blog-post_6.html のリンクを変換しています... 47.
38-9
www.tunnelpoemer.com/2019/05/blog-post_13.html のリンクを変換しています... 54.
45-9
www.tunnelpoemer.com/2019/09/blog-post_20.html のリンクを変換しています... 45.
36-9
www.tunnelpoemer.com/2018/02/blog-post.html のリンクを変換しています... 40.
31-9
www.tunnelpoemer.com/2021/03/blog-post_12.html のリンクを変換しています... 53.
44-9
www.tunnelpoemer.com/2021/05/2006516.html のリンクを変換しています... 51.
42-9
www.tunnelpoemer.com/2019/06/blog-post_26.html のリンクを変換しています... 51.
42-9
www.tunnelpoemer.com/2021/05/blog-post_31.html のリンクを変換しています... 51.
42-9
www.tunnelpoemer.com/2021/05/blog-post_84.html のリンクを変換しています... 51.
42-9
www.tunnelpoemer.com/2021/09/blog-post_23.html のリンクを変換しています... 42.
33-9
425 個のファイルのリンクを 0.4 秒で変換しました。
